2026-01-30 12:21:00,968 - INFO - Starting Licensing Board Scraper Application
2026-01-30 12:21:00,968 - INFO - Initializing Scraper Service...
2026-01-30 12:21:00,968 - INFO - Fetching https://www.boston.gov/departments/licensing-board/licensing-board-information-and-members...
2026-01-30 12:21:02,795 - INFO - Parsing links...
2026-01-30 12:21:02,832 - INFO - Saving 404 video links to /Users/dan/Code/Vibe_Coding/Code_For_Boston/boston-liquor-license-tracker/scraper/scrape/data/hearing_video_links.json...
2026-01-30 12:21:02,833 - INFO - Saved data to /Users/dan/Code/Vibe_Coding/Code_For_Boston/boston-liquor-license-tracker/scraper/scrape/data/hearing_video_links.json
2026-01-30 12:21:02,833 - INFO - Extracting dates...
2026-01-30 12:21:02,834 - INFO - Saving 141 minutes links...
2026-01-30 12:21:02,835 - INFO - Saved data to /Users/dan/Code/Vibe_Coding/Code_For_Boston/boston-liquor-license-tracker/scraper/scrape/data/voting_minutes_links.json
2026-01-30 12:21:02,835 - INFO - Link stats:
2026-01-30 12:21:02,835 - INFO - total_links: 605
2026-01-30 12:21:02,835 - INFO - client_side_links: 15
2026-01-30 12:21:02,835 - INFO - excluded_links: 45
2026-01-30 12:21:02,835 - INFO - video_links: 404
2026-01-30 12:21:02,835 - INFO - minutes_links: 141
2026-01-30 12:21:02,835 - INFO - Stats logged to /Users/dan/Code/Vibe_Coding/Code_For_Boston/boston-liquor-license-tracker/scraper/scrape/data/link_stats_log.csv
2026-01-30 12:21:02,835 - INFO - Scraping completed.
2026-01-30 12:21:02,835 - INFO - Initializing Downloader Service...
2026-01-30 12:21:02,835 - INFO - Starting download process...
2026-01-30 12:21:03,115 - INFO - Saved voting_minutes_2026-01-08.pdf
2026-01-30 12:21:03,321 - INFO - Saved voting_minutes_2026-01-29.pdf
2026-01-30 12:21:03,542 - INFO - Saved voting_minutes_2025-01-09.pdf
2026-01-30 12:21:03,756 - INFO - Saved voting_minutes_2025-01-16.pdf
2026-01-30 12:21:03,980 - INFO - Saved voting_minutes_2025-01-23.pdf
2026-01-30 12:21:04,215 - INFO - Saved voting_minutes_2025-02-13.pdf
2026-01-30 12:21:04,457 - INFO - Saved voting_minutes_2025-02-27.pdf
2026-01-30 12:21:04,680 - INFO - Saved voting_minutes_2025-03-06.pdf
2026-01-30 12:21:04,931 - INFO - Saved voting_minutes_2025-03-27.pdf
2026-01-30 12:21:05,179 - INFO - Saved voting_minutes_2025-04-03.pdf
2026-01-30 12:21:05,425 - INFO - Saved voting_minutes_2025-04-17.pdf
2026-01-30 12:21:05,758 - INFO - Saved voting_minutes_2025-05-01.pdf
2026-01-30 12:21:05,989 - INFO - Saved voting_minutes_2025-05-15.pdf
2026-01-30 12:21:06,234 - INFO - Saved voting_minutes_2025-05-29.pdf
2026-01-30 12:21:06,447 - INFO - Saved voting_minutes_2025-06-05.pdf
2026-01-30 12:21:06,686 - INFO - Saved voting_minutes_2025-06-26.pdf
2026-01-30 12:21:06,926 - INFO - Saved voting_minutes_2025-07-17.pdf
2026-01-30 12:21:07,178 - INFO - Saved voting_minutes_2025-07-31.pdf
2026-01-30 12:21:07,452 - INFO - Saved voting_minutes_2025-08-07.pdf
2026-01-30 12:21:07,744 - INFO - Saved voting_minutes_2025-08-28.pdf
2026-01-30 12:21:07,966 - INFO - Saved voting_minutes_2025-09-18.pdf
2026-01-30 12:21:08,208 - INFO - Saved voting_minutes_2025-10-23.pdf
2026-01-30 12:21:10,250 - INFO - Saved voting_minutes_yyyy-11-06.pdf
2026-01-30 12:21:12,174 - INFO - Saved voting_minutes_yyyy-11-20.pdf
2026-01-30 12:21:12,433 - INFO - Saved voting_minutes_2025-12-04.pdf
2026-01-30 12:21:12,657 - INFO - Saved voting_minutes_2025-12-18.pdf
2026-01-30 12:21:12,865 - INFO - Saved voting_minutes_2024-01-04.pdf
2026-01-30 12:21:13,080 - INFO - Saved voting_minutes_2024-02-01.pdf
2026-01-30 12:21:13,264 - INFO - Saved voting_minutes_2024-02-08.pdf
2026-01-30 12:21:13,469 - INFO - Saved voting_minutes_2024-02-29.pdf
2026-01-30 12:21:13,661 - INFO - Saved voting_minutes_2024-03-07.pdf
2026-01-30 12:21:13,861 - INFO - Saved voting_minutes_2024-03-28.pdf
2026-01-30 12:21:14,055 - INFO - Saved voting_minutes_2024-04-04.pdf
2026-01-30 12:21:14,245 - INFO - Saved voting_minutes_2024-04-25.pdf
2026-01-30 12:21:14,462 - INFO - Saved voting_minutes_2024-05-01.pdf
2026-01-30 12:21:14,680 - INFO - Saved voting_minutes_2024-05-23.pdf
2026-01-30 12:21:14,858 - INFO - Saved voting_minutes_2024-06-06.pdf
2026-01-30 12:21:15,136 - INFO - Saved voting_minutes_2024-06-26.pdf
2026-01-30 12:21:15,350 - INFO - Saved voting_minutes_2024-07-11.pdf
2026-01-30 12:21:15,568 - INFO - Saved voting_minutes_2024-08-01.pdf
2026-01-30 12:21:15,759 - INFO - Saved voting_minutes_2024-08-08.pdf
2026-01-30 12:21:15,987 - INFO - Saved voting_minutes_2024-08-22.pdf
2026-01-30 12:21:16,248 - INFO - Saved voting_minutes_2024-09-12.pdf
2026-01-30 12:21:16,439 - INFO - Saved voting_minutes_2024-09-26.pdf
2026-01-30 12:21:16,644 - INFO - Saved voting_minutes_2024-10-17.pdf
2026-01-30 12:21:16,872 - INFO - Saved voting_minutes_2024-10-31.pdf
2026-01-30 12:21:17,061 - INFO - Saved voting_minutes_2024-11-14.pdf
2026-01-30 12:21:17,333 - INFO - Saved voting_minutes_2024-11-21.pdf
2026-01-30 12:21:17,537 - INFO - Saved voting_minutes_2024-12-12.pdf
2026-01-30 12:21:17,734 - INFO - Saved voting_minutes_2023-01-05.pdf
2026-01-30 12:21:17,929 - INFO - Saved voting_minutes_2023-01-25.pdf
2026-01-30 12:21:18,146 - INFO - Saved voting_minutes_2023-02-02.pdf
2026-01-30 12:21:18,343 - INFO - Saved voting_minutes_2023-02-16.pdf
2026-01-30 12:21:18,561 - INFO - Saved voting_minutes_2023-03-08.pdf
2026-01-30 12:21:18,759 - INFO - Saved voting_minutes_2023-03-30.pdf
2026-01-30 12:21:18,971 - INFO - Saved voting_minutes_2023-04-06.pdf
2026-01-30 12:21:19,208 - INFO - Saved voting_minutes_2023-04-27.pdf
2026-01-30 12:21:19,398 - INFO - Saved voting_minutes_2023-05-04.pdf
2026-01-30 12:21:19,601 - INFO - Saved voting_minutes_2023-05-25.pdf
2026-01-30 12:21:19,800 - INFO - Saved voting_minutes_2023-06-08.pdf
2026-01-30 12:21:19,968 - INFO - Saved voting_minutes_2023-06-29.pdf
2026-01-30 12:21:20,200 - INFO - Saved voting_minutes_2023-07-20.pdf
2026-01-30 12:21:20,397 - INFO - Saved voting_minutes_2023-08-17.pdf
2026-01-30 12:21:20,620 - INFO - Saved voting_minutes_2023-09-14.pdf
2026-01-30 12:21:20,810 - INFO - Saved voting_minutes_2023-09-28.pdf
2026-01-30 12:21:21,019 - INFO - Saved voting_minutes_2023-10-04.pdf
2026-01-30 12:21:21,212 - INFO - Saved voting_minutes_2023-10-26.pdf
2026-01-30 12:21:21,442 - INFO - Saved voting_minutes_2023-11-02.pdf
2026-01-30 12:21:21,598 - INFO - Saved voting_minutes_2023-11-16.pdf
2026-01-30 12:21:21,812 - INFO - Saved voting_minutes_2023-12-14.pdf
2026-01-30 12:21:22,021 - INFO - Saved voting_minutes_2022-01-06.pdf
2026-01-30 12:21:22,227 - INFO - Saved voting_minutes_2022-01-20.pdf
2026-01-30 12:21:22,478 - INFO - Saved voting_minutes_2022-01-27.pdf
2026-01-30 12:21:22,754 - INFO - Saved voting_minutes_2022-02-03.pdf
2026-01-30 12:21:22,969 - INFO - Saved voting_minutes_2022-02-17.pdf
2026-01-30 12:21:23,239 - INFO - Saved voting_minutes_2022-03-03.pdf
2026-01-30 12:21:23,440 - INFO - Saved voting_minutes_2022-03-24.pdf
2026-01-30 12:21:23,632 - INFO - Saved voting_minutes_2022-04-07.pdf
2026-01-30 12:21:23,805 - INFO - Saved voting_minutes_2022-04-28.pdf
2026-01-30 12:21:24,011 - INFO - Saved voting_minutes_2022-05-05.pdf
2026-01-30 12:21:24,238 - INFO - Saved voting_minutes_2022-05-26.pdf
2026-01-30 12:21:24,453 - INFO - Saved voting_minutes_2022-06-08.pdf
2026-01-30 12:21:24,625 - INFO - Saved voting_minutes_2022-06-30.pdf
2026-01-30 12:21:24,973 - INFO - Saved voting_minutes_2022-07-14.pdf
2026-01-30 12:21:25,148 - INFO - Saved voting_minutes_2022-07-28.pdf
2026-01-30 12:21:25,337 - INFO - Saved voting_minutes_2022-08-04.pdf
2026-01-30 12:21:25,510 - INFO - Saved voting_minutes_2022-08-25.pdf
2026-01-30 12:21:25,686 - INFO - Saved voting_minutes_2022-09-15.pdf
2026-01-30 12:21:25,880 - INFO - Saved voting_minutes_2022-09-29.pdf
2026-01-30 12:21:26,075 - INFO - Saved voting_minutes_2022-10-06.pdf
2026-01-30 12:21:26,269 - INFO - Saved voting_minutes_2022-10-26.pdf
2026-01-30 12:21:26,452 - INFO - Saved voting_minutes_2022-11-03.pdf
2026-01-30 12:21:26,647 - INFO - Saved voting_minutes_2022-11-17.pdf
2026-01-30 12:21:26,862 - INFO - Saved voting_minutes_2022-12-15.pdf
2026-01-30 12:21:27,067 - INFO - Saved voting_minutes_2021-01-21.pdf
2026-01-30 12:21:27,254 - INFO - Saved voting_minutes_2021-01-28.pdf
2026-01-30 12:21:27,447 - INFO - Saved voting_minutes_2021-02-04.pdf
2026-01-30 12:21:27,652 - INFO - Saved voting_minutes_2021-02-25.pdf
2026-01-30 12:21:27,842 - INFO - Saved voting_minutes_2021-03-04.pdf
2026-01-30 12:21:28,024 - INFO - Saved voting_minutes_2021-04-01.pdf
2026-01-30 12:21:28,216 - INFO - Saved voting_minutes_yyyy-mm-dd.pdf
2026-01-30 12:21:28,410 - INFO - Saved voting_minutes_2021-04-08.pdf
2026-01-30 12:21:28,576 - INFO - No change - voting_minutes_yyyy-mm-dd.pdf is up to date
2026-01-30 12:21:28,741 - INFO - Saved voting_minutes_2021-04-20.pdf
2026-01-30 12:21:28,934 - INFO - Saved voting_minutes_2021-04-29.pdf
2026-01-30 12:21:29,149 - INFO - Saved voting_minutes_2021-05-06.pdf
2026-01-30 12:21:29,348 - INFO - Saved voting_minutes_2021-05-27.pdf
2026-01-30 12:21:29,550 - INFO - Saved voting_minutes_2021-06-03.pdf
2026-01-30 12:21:29,758 - INFO - Saved voting_minutes_2021-06-24.pdf
2026-01-30 12:21:29,954 - INFO - Saved voting_minutes_2021-07-01.pdf
2026-01-30 12:21:30,247 - INFO - Saved voting_minutes_2021-07-29.pdf
2026-01-30 12:21:30,438 - INFO - Saved voting_minutes_2021-08-09.pdf
2026-01-30 12:21:30,879 - INFO - Saved voting_minutes_2021-08-26.pdf
2026-01-30 12:21:31,080 - INFO - Saved voting_minutes_2021-09-02.pdf
2026-01-30 12:21:31,260 - INFO - Saved voting_minutes_2021-09-30.pdf
2026-01-30 12:21:31,471 - INFO - Saved voting_minutes_2021-10-07.pdf
2026-01-30 12:21:31,658 - INFO - Saved voting_minutes_2021-10-28.pdf
2026-01-30 12:21:31,881 - INFO - Saved voting_minutes_2021-11-04.pdf
2026-01-30 12:21:32,137 - INFO - Saved voting_minutes_2021-11-18.pdf
2026-01-30 12:21:32,342 - INFO - Saved voting_minutes_2021-12-02.pdf
2026-01-30 12:21:32,548 - INFO - Saved voting_minutes_2021-12-16.pdf
2026-01-30 12:21:32,778 - INFO - Saved voting_minutes_2020-12-23.pdf
2026-01-30 12:21:32,966 - INFO - Saved voting_minutes_2020-12-03.pdf
2026-01-30 12:21:33,175 - INFO - Saved voting_minutes_2020-11-05.pdf
2026-01-30 12:21:33,355 - INFO - Saved voting_minutes_2020-10-29.pdf
2026-01-30 12:21:33,551 - INFO - Saved voting_minutes_2020-10-08.pdf
2026-01-30 12:21:33,763 - INFO - Saved voting_minutes_2020-10-01.pdf
2026-01-30 12:21:33,960 - INFO - Saved voting_minutes_2020-09-17.pdf
2026-01-30 12:21:34,164 - INFO - Saved voting_minutes_2020-09-10.pdf
2026-01-30 12:21:34,352 - INFO - No change - voting_minutes_2020-09-10.pdf is up to date
2026-01-30 12:21:34,532 - INFO - Saved voting_minutes_2020-08-20.pdf
2026-01-30 12:21:34,729 - INFO - Saved voting_minutes_2020-08-13.pdf
2026-01-30 12:21:34,938 - INFO - Saved voting_minutes_2020-07-30.pdf
2026-01-30 12:21:35,156 - INFO - Saved voting_minutes_2020-07-16.pdf
2026-01-30 12:21:35,374 - INFO - Saved voting_minutes_2020-06-04.pdf
2026-01-30 12:21:35,568 - INFO - Saved voting_minutes_2020-05-28.pdf
2026-01-30 12:21:35,805 - INFO - Saved voting_minutes_2020-05-21.pdf
2026-01-30 12:21:35,998 - INFO - Saved voting_minutes_2020-05-14.pdf
2026-01-30 12:21:36,193 - INFO - Saved voting_minutes_2020-05-07.pdf
2026-01-30 12:21:36,420 - INFO - Saved voting_minutes_2020-04-23.pdf
2026-01-30 12:21:36,611 - INFO - Saved voting_minutes_2020-04-30.pdf
2026-01-30 12:21:36,612 - INFO - Download process completed.
2026-01-30 12:21:36,612 - INFO - Application finished successfully.
2026-01-30 12:21:36,612 - INFO - Total runtime: 0 minutes 35.64 seconds
2026-01-30 12:41:29,877 - INFO - Starting Licensing Board Scraper Application
2026-01-30 12:41:29,877 - INFO - Initializing Scraper Service...
2026-01-30 12:41:29,877 - INFO - Fetching https://www.boston.gov/departments/licensing-board/licensing-board-information-and-members...
2026-01-30 12:41:31,880 - INFO - Parsing links...
2026-01-30 12:41:31,914 - INFO - Saving 404 video links to /Users/dan/Code/Vibe_Coding/Code_For_Boston/boston-liquor-license-tracker/scraper/scrape/data/hearing_video_links.json...
2026-01-30 12:41:31,915 - INFO - Saved data to /Users/dan/Code/Vibe_Coding/Code_For_Boston/boston-liquor-license-tracker/scraper/scrape/data/hearing_video_links.json
2026-01-30 12:41:31,915 - INFO - Extracting dates...
2026-01-30 12:41:31,916 - INFO - Saving 141 minutes links...
2026-01-30 12:41:31,916 - INFO - Saved data to /Users/dan/Code/Vibe_Coding/Code_For_Boston/boston-liquor-license-tracker/scraper/scrape/data/voting_minutes_links.json
2026-01-30 12:41:31,916 - INFO - Link stats:
2026-01-30 12:41:31,916 - INFO - total_links: 605
2026-01-30 12:41:31,916 - INFO - client_side_links: 15
2026-01-30 12:41:31,916 - INFO - excluded_links: 45
2026-01-30 12:41:31,916 - INFO - video_links: 404
2026-01-30 12:41:31,916 - INFO - minutes_links: 141
2026-01-30 12:41:31,917 - INFO - Stats logged to /Users/dan/Code/Vibe_Coding/Code_For_Boston/boston-liquor-license-tracker/scraper/scrape/data/link_stats_log.csv
2026-01-30 12:41:31,917 - INFO - Scraping completed.
2026-01-30 12:41:31,917 - INFO - Initializing Downloader Service with download_dir: ./voting_minutes_pdfs2
2026-01-30 12:41:31,917 - INFO - Starting download process...
2026-01-30 12:41:32,133 - INFO - Saved voting_minutes_2026-01-08.pdf
2026-01-30 12:41:32,990 - INFO - Saved voting_minutes_2026-01-29.pdf
2026-01-30 12:41:33,176 - INFO - Saved voting_minutes_2025-01-09.pdf
2026-01-30 12:41:33,374 - INFO - Saved voting_minutes_2025-01-16.pdf
2026-01-30 12:41:33,560 - INFO - Saved voting_minutes_2025-01-23.pdf
2026-01-30 12:41:33,769 - INFO - Saved voting_minutes_2025-02-13.pdf
2026-01-30 12:41:33,975 - INFO - Saved voting_minutes_2025-02-27.pdf
2026-01-30 12:41:34,162 - INFO - Saved voting_minutes_2025-03-06.pdf
2026-01-30 12:41:34,367 - INFO - Saved voting_minutes_2025-03-27.pdf
2026-01-30 12:41:34,563 - INFO - Saved voting_minutes_2025-04-03.pdf
2026-01-30 12:41:34,739 - INFO - Saved voting_minutes_2025-04-17.pdf
2026-01-30 12:41:34,959 - INFO - Saved voting_minutes_2025-05-01.pdf
2026-01-30 12:41:35,167 - INFO - Saved voting_minutes_2025-05-15.pdf
2026-01-30 12:41:35,366 - INFO - Saved voting_minutes_2025-05-29.pdf
2026-01-30 12:41:35,567 - INFO - Saved voting_minutes_2025-06-05.pdf
2026-01-30 12:41:35,862 - INFO - Saved voting_minutes_2025-06-26.pdf
2026-01-30 12:41:36,084 - INFO - Saved voting_minutes_2025-07-17.pdf
2026-01-30 12:41:36,264 - INFO - Saved voting_minutes_2025-07-31.pdf
2026-01-30 12:41:36,447 - INFO - Saved voting_minutes_2025-08-07.pdf
2026-01-30 12:41:36,666 - INFO - Saved voting_minutes_2025-08-28.pdf
2026-01-30 12:41:36,861 - INFO - Saved voting_minutes_2025-09-18.pdf
2026-01-30 12:41:37,072 - INFO - Saved voting_minutes_2025-10-23.pdf
2026-01-30 12:41:39,756 - INFO - Saved voting_minutes_yyyy-11-06.pdf
2026-01-30 12:41:41,643 - INFO - Saved voting_minutes_yyyy-11-20.pdf
2026-01-30 12:41:41,913 - INFO - Saved voting_minutes_2025-12-04.pdf
2026-01-30 12:41:42,103 - INFO - Saved voting_minutes_2025-12-18.pdf
2026-01-30 12:41:42,285 - INFO - Saved voting_minutes_2024-01-04.pdf
2026-01-30 12:41:42,451 - INFO - Saved voting_minutes_2024-02-01.pdf
2026-01-30 12:41:42,616 - INFO - Saved voting_minutes_2024-02-08.pdf
2026-01-30 12:41:42,836 - INFO - Saved voting_minutes_2024-02-29.pdf
2026-01-30 12:41:43,003 - INFO - Saved voting_minutes_2024-03-07.pdf
2026-01-30 12:41:43,175 - INFO - Saved voting_minutes_2024-03-28.pdf
2026-01-30 12:41:43,331 - INFO - Saved voting_minutes_2024-04-04.pdf
2026-01-30 12:41:43,500 - INFO - Saved voting_minutes_2024-04-25.pdf
2026-01-30 12:41:43,667 - INFO - Saved voting_minutes_2024-05-01.pdf
2026-01-30 12:41:43,834 - INFO - Saved voting_minutes_2024-05-23.pdf
2026-01-30 12:41:44,002 - INFO - Saved voting_minutes_2024-06-06.pdf
2026-01-30 12:41:44,171 - INFO - Saved voting_minutes_2024-06-26.pdf
2026-01-30 12:41:44,352 - INFO - Saved voting_minutes_2024-07-11.pdf
2026-01-30 12:41:44,515 - INFO - Saved voting_minutes_2024-08-01.pdf
2026-01-30 12:41:44,666 - INFO - Saved voting_minutes_2024-08-08.pdf
2026-01-30 12:41:44,848 - INFO - Saved voting_minutes_2024-08-22.pdf
2026-01-30 12:41:45,018 - INFO - Saved voting_minutes_2024-09-12.pdf
2026-01-30 12:41:45,189 - INFO - Saved voting_minutes_2024-09-26.pdf
2026-01-30 12:41:45,374 - INFO - Saved voting_minutes_2024-10-17.pdf
2026-01-30 12:41:45,558 - INFO - Saved voting_minutes_2024-10-31.pdf
2026-01-30 12:41:45,738 - INFO - Saved voting_minutes_2024-11-14.pdf
2026-01-30 12:41:45,900 - INFO - Saved voting_minutes_2024-11-21.pdf
2026-01-30 12:41:46,075 - INFO - Saved voting_minutes_2024-12-12.pdf
2026-01-30 12:41:46,238 - INFO - Saved voting_minutes_2023-01-05.pdf
2026-01-30 12:41:46,398 - INFO - Saved voting_minutes_2023-01-25.pdf
2026-01-30 12:41:46,564 - INFO - Saved voting_minutes_2023-02-02.pdf
2026-01-30 12:41:46,720 - INFO - Saved voting_minutes_2023-02-16.pdf
2026-01-30 12:41:46,883 - INFO - Saved voting_minutes_2023-03-08.pdf
2026-01-30 12:41:47,065 - INFO - Saved voting_minutes_2023-03-30.pdf
2026-01-30 12:41:47,239 - INFO - Saved voting_minutes_2023-04-06.pdf
2026-01-30 12:41:47,417 - INFO - Saved voting_minutes_2023-04-27.pdf
2026-01-30 12:41:47,633 - INFO - Saved voting_minutes_2023-05-04.pdf
2026-01-30 12:41:47,790 - INFO - Saved voting_minutes_2023-05-25.pdf
2026-01-30 12:41:47,990 - INFO - Saved voting_minutes_2023-06-08.pdf
2026-01-30 12:41:48,146 - INFO - Saved voting_minutes_2023-06-29.pdf
2026-01-30 12:41:48,319 - INFO - Saved voting_minutes_2023-07-20.pdf
2026-01-30 12:41:48,498 - INFO - Saved voting_minutes_2023-08-17.pdf
2026-01-30 12:41:48,701 - INFO - Saved voting_minutes_2023-09-14.pdf
2026-01-30 12:41:48,869 - INFO - Saved voting_minutes_2023-09-28.pdf
2026-01-30 12:41:49,029 - INFO - Saved voting_minutes_2023-10-04.pdf
2026-01-30 12:41:49,201 - INFO - Saved voting_minutes_2023-10-26.pdf
2026-01-30 12:41:49,366 - INFO - Saved voting_minutes_2023-11-02.pdf
2026-01-30 12:41:49,533 - INFO - Saved voting_minutes_2023-11-16.pdf
2026-01-30 12:41:49,708 - INFO - Saved voting_minutes_2023-12-14.pdf
2026-01-30 12:41:49,879 - INFO - Saved voting_minutes_2022-01-06.pdf
2026-01-30 12:41:50,063 - INFO - Saved voting_minutes_2022-01-20.pdf
2026-01-30 12:41:50,261 - INFO - Saved voting_minutes_2022-01-27.pdf
2026-01-30 12:41:50,422 - INFO - Saved voting_minutes_2022-02-03.pdf
2026-01-30 12:41:50,583 - INFO - Saved voting_minutes_2022-02-17.pdf
2026-01-30 12:41:50,742 - INFO - Saved voting_minutes_2022-03-03.pdf
2026-01-30 12:41:50,898 - INFO - Saved voting_minutes_2022-03-24.pdf
2026-01-30 12:41:51,062 - INFO - Saved voting_minutes_2022-04-07.pdf
2026-01-30 12:41:51,235 - INFO - Saved voting_minutes_2022-04-28.pdf
2026-01-30 12:41:51,407 - INFO - Saved voting_minutes_2022-05-05.pdf
2026-01-30 12:41:51,633 - INFO - Saved voting_minutes_2022-05-26.pdf
2026-01-30 12:41:51,803 - INFO - Saved voting_minutes_2022-06-08.pdf
2026-01-30 12:41:51,991 - INFO - Saved voting_minutes_2022-06-30.pdf
2026-01-30 12:41:52,155 - INFO - Saved voting_minutes_2022-07-14.pdf
2026-01-30 12:41:52,321 - INFO - Saved voting_minutes_2022-07-28.pdf
2026-01-30 12:41:52,502 - INFO - Saved voting_minutes_2022-08-04.pdf
2026-01-30 12:41:52,662 - INFO - Saved voting_minutes_2022-08-25.pdf
2026-01-30 12:41:52,822 - INFO - Saved voting_minutes_2022-09-15.pdf
2026-01-30 12:41:52,981 - INFO - Saved voting_minutes_2022-09-29.pdf
2026-01-30 12:41:53,140 - INFO - Saved voting_minutes_2022-10-06.pdf
2026-01-30 12:41:53,308 - INFO - Saved voting_minutes_2022-10-26.pdf
2026-01-30 12:41:53,476 - INFO - Saved voting_minutes_2022-11-03.pdf
2026-01-30 12:41:53,645 - INFO - Saved voting_minutes_2022-11-17.pdf
2026-01-30 12:41:53,820 - INFO - Saved voting_minutes_2022-12-15.pdf
2026-01-30 12:41:53,970 - INFO - Saved voting_minutes_2021-01-21.pdf
2026-01-30 12:41:54,124 - INFO - Saved voting_minutes_2021-01-28.pdf
2026-01-30 12:41:54,278 - INFO - Saved voting_minutes_2021-02-04.pdf
2026-01-30 12:41:54,451 - INFO - Saved voting_minutes_2021-02-25.pdf
2026-01-30 12:41:54,641 - INFO - Saved voting_minutes_2021-03-04.pdf
2026-01-30 12:41:54,801 - INFO - Saved voting_minutes_2021-04-01.pdf
2026-01-30 12:41:54,967 - INFO - Saved voting_minutes_yyyy-mm-dd.pdf
2026-01-30 12:41:55,135 - INFO - Saved voting_minutes_2021-04-08.pdf
2026-01-30 12:41:55,301 - INFO - No change - voting_minutes_yyyy-mm-dd.pdf is up to date
2026-01-30 12:41:55,437 - INFO - Saved voting_minutes_2021-04-20.pdf
2026-01-30 12:41:55,606 - INFO - Saved voting_minutes_2021-04-29.pdf
2026-01-30 12:41:55,769 - INFO - Saved voting_minutes_2021-05-06.pdf
2026-01-30 12:41:55,928 - INFO - Saved voting_minutes_2021-05-27.pdf
2026-01-30 12:41:56,089 - INFO - Saved voting_minutes_2021-06-03.pdf
2026-01-30 12:41:56,254 - INFO - Saved voting_minutes_2021-06-24.pdf
2026-01-30 12:41:56,428 - INFO - Saved voting_minutes_2021-07-01.pdf
2026-01-30 12:41:56,630 - INFO - Saved voting_minutes_2021-07-29.pdf
2026-01-30 12:41:56,793 - INFO - Saved voting_minutes_2021-08-09.pdf
2026-01-30 12:41:57,051 - INFO - Saved voting_minutes_2021-08-26.pdf
2026-01-30 12:41:57,251 - INFO - Saved voting_minutes_2021-09-02.pdf
2026-01-30 12:41:57,499 - INFO - Saved voting_minutes_2021-09-30.pdf
2026-01-30 12:41:57,680 - INFO - Saved voting_minutes_2021-10-07.pdf
2026-01-30 12:41:57,855 - INFO - Saved voting_minutes_2021-10-28.pdf
2026-01-30 12:41:58,026 - INFO - Saved voting_minutes_2021-11-04.pdf
2026-01-30 12:41:58,184 - INFO - Saved voting_minutes_2021-11-18.pdf
2026-01-30 12:41:58,353 - INFO - Saved voting_minutes_2021-12-02.pdf
2026-01-30 12:41:58,525 - INFO - Saved voting_minutes_2021-12-16.pdf
2026-01-30 12:41:58,674 - INFO - Saved voting_minutes_2020-12-23.pdf
2026-01-30 12:41:58,832 - INFO - Saved voting_minutes_2020-12-03.pdf
2026-01-30 12:41:58,983 - INFO - Saved voting_minutes_2020-11-05.pdf
2026-01-30 12:41:59,157 - INFO - Saved voting_minutes_2020-10-29.pdf
2026-01-30 12:41:59,313 - INFO - Saved voting_minutes_2020-10-08.pdf
2026-01-30 12:41:59,497 - INFO - Saved voting_minutes_2020-10-01.pdf
2026-01-30 12:41:59,662 - INFO - Saved voting_minutes_2020-09-17.pdf
2026-01-30 12:41:59,818 - INFO - Saved voting_minutes_2020-09-10.pdf
2026-01-30 12:41:59,964 - INFO - No change - voting_minutes_2020-09-10.pdf is up to date
2026-01-30 12:42:00,120 - INFO - Saved voting_minutes_2020-08-20.pdf
2026-01-30 12:42:00,273 - INFO - Saved voting_minutes_2020-08-13.pdf
2026-01-30 12:42:00,435 - INFO - Saved voting_minutes_2020-07-30.pdf
2026-01-30 12:42:00,585 - INFO - Saved voting_minutes_2020-07-16.pdf
2026-01-30 12:42:00,734 - INFO - Saved voting_minutes_2020-06-04.pdf
2026-01-30 12:42:00,987 - INFO - Saved voting_minutes_2020-05-28.pdf
2026-01-30 12:42:01,149 - INFO - Saved voting_minutes_2020-05-21.pdf
2026-01-30 12:42:01,306 - INFO - Saved voting_minutes_2020-05-14.pdf
2026-01-30 12:42:01,471 - INFO - Saved voting_minutes_2020-05-07.pdf
2026-01-30 12:42:01,643 - INFO - Saved voting_minutes_2020-04-23.pdf
2026-01-30 12:42:01,799 - INFO - Saved voting_minutes_2020-04-30.pdf
2026-01-30 12:42:01,799 - INFO - Download process completed.
2026-01-30 12:42:01,799 - INFO - Application finished successfully.
2026-01-30 12:42:01,799 - INFO - Total runtime: 0 minutes 31.92 seconds
2026-03-16 00:40:47,013 - INFO - Starting Licensing Board Scraper Application
2026-03-16 00:40:47,013 - INFO - Initializing Scraper Service...
2026-03-16 00:40:47,013 - INFO - Fetching https://www.boston.gov/departments/licensing-board/licensing-board-information-and-members...
2026-03-16 00:40:49,236 - INFO - Parsing links...
2026-03-16 00:40:49,308 - INFO - Saving 408 video links to /home/runner/work/boston-liquor-license-tracker/boston-liquor-license-tracker/scraper/scrape/data/hearing_video_links.json...
2026-03-16 00:40:49,309 - INFO - Saved data to /home/runner/work/boston-liquor-license-tracker/boston-liquor-license-tracker/scraper/scrape/data/hearing_video_links.json
2026-03-16 00:40:49,310 - INFO - Extracting dates...
2026-03-16 00:40:49,311 - INFO - Saving 144 minutes links...
2026-03-16 00:40:49,312 - INFO - Saved data to /home/runner/work/boston-liquor-license-tracker/boston-liquor-license-tracker/scraper/scrape/data/voting_minutes_links.json
2026-03-16 00:40:49,312 - INFO - Link stats:
2026-03-16 00:40:49,312 - INFO - total_links: 612
2026-03-16 00:40:49,312 - INFO - client_side_links: 15
2026-03-16 00:40:49,313 - INFO - excluded_links: 45
2026-03-16 00:40:49,313 - INFO - video_links: 408
2026-03-16 00:40:49,313 - INFO - minutes_links: 144
2026-03-16 00:40:49,313 - INFO - Stats logged to /home/runner/work/boston-liquor-license-tracker/boston-liquor-license-tracker/scraper/scrape/data/link_stats_log.csv
2026-03-16 00:40:49,313 - INFO - Scraping completed.
2026-03-16 00:40:49,313 - INFO - Initializing Downloader Service with download_dir: ./data/voting_minutes_pdfs
2026-03-16 00:40:49,313 - INFO - Starting download process...
2026-03-16 00:40:50,227 - WARNING - Invalid PDF at https://www.boston.gov/departments/elections/how-add-your-name-annual-census. Adding to exclude list.
2026-03-16 00:40:50,699 - INFO - Saved voting_minutes_2026-01-08.pdf
2026-03-16 00:40:51,212 - INFO - Saved voting_minutes_2026-01-29.pdf
2026-03-16 00:40:51,644 - INFO - Saved voting_minutes_2026-02-12.pdf
2026-03-16 00:40:52,113 - INFO - Saved voting_minutes_2026-03-05.pdf
2026-03-16 00:40:52,338 - INFO - Saved voting_minutes_2025-01-09.pdf
2026-03-16 00:40:52,721 - INFO - Saved voting_minutes_2025-01-16.pdf
2026-03-16 00:40:52,924 - INFO - Saved voting_minutes_2025-01-23.pdf
2026-03-16 00:40:53,495 - INFO - Saved voting_minutes_2025-02-13.pdf
2026-03-16 00:40:53,920 - INFO - Saved voting_minutes_2025-02-27.pdf
2026-03-16 00:40:54,381 - INFO - Saved voting_minutes_2025-03-06.pdf
2026-03-16 00:40:54,665 - INFO - Saved voting_minutes_2025-03-27.pdf
2026-03-16 00:40:55,108 - INFO - Saved voting_minutes_2025-04-03.pdf
2026-03-16 00:40:55,608 - INFO - Saved voting_minutes_2025-04-17.pdf
2026-03-16 00:40:56,111 - INFO - Saved voting_minutes_2025-05-01.pdf
2026-03-16 00:40:56,597 - INFO - Saved voting_minutes_2025-05-15.pdf
2026-03-16 00:40:57,051 - INFO - Saved voting_minutes_2025-05-29.pdf
2026-03-16 00:40:57,490 - INFO - Saved voting_minutes_2025-06-05.pdf
2026-03-16 00:40:57,963 - INFO - Saved voting_minutes_2025-06-26.pdf
2026-03-16 00:40:58,530 - INFO - Saved voting_minutes_2025-07-17.pdf
2026-03-16 00:40:58,979 - INFO - Saved voting_minutes_2025-07-31.pdf
2026-03-16 00:40:59,127 - INFO - Saved voting_minutes_2025-08-07.pdf
2026-03-16 00:40:59,763 - INFO - Saved voting_minutes_2025-08-28.pdf
2026-03-16 00:41:00,310 - INFO - Saved voting_minutes_2025-09-18.pdf
2026-03-16 00:41:00,466 - INFO - Saved voting_minutes_2025-10-23.pdf
2026-03-16 00:41:02,143 - INFO - Saved voting_minutes_yyyy-11-06.pdf
2026-03-16 00:41:03,502 - INFO - Saved voting_minutes_yyyy-11-20.pdf
2026-03-16 00:41:03,957 - INFO - Saved voting_minutes_2025-12-04.pdf
2026-03-16 00:41:04,407 - INFO - Saved voting_minutes_2025-12-18.pdf
2026-03-16 00:41:04,762 - INFO - Saved voting_minutes_2024-01-04.pdf
2026-03-16 00:41:04,901 - INFO - Saved voting_minutes_2024-02-01.pdf
2026-03-16 00:41:05,119 - INFO - Saved voting_minutes_2024-02-08.pdf
2026-03-16 00:41:05,508 - INFO - Saved voting_minutes_2024-02-29.pdf
2026-03-16 00:41:05,912 - INFO - Saved voting_minutes_2024-03-07.pdf
2026-03-16 00:41:06,333 - INFO - Saved voting_minutes_2024-03-28.pdf
2026-03-16 00:41:06,699 - INFO - Saved voting_minutes_2024-04-04.pdf
2026-03-16 00:41:07,049 - INFO - Saved voting_minutes_2024-04-25.pdf
2026-03-16 00:41:07,404 - INFO - Saved voting_minutes_2024-05-01.pdf
2026-03-16 00:41:07,776 - INFO - Saved voting_minutes_2024-05-23.pdf
2026-03-16 00:41:08,208 - INFO - Saved voting_minutes_2024-06-06.pdf
2026-03-16 00:41:08,560 - INFO - Saved voting_minutes_2024-06-26.pdf
2026-03-16 00:41:08,923 - INFO - Saved voting_minutes_2024-07-11.pdf
2026-03-16 00:41:09,284 - INFO - Saved voting_minutes_2024-08-01.pdf
2026-03-16 00:41:09,645 - INFO - Saved voting_minutes_2024-08-08.pdf
2026-03-16 00:41:10,002 - INFO - Saved voting_minutes_2024-08-22.pdf
2026-03-16 00:41:10,147 - INFO - Saved voting_minutes_2024-09-12.pdf
2026-03-16 00:41:10,502 - INFO - Saved voting_minutes_2024-09-26.pdf
2026-03-16 00:41:10,705 - INFO - Saved voting_minutes_2024-10-17.pdf
2026-03-16 00:41:10,851 - INFO - Saved voting_minutes_2024-10-31.pdf
2026-03-16 00:41:11,209 - INFO - Saved voting_minutes_2024-11-14.pdf
2026-03-16 00:41:11,357 - INFO - Saved voting_minutes_2024-11-21.pdf
2026-03-16 00:41:11,809 - INFO - Saved voting_minutes_2024-12-12.pdf
2026-03-16 00:41:12,193 - INFO - Saved voting_minutes_2023-01-05.pdf
2026-03-16 00:41:12,352 - INFO - Saved voting_minutes_2023-01-25.pdf
2026-03-16 00:41:12,716 - INFO - Saved voting_minutes_2023-02-02.pdf
2026-03-16 00:41:12,853 - INFO - Saved voting_minutes_2023-02-16.pdf
2026-03-16 00:41:13,212 - INFO - Saved voting_minutes_2023-03-08.pdf
2026-03-16 00:41:13,475 - INFO - Saved voting_minutes_2023-03-30.pdf
2026-03-16 00:41:13,836 - INFO - Saved voting_minutes_2023-04-06.pdf
2026-03-16 00:41:14,192 - INFO - Saved voting_minutes_2023-04-27.pdf
2026-03-16 00:41:14,548 - INFO - Saved voting_minutes_2023-05-04.pdf
2026-03-16 00:41:14,763 - INFO - Saved voting_minutes_2023-05-25.pdf
2026-03-16 00:41:15,133 - INFO - Saved voting_minutes_2023-06-08.pdf
2026-03-16 00:41:15,519 - INFO - Saved voting_minutes_2023-06-29.pdf
2026-03-16 00:41:15,664 - INFO - Saved voting_minutes_2023-07-20.pdf
2026-03-16 00:41:15,811 - INFO - Saved voting_minutes_2023-08-17.pdf
2026-03-16 00:41:16,167 - INFO - Saved voting_minutes_2023-09-14.pdf
2026-03-16 00:41:16,545 - INFO - Saved voting_minutes_2023-09-28.pdf
2026-03-16 00:41:16,891 - INFO - Saved voting_minutes_2023-10-04.pdf
2026-03-16 00:41:17,217 - INFO - Saved voting_minutes_2023-10-26.pdf
2026-03-16 00:41:17,367 - INFO - Saved voting_minutes_2023-11-02.pdf
2026-03-16 00:41:17,762 - INFO - Saved voting_minutes_2023-11-16.pdf
2026-03-16 00:41:18,120 - INFO - Saved voting_minutes_2023-12-14.pdf
2026-03-16 00:41:18,492 - INFO - Saved voting_minutes_2022-01-06.pdf
2026-03-16 00:41:18,789 - INFO - Saved voting_minutes_2022-01-20.pdf
2026-03-16 00:41:19,002 - INFO - Saved voting_minutes_2022-01-27.pdf
2026-03-16 00:41:19,346 - INFO - Saved voting_minutes_2022-02-03.pdf
2026-03-16 00:41:19,726 - INFO - Saved voting_minutes_2022-02-17.pdf
2026-03-16 00:41:20,087 - INFO - Saved voting_minutes_2022-03-03.pdf
2026-03-16 00:41:20,439 - INFO - Saved voting_minutes_2022-03-24.pdf
2026-03-16 00:41:20,653 - INFO - Saved voting_minutes_2022-04-07.pdf
2026-03-16 00:41:21,022 - INFO - Saved voting_minutes_2022-04-28.pdf
2026-03-16 00:41:21,405 - INFO - Saved voting_minutes_2022-05-05.pdf
2026-03-16 00:41:21,789 - INFO - Saved voting_minutes_2022-05-26.pdf
2026-03-16 00:41:22,155 - INFO - Saved voting_minutes_2022-06-08.pdf
2026-03-16 00:41:22,522 - INFO - Saved voting_minutes_2022-06-30.pdf
2026-03-16 00:41:22,635 - INFO - Saved voting_minutes_2022-07-14.pdf
2026-03-16 00:41:22,912 - INFO - Saved voting_minutes_2022-07-28.pdf
2026-03-16 00:41:23,048 - INFO - Saved voting_minutes_2022-08-04.pdf
2026-03-16 00:41:23,543 - INFO - Saved voting_minutes_2022-08-25.pdf
2026-03-16 00:41:23,759 - INFO - Saved voting_minutes_2022-09-15.pdf
2026-03-16 00:41:24,107 - INFO - Saved voting_minutes_2022-09-29.pdf
2026-03-16 00:41:24,318 - INFO - Saved voting_minutes_2022-10-06.pdf
2026-03-16 00:41:24,757 - INFO - Saved voting_minutes_2022-10-26.pdf
2026-03-16 00:41:25,100 - INFO - Saved voting_minutes_2022-11-03.pdf
2026-03-16 00:41:25,457 - INFO - Saved voting_minutes_2022-11-17.pdf
2026-03-16 00:41:25,809 - INFO - Saved voting_minutes_2022-12-15.pdf
2026-03-16 00:41:25,976 - INFO - Saved voting_minutes_2021-01-21.pdf
2026-03-16 00:41:26,345 - INFO - Saved voting_minutes_2021-01-28.pdf
2026-03-16 00:41:26,743 - INFO - Saved voting_minutes_2021-02-04.pdf
2026-03-16 00:41:27,096 - INFO - Saved voting_minutes_2021-02-25.pdf
2026-03-16 00:41:27,423 - INFO - Saved voting_minutes_2021-03-04.pdf
2026-03-16 00:41:27,774 - INFO - Saved voting_minutes_2021-04-01.pdf
2026-03-16 00:41:28,128 - INFO - Saved voting_minutes_yyyy-mm-dd.pdf
2026-03-16 00:41:28,638 - INFO - Saved voting_minutes_2021-04-08.pdf
2026-03-16 00:41:28,964 - INFO - No change - voting_minutes_yyyy-mm-dd.pdf is up to date
2026-03-16 00:41:29,316 - INFO - Saved voting_minutes_2021-04-20.pdf
2026-03-16 00:41:29,530 - INFO - Saved voting_minutes_2021-04-29.pdf
2026-03-16 00:41:29,921 - INFO - Saved voting_minutes_2021-05-06.pdf
2026-03-16 00:41:30,291 - INFO - Saved voting_minutes_2021-05-27.pdf
2026-03-16 00:41:30,630 - INFO - Saved voting_minutes_2021-06-03.pdf
2026-03-16 00:41:30,984 - INFO - Saved voting_minutes_2021-06-24.pdf
2026-03-16 00:41:31,345 - INFO - Saved voting_minutes_2021-07-01.pdf
2026-03-16 00:41:31,781 - INFO - Saved voting_minutes_2021-07-29.pdf
2026-03-16 00:41:31,951 - INFO - Saved voting_minutes_2021-08-09.pdf
2026-03-16 00:41:32,220 - INFO - Saved voting_minutes_2021-08-26.pdf
2026-03-16 00:41:32,669 - INFO - Saved voting_minutes_2021-09-02.pdf
2026-03-16 00:41:33,028 - INFO - Saved voting_minutes_2021-09-30.pdf
2026-03-16 00:41:33,372 - INFO - Saved voting_minutes_2021-10-07.pdf
2026-03-16 00:41:33,719 - INFO - Saved voting_minutes_2021-10-28.pdf
2026-03-16 00:41:34,056 - INFO - Saved voting_minutes_2021-11-04.pdf
2026-03-16 00:41:34,235 - INFO - Saved voting_minutes_2021-11-18.pdf
2026-03-16 00:41:34,614 - INFO - Saved voting_minutes_2021-12-02.pdf
2026-03-16 00:41:35,150 - INFO - Saved voting_minutes_2021-12-16.pdf
2026-03-16 00:41:35,502 - INFO - Saved voting_minutes_2020-12-23.pdf
2026-03-16 00:41:35,898 - INFO - Saved voting_minutes_2020-12-03.pdf
2026-03-16 00:41:36,261 - INFO - Saved voting_minutes_2020-11-05.pdf
2026-03-16 00:41:36,480 - INFO - Saved voting_minutes_2020-10-29.pdf
2026-03-16 00:41:36,843 - INFO - Saved voting_minutes_2020-10-08.pdf
2026-03-16 00:41:37,094 - INFO - Saved voting_minutes_2020-10-01.pdf
2026-03-16 00:41:37,274 - INFO - Saved voting_minutes_2020-09-17.pdf
2026-03-16 00:41:37,661 - INFO - Saved voting_minutes_2020-09-10.pdf
2026-03-16 00:41:38,003 - INFO - No change - voting_minutes_2020-09-10.pdf is up to date
2026-03-16 00:41:38,235 - INFO - Saved voting_minutes_2020-08-20.pdf
2026-03-16 00:41:38,408 - INFO - Saved voting_minutes_2020-08-13.pdf
2026-03-16 00:41:38,761 - INFO - Saved voting_minutes_2020-07-30.pdf
2026-03-16 00:41:39,126 - INFO - Saved voting_minutes_2020-07-16.pdf
2026-03-16 00:41:39,485 - INFO - Saved voting_minutes_2020-06-04.pdf
2026-03-16 00:41:39,832 - INFO - Saved voting_minutes_2020-05-28.pdf
2026-03-16 00:41:40,202 - INFO - Saved voting_minutes_2020-05-21.pdf
2026-03-16 00:41:40,550 - INFO - Saved voting_minutes_2020-05-14.pdf
2026-03-16 00:41:41,049 - INFO - Saved voting_minutes_2020-05-07.pdf
2026-03-16 00:41:41,482 - INFO - Saved voting_minutes_2020-04-23.pdf
2026-03-16 00:41:41,855 - INFO - Saved voting_minutes_2020-04-30.pdf
2026-03-16 00:41:41,856 - INFO - Download process completed.
2026-03-16 00:41:41,856 - INFO - Application finished successfully.
2026-03-16 00:41:41,856 - INFO - Total runtime: 0 minutes 54.84 seconds
2026-03-23 00:39:20,389 - INFO - Starting Licensing Board Scraper Application
2026-03-23 00:39:20,389 - INFO - Initializing Scraper Service...
2026-03-23 00:39:20,389 - INFO - Fetching https://www.boston.gov/departments/licensing-board/licensing-board-information-and-members...
2026-03-23 00:39:22,238 - INFO - Parsing links...
2026-03-23 00:39:22,308 - INFO - Saving 410 video links to /home/runner/work/boston-liquor-license-tracker/boston-liquor-license-tracker/scraper/scrape/data/hearing_video_links.json...
2026-03-23 00:39:22,310 - INFO - Saved data to /home/runner/work/boston-liquor-license-tracker/boston-liquor-license-tracker/scraper/scrape/data/hearing_video_links.json
2026-03-23 00:39:22,310 - INFO - Extracting dates...
2026-03-23 00:39:22,312 - INFO - Saving 143 minutes links...
2026-03-23 00:39:22,313 - INFO - Saved data to /home/runner/work/boston-liquor-license-tracker/boston-liquor-license-tracker/scraper/scrape/data/voting_minutes_links.json
2026-03-23 00:39:22,313 - INFO - Link stats:
2026-03-23 00:39:22,313 - INFO - total_links: 614
2026-03-23 00:39:22,313 - INFO - client_side_links: 15
2026-03-23 00:39:22,313 - INFO - excluded_links: 46
2026-03-23 00:39:22,314 - INFO - video_links: 410
2026-03-23 00:39:22,314 - INFO - minutes_links: 143
2026-03-23 00:39:22,314 - INFO - Stats logged to /home/runner/work/boston-liquor-license-tracker/boston-liquor-license-tracker/scraper/scrape/data/link_stats_log.csv
2026-03-23 00:39:22,314 - INFO - Scraping completed.
2026-03-23 00:39:22,314 - INFO - Initializing Downloader Service with download_dir: ./data/voting_minutes_pdfs
2026-03-23 00:39:22,314 - INFO - Starting download process...
2026-03-23 00:39:22,559 - INFO - Saved voting_minutes_2026-01-08_v2.pdf
2026-03-23 00:39:22,800 - INFO - Saved voting_minutes_2026-01-29_v2.pdf
2026-03-23 00:39:22,971 - INFO - Saved voting_minutes_2026-02-12_v2.pdf
2026-03-23 00:39:23,203 - INFO - Saved voting_minutes_2026-03-05_v2.pdf
2026-03-23 00:39:23,465 - INFO - Saved voting_minutes_2025-01-09_v2.pdf
2026-03-23 00:39:23,650 - INFO - Saved voting_minutes_2025-01-16_v2.pdf
2026-03-23 00:39:23,904 - INFO - Saved voting_minutes_2025-01-23_v2.pdf
2026-03-23 00:39:24,107 - INFO - Saved voting_minutes_2025-02-13_v2.pdf
2026-03-23 00:39:24,324 - INFO - Saved voting_minutes_2025-02-27_v2.pdf
2026-03-23 00:39:24,518 - INFO - Saved voting_minutes_2025-03-06_v2.pdf
2026-03-23 00:39:24,760 - INFO - Saved voting_minutes_2025-03-27_v2.pdf
2026-03-23 00:39:24,947 - INFO - Saved voting_minutes_2025-04-03_v2.pdf
2026-03-23 00:39:25,122 - INFO - Saved voting_minutes_2025-04-17_v2.pdf
2026-03-23 00:39:25,309 - INFO - Saved voting_minutes_2025-05-01_v2.pdf
2026-03-23 00:39:25,548 - INFO - Saved voting_minutes_2025-05-15_v2.pdf
2026-03-23 00:39:25,732 - INFO - Saved voting_minutes_2025-05-29_v2.pdf
2026-03-23 00:39:25,948 - INFO - Saved voting_minutes_2025-06-05_v2.pdf
2026-03-23 00:39:26,104 - INFO - Saved voting_minutes_2025-06-26_v2.pdf
2026-03-23 00:39:26,306 - INFO - Saved voting_minutes_2025-07-17_v2.pdf
2026-03-23 00:39:26,541 - INFO - Saved voting_minutes_2025-07-31_v2.pdf
2026-03-23 00:39:26,690 - INFO - Saved voting_minutes_2025-08-07_v2.pdf
2026-03-23 00:39:26,878 - INFO - Saved voting_minutes_2025-08-28_v2.pdf
2026-03-23 00:39:27,068 - INFO - Saved voting_minutes_2025-09-18_v2.pdf
2026-03-23 00:39:27,297 - INFO - Saved voting_minutes_2025-10-23_v2.pdf
2026-03-23 00:39:28,819 - INFO - Saved voting_minutes_yyyy-11-06_v2.pdf
2026-03-23 00:39:30,501 - INFO - Saved voting_minutes_yyyy-11-20_v2.pdf
2026-03-23 00:39:30,831 - INFO - Saved voting_minutes_2025-12-04_v2.pdf
2026-03-23 00:39:31,041 - INFO - Saved voting_minutes_2025-12-18_v2.pdf
2026-03-23 00:39:31,263 - INFO - Saved voting_minutes_2024-01-04_v2.pdf
2026-03-23 00:39:31,711 - INFO - Saved voting_minutes_2024-02-01_v2.pdf
2026-03-23 00:39:31,903 - INFO - Saved voting_minutes_2024-02-08_v2.pdf
2026-03-23 00:39:32,133 - INFO - Saved voting_minutes_2024-02-29_v2.pdf
2026-03-23 00:39:32,339 - INFO - Saved voting_minutes_2024-03-07_v2.pdf
2026-03-23 00:39:32,521 - INFO - Saved voting_minutes_2024-03-28_v2.pdf
2026-03-23 00:39:32,677 - INFO - Saved voting_minutes_2024-04-04_v2.pdf
2026-03-23 00:39:32,861 - INFO - Saved voting_minutes_2024-04-25_v2.pdf
2026-03-23 00:39:33,052 - INFO - Saved voting_minutes_2024-05-01_v2.pdf
2026-03-23 00:39:33,235 - INFO - Saved voting_minutes_2024-05-23_v2.pdf
2026-03-23 00:39:33,442 - INFO - Saved voting_minutes_2024-06-06_v2.pdf
2026-03-23 00:39:33,628 - INFO - Saved voting_minutes_2024-06-26_v2.pdf
2026-03-23 00:39:33,780 - INFO - Saved voting_minutes_2024-07-11_v2.pdf
2026-03-23 00:39:33,972 - INFO - Saved voting_minutes_2024-08-01_v2.pdf
2026-03-23 00:39:34,165 - INFO - Saved voting_minutes_2024-08-08_v2.pdf
2026-03-23 00:39:34,314 - INFO - Saved voting_minutes_2024-08-22_v2.pdf
2026-03-23 00:39:34,506 - INFO - Saved voting_minutes_2024-09-12_v2.pdf
2026-03-23 00:39:34,639 - INFO - Saved voting_minutes_2024-09-26_v2.pdf
2026-03-23 00:39:34,874 - INFO - Saved voting_minutes_2024-10-17_v2.pdf
2026-03-23 00:39:35,069 - INFO - Saved voting_minutes_2024-10-31_v2.pdf
2026-03-23 00:39:35,224 - INFO - Saved voting_minutes_2024-11-14_v2.pdf
2026-03-23 00:39:35,407 - INFO - Saved voting_minutes_2024-11-21_v2.pdf
2026-03-23 00:39:35,573 - INFO - Saved voting_minutes_2024-12-12_v2.pdf
2026-03-23 00:39:35,780 - INFO - Saved voting_minutes_2023-01-05_v2.pdf
2026-03-23 00:39:35,915 - INFO - Saved voting_minutes_2023-01-25_v2.pdf
2026-03-23 00:39:36,114 - INFO - Saved voting_minutes_2023-02-02_v2.pdf
2026-03-23 00:39:36,293 - INFO - Saved voting_minutes_2023-02-16_v2.pdf
2026-03-23 00:39:36,498 - INFO - Saved voting_minutes_2023-03-08_v2.pdf
2026-03-23 00:39:36,636 - INFO - Saved voting_minutes_2023-03-30_v2.pdf
2026-03-23 00:39:36,859 - INFO - Saved voting_minutes_2023-04-06_v2.pdf
2026-03-23 00:39:37,075 - INFO - Saved voting_minutes_2023-04-27_v2.pdf
2026-03-23 00:39:37,320 - INFO - Saved voting_minutes_2023-05-04_v2.pdf
2026-03-23 00:39:37,501 - INFO - Saved voting_minutes_2023-05-25_v2.pdf
2026-03-23 00:39:37,664 - INFO - Saved voting_minutes_2023-06-08_v2.pdf
2026-03-23 00:39:37,835 - INFO - Saved voting_minutes_2023-06-29_v2.pdf
2026-03-23 00:39:38,033 - INFO - Saved voting_minutes_2023-07-20_v2.pdf
2026-03-23 00:39:38,211 - INFO - Saved voting_minutes_2023-08-17_v2.pdf
2026-03-23 00:39:38,416 - INFO - Saved voting_minutes_2023-09-14_v2.pdf
2026-03-23 00:39:38,583 - INFO - Saved voting_minutes_2023-09-28_v2.pdf
2026-03-23 00:39:38,745 - INFO - Saved voting_minutes_2023-10-04_v2.pdf
2026-03-23 00:39:38,935 - INFO - Saved voting_minutes_2023-10-26_v2.pdf
2026-03-23 00:39:39,115 - INFO - Saved voting_minutes_2023-11-02_v2.pdf
2026-03-23 00:39:39,311 - INFO - Saved voting_minutes_2023-11-16_v2.pdf
2026-03-23 00:39:39,497 - INFO - Saved voting_minutes_2023-12-14_v2.pdf
2026-03-23 00:39:39,675 - INFO - Saved voting_minutes_2022-01-06_v2.pdf
2026-03-23 00:39:39,822 - INFO - Saved voting_minutes_2022-01-20_v2.pdf
2026-03-23 00:39:39,985 - INFO - Saved voting_minutes_2022-01-27_v2.pdf
2026-03-23 00:39:40,173 - INFO - Saved voting_minutes_2022-02-03_v2.pdf
2026-03-23 00:39:40,357 - INFO - Saved voting_minutes_2022-02-17_v2.pdf
2026-03-23 00:39:40,521 - INFO - Saved voting_minutes_2022-03-03_v2.pdf
2026-03-23 00:39:40,721 - INFO - Saved voting_minutes_2022-03-24_v2.pdf
2026-03-23 00:39:40,901 - INFO - Saved voting_minutes_2022-04-07_v2.pdf
2026-03-23 00:39:41,081 - INFO - Saved voting_minutes_2022-04-28_v2.pdf
2026-03-23 00:39:41,247 - INFO - Saved voting_minutes_2022-05-05_v2.pdf
2026-03-23 00:39:41,437 - INFO - Saved voting_minutes_2022-05-26_v2.pdf
2026-03-23 00:39:41,594 - INFO - Saved voting_minutes_2022-06-08_v2.pdf
2026-03-23 00:39:41,773 - INFO - Saved voting_minutes_2022-06-30_v2.pdf
2026-03-23 00:39:41,953 - INFO - Saved voting_minutes_2022-07-14_v2.pdf
2026-03-23 00:39:42,126 - INFO - Saved voting_minutes_2022-07-28_v2.pdf
2026-03-23 00:39:42,294 - INFO - Saved voting_minutes_2022-08-04_v2.pdf
2026-03-23 00:39:42,472 - INFO - Saved voting_minutes_2022-08-25_v2.pdf
2026-03-23 00:39:42,610 - INFO - Saved voting_minutes_2022-09-15_v2.pdf
2026-03-23 00:39:42,815 - INFO - Saved voting_minutes_2022-09-29_v2.pdf
2026-03-23 00:39:43,052 - INFO - Saved voting_minutes_2022-10-06_v2.pdf
2026-03-23 00:39:43,183 - INFO - Saved voting_minutes_2022-10-26_v2.pdf
2026-03-23 00:39:43,334 - INFO - Saved voting_minutes_2022-11-03_v2.pdf
2026-03-23 00:39:43,506 - INFO - Saved voting_minutes_2022-11-17_v2.pdf
2026-03-23 00:39:43,713 - INFO - Saved voting_minutes_2022-12-15_v2.pdf
2026-03-23 00:39:43,956 - INFO - Saved voting_minutes_2021-01-21_v2.pdf
2026-03-23 00:39:44,163 - INFO - Saved voting_minutes_2021-01-28_v2.pdf
2026-03-23 00:39:44,306 - INFO - Saved voting_minutes_2021-02-04_v2.pdf
2026-03-23 00:39:44,479 - INFO - Saved voting_minutes_2021-02-25_v2.pdf
2026-03-23 00:39:44,801 - INFO - Saved voting_minutes_2021-03-04_v2.pdf
2026-03-23 00:39:44,980 - INFO - Saved voting_minutes_2021-04-01_v2.pdf
2026-03-23 00:39:45,151 - INFO - Saved voting_minutes_yyyy-mm-dd_v2.pdf
2026-03-23 00:39:45,328 - INFO - Saved voting_minutes_2021-04-08_v2.pdf
2026-03-23 00:39:45,492 - INFO - Duplicate content - matches voting_minutes_yyyy-mm-dd_v2.pdf
2026-03-23 00:39:45,648 - INFO - Saved voting_minutes_2021-04-20_v2.pdf
2026-03-23 00:39:45,798 - INFO - Saved voting_minutes_2021-04-29_v2.pdf
2026-03-23 00:39:45,986 - INFO - Saved voting_minutes_2021-05-06_v2.pdf
2026-03-23 00:39:46,197 - INFO - Saved voting_minutes_2021-05-27_v2.pdf
2026-03-23 00:39:46,347 - INFO - Saved voting_minutes_2021-06-03_v2.pdf
2026-03-23 00:39:46,536 - INFO - Saved voting_minutes_2021-06-24_v2.pdf
2026-03-23 00:39:46,697 - INFO - Saved voting_minutes_2021-07-01_v2.pdf
2026-03-23 00:39:46,917 - INFO - Saved voting_minutes_2021-07-29_v2.pdf
2026-03-23 00:39:47,135 - INFO - Saved voting_minutes_2021-08-09_v2.pdf
2026-03-23 00:39:47,310 - INFO - Saved voting_minutes_2021-08-26_v2.pdf
2026-03-23 00:39:47,516 - INFO - Saved voting_minutes_2021-09-02_v2.pdf
2026-03-23 00:39:47,701 - INFO - Saved voting_minutes_2021-09-30_v2.pdf
2026-03-23 00:39:47,853 - INFO - Saved voting_minutes_2021-10-07_v2.pdf
2026-03-23 00:39:48,037 - INFO - Saved voting_minutes_2021-10-28_v2.pdf
2026-03-23 00:39:48,213 - INFO - Saved voting_minutes_2021-11-04_v2.pdf
2026-03-23 00:39:48,400 - INFO - Saved voting_minutes_2021-11-18_v2.pdf
2026-03-23 00:39:48,548 - INFO - Saved voting_minutes_2021-12-02_v2.pdf
2026-03-23 00:39:48,731 - INFO - Saved voting_minutes_2021-12-16_v2.pdf
2026-03-23 00:39:48,902 - INFO - Saved voting_minutes_2020-12-23_v2.pdf
2026-03-23 00:39:49,251 - INFO - Saved voting_minutes_2020-12-03_v2.pdf
2026-03-23 00:39:49,498 - INFO - Saved voting_minutes_2020-11-05_v2.pdf
2026-03-23 00:39:49,642 - INFO - Saved voting_minutes_2020-10-29_v2.pdf
2026-03-23 00:39:49,815 - INFO - Saved voting_minutes_2020-10-08_v2.pdf
2026-03-23 00:39:49,972 - INFO - Saved voting_minutes_2020-10-01_v2.pdf
2026-03-23 00:39:50,158 - INFO - Saved voting_minutes_2020-09-17_v2.pdf
2026-03-23 00:39:50,333 - INFO - Saved voting_minutes_2020-09-10_v2.pdf
2026-03-23 00:39:50,526 - INFO - Duplicate content - matches voting_minutes_2020-09-10_v2.pdf
2026-03-23 00:39:50,686 - INFO - Saved voting_minutes_2020-08-20_v2.pdf
2026-03-23 00:39:50,867 - INFO - Saved voting_minutes_2020-08-13_v2.pdf
2026-03-23 00:39:51,049 - INFO - Saved voting_minutes_2020-07-30_v2.pdf
2026-03-23 00:39:51,200 - INFO - Saved voting_minutes_2020-07-16_v2.pdf
2026-03-23 00:39:51,359 - INFO - Saved voting_minutes_2020-06-04_v2.pdf
2026-03-23 00:39:51,507 - INFO - Saved voting_minutes_2020-05-28_v2.pdf
2026-03-23 00:39:51,678 - INFO - Saved voting_minutes_2020-05-21_v2.pdf
2026-03-23 00:39:51,863 - INFO - Saved voting_minutes_2020-05-14_v2.pdf
2026-03-23 00:39:52,049 - INFO - Saved voting_minutes_2020-05-07_v2.pdf
2026-03-23 00:39:52,228 - INFO - Saved voting_minutes_2020-04-23_v2.pdf
2026-03-23 00:39:52,399 - INFO - Saved voting_minutes_2020-04-30_v2.pdf
2026-03-23 00:39:52,400 - INFO - Download process completed.
2026-03-23 00:39:52,400 - INFO - Application finished successfully.
2026-03-23 00:39:52,400 - INFO - Total runtime: 0 minutes 32.01 seconds
2026-03-30 00:41:57,561 - INFO - Starting Licensing Board Scraper Application
2026-03-30 00:41:57,561 - INFO - Initializing Scraper Service...
2026-03-30 00:41:57,561 - INFO - Fetching https://www.boston.gov/departments/licensing-board/licensing-board-information-and-members...
2026-03-30 00:41:59,319 - INFO - Parsing links...
2026-03-30 00:41:59,393 - INFO - Saving 410 video links to /home/runner/work/boston-liquor-license-tracker/boston-liquor-license-tracker/scraper/scrape/data/hearing_video_links.json...
2026-03-30 00:41:59,395 - INFO - Saved data to /home/runner/work/boston-liquor-license-tracker/boston-liquor-license-tracker/scraper/scrape/data/hearing_video_links.json
2026-03-30 00:41:59,395 - INFO - Extracting dates...
2026-03-30 00:41:59,397 - INFO - Saving 144 minutes links...
2026-03-30 00:41:59,397 - INFO - Saved data to /home/runner/work/boston-liquor-license-tracker/boston-liquor-license-tracker/scraper/scrape/data/voting_minutes_links.json
2026-03-30 00:41:59,397 - INFO - Link stats:
2026-03-30 00:41:59,397 - INFO - total_links: 615
2026-03-30 00:41:59,398 - INFO - client_side_links: 15
2026-03-30 00:41:59,398 - INFO - excluded_links: 46
2026-03-30 00:41:59,398 - INFO - video_links: 410
2026-03-30 00:41:59,398 - INFO - minutes_links: 144
2026-03-30 00:41:59,398 - INFO - Stats logged to /home/runner/work/boston-liquor-license-tracker/boston-liquor-license-tracker/scraper/scrape/data/link_stats_log.csv
2026-03-30 00:41:59,398 - INFO - Scraping completed.
2026-03-30 00:41:59,398 - INFO - Initializing Downloader Service with download_dir: ./data/voting_minutes_pdfs
2026-03-30 00:41:59,398 - INFO - Starting download process...
2026-03-30 00:41:59,480 - INFO - Saved voting_minutes_2026-01-08_v3.pdf
2026-03-30 00:41:59,555 - INFO - Saved voting_minutes_2026-01-29_v3.pdf
2026-03-30 00:41:59,617 - INFO - Saved voting_minutes_2026-02-12_v3.pdf
2026-03-30 00:41:59,779 - INFO - Saved voting_minutes_2026-03-05_v3.pdf
2026-03-30 00:41:59,914 - INFO - Saved voting_minutes_2026-03-26.pdf
2026-03-30 00:42:00,024 - INFO - Saved voting_minutes_2025-01-09_v3.pdf
2026-03-30 00:42:00,109 - INFO - Saved voting_minutes_2025-01-16_v3.pdf
2026-03-30 00:42:00,211 - INFO - Saved voting_minutes_2025-01-23_v3.pdf
2026-03-30 00:42:00,502 - INFO - Saved voting_minutes_2025-02-13_v3.pdf
2026-03-30 00:42:00,673 - INFO - Saved voting_minutes_2025-02-27_v3.pdf
2026-03-30 00:42:00,770 - INFO - Saved voting_minutes_2025-03-06_v3.pdf
2026-03-30 00:42:00,892 - INFO - Saved voting_minutes_2025-03-27_v3.pdf
2026-03-30 00:42:00,992 - INFO - Saved voting_minutes_2025-04-03_v3.pdf
2026-03-30 00:42:01,086 - INFO - Saved voting_minutes_2025-04-17_v3.pdf
2026-03-30 00:42:01,196 - INFO - Saved voting_minutes_2025-05-01_v3.pdf
2026-03-30 00:42:01,286 - INFO - Saved voting_minutes_2025-05-15_v3.pdf
2026-03-30 00:42:01,387 - INFO - Saved voting_minutes_2025-05-29_v3.pdf
2026-03-30 00:42:01,501 - INFO - Saved voting_minutes_2025-06-05_v3.pdf
2026-03-30 00:42:01,830 - INFO - Saved voting_minutes_2025-06-26_v3.pdf
2026-03-30 00:42:01,919 - INFO - Saved voting_minutes_2025-07-17_v3.pdf
2026-03-30 00:42:02,008 - INFO - Saved voting_minutes_2025-07-31_v3.pdf
2026-03-30 00:42:02,126 - INFO - Saved voting_minutes_2025-08-07_v3.pdf
2026-03-30 00:42:02,647 - INFO - Saved voting_minutes_2025-08-28_v3.pdf
2026-03-30 00:42:02,735 - INFO - Saved voting_minutes_2025-09-18_v3.pdf
2026-03-30 00:42:02,831 - INFO - Saved voting_minutes_2025-10-23_v3.pdf
2026-03-30 00:42:04,297 - INFO - Saved voting_minutes_yyyy-11-06_v3.pdf
2026-03-30 00:42:05,907 - INFO - Saved voting_minutes_yyyy-11-20_v3.pdf
2026-03-30 00:42:05,992 - INFO - Saved voting_minutes_2025-12-04_v3.pdf
2026-03-30 00:42:06,102 - INFO - Saved voting_minutes_2025-12-18_v3.pdf
2026-03-30 00:42:06,192 - INFO - Saved voting_minutes_2024-01-04_v3.pdf
2026-03-30 00:42:06,276 - INFO - Saved voting_minutes_2024-02-01_v3.pdf
2026-03-30 00:42:06,360 - INFO - Saved voting_minutes_2024-02-08_v3.pdf
2026-03-30 00:42:06,444 - INFO - Saved voting_minutes_2024-02-29_v3.pdf
2026-03-30 00:42:06,734 - INFO - Saved voting_minutes_2024-03-07_v3.pdf
2026-03-30 00:42:06,823 - INFO - Saved voting_minutes_2024-03-28_v3.pdf
2026-03-30 00:42:06,897 - INFO - Saved voting_minutes_2024-04-04_v3.pdf
2026-03-30 00:42:06,977 - INFO - Saved voting_minutes_2024-04-25_v3.pdf
2026-03-30 00:42:07,066 - INFO - Saved voting_minutes_2024-05-01_v3.pdf
2026-03-30 00:42:07,170 - INFO - Saved voting_minutes_2024-05-23_v3.pdf
2026-03-30 00:42:07,299 - INFO - Saved voting_minutes_2024-06-06_v3.pdf
2026-03-30 00:42:07,437 - INFO - Saved voting_minutes_2024-06-26_v3.pdf
2026-03-30 00:42:07,533 - INFO - Saved voting_minutes_2024-07-11_v3.pdf
2026-03-30 00:42:07,630 - INFO - Saved voting_minutes_2024-08-01_v3.pdf
2026-03-30 00:42:07,716 - INFO - Saved voting_minutes_2024-08-08_v3.pdf
2026-03-30 00:42:07,805 - INFO - Saved voting_minutes_2024-08-22_v3.pdf
2026-03-30 00:42:07,887 - INFO - Saved voting_minutes_2024-09-12_v3.pdf
2026-03-30 00:42:07,975 - INFO - Saved voting_minutes_2024-09-26_v3.pdf
2026-03-30 00:42:08,131 - INFO - Saved voting_minutes_2024-10-17_v3.pdf
2026-03-30 00:42:08,225 - INFO - Saved voting_minutes_2024-10-31_v3.pdf
2026-03-30 00:42:08,303 - INFO - Saved voting_minutes_2024-11-14_v3.pdf
2026-03-30 00:42:08,398 - INFO - Saved voting_minutes_2024-11-21_v3.pdf
2026-03-30 00:42:08,483 - INFO - Saved voting_minutes_2024-12-12_v3.pdf
2026-03-30 00:42:08,562 - INFO - Saved voting_minutes_2023-01-05_v3.pdf
2026-03-30 00:42:08,652 - INFO - Saved voting_minutes_2023-01-25_v3.pdf
2026-03-30 00:42:08,737 - INFO - Saved voting_minutes_2023-02-02_v3.pdf
2026-03-30 00:42:08,890 - INFO - Saved voting_minutes_2023-02-16_v3.pdf
2026-03-30 00:42:08,958 - INFO - Saved voting_minutes_2023-03-08_v3.pdf
2026-03-30 00:42:09,058 - INFO - Saved voting_minutes_2023-03-30_v3.pdf
2026-03-30 00:42:09,126 - INFO - Saved voting_minutes_2023-04-06_v3.pdf
2026-03-30 00:42:09,202 - INFO - Saved voting_minutes_2023-04-27_v3.pdf
2026-03-30 00:42:09,327 - INFO - Saved voting_minutes_2023-05-04_v3.pdf
2026-03-30 00:42:09,449 - INFO - Saved voting_minutes_2023-05-25_v3.pdf
2026-03-30 00:42:09,519 - INFO - Saved voting_minutes_2023-06-08_v3.pdf
2026-03-30 00:42:09,604 - INFO - Saved voting_minutes_2023-06-29_v3.pdf
2026-03-30 00:42:09,681 - INFO - Saved voting_minutes_2023-07-20_v3.pdf
2026-03-30 00:42:09,784 - INFO - Saved voting_minutes_2023-08-17_v3.pdf
2026-03-30 00:42:09,891 - INFO - Saved voting_minutes_2023-09-14_v3.pdf
2026-03-30 00:42:09,968 - INFO - Saved voting_minutes_2023-09-28_v3.pdf
2026-03-30 00:42:10,065 - INFO - Saved voting_minutes_2023-10-04_v3.pdf
2026-03-30 00:42:10,142 - INFO - Saved voting_minutes_2023-10-26_v3.pdf
2026-03-30 00:42:10,237 - INFO - Saved voting_minutes_2023-11-02_v3.pdf
2026-03-30 00:42:10,322 - INFO - Saved voting_minutes_2023-11-16_v3.pdf
2026-03-30 00:42:10,427 - INFO - Saved voting_minutes_2023-12-14_v3.pdf
2026-03-30 00:42:10,504 - INFO - Saved voting_minutes_2022-01-06_v3.pdf
2026-03-30 00:42:10,583 - INFO - Saved voting_minutes_2022-01-20_v3.pdf
2026-03-30 00:42:10,668 - INFO - Saved voting_minutes_2022-01-27_v3.pdf
2026-03-30 00:42:10,764 - INFO - Saved voting_minutes_2022-02-03_v3.pdf
2026-03-30 00:42:10,831 - INFO - Saved voting_minutes_2022-02-17_v3.pdf
2026-03-30 00:42:10,921 - INFO - Saved voting_minutes_2022-03-03_v3.pdf
2026-03-30 00:42:10,992 - INFO - Saved voting_minutes_2022-03-24_v3.pdf
2026-03-30 00:42:11,131 - INFO - Saved voting_minutes_2022-04-07_v3.pdf
2026-03-30 00:42:11,220 - INFO - Saved voting_minutes_2022-04-28_v3.pdf
2026-03-30 00:42:11,291 - INFO - Saved voting_minutes_2022-05-05_v3.pdf
2026-03-30 00:42:11,365 - INFO - Saved voting_minutes_2022-05-26_v3.pdf
2026-03-30 00:42:11,477 - INFO - Saved voting_minutes_2022-06-08_v3.pdf
2026-03-30 00:42:11,572 - INFO - Saved voting_minutes_2022-06-30_v3.pdf
2026-03-30 00:42:11,649 - INFO - Saved voting_minutes_2022-07-14_v3.pdf
2026-03-30 00:42:11,738 - INFO - Saved voting_minutes_2022-07-28_v3.pdf
2026-03-30 00:42:11,818 - INFO - Saved voting_minutes_2022-08-04_v3.pdf
2026-03-30 00:42:11,893 - INFO - Saved voting_minutes_2022-08-25_v3.pdf
2026-03-30 00:42:12,390 - INFO - Saved voting_minutes_2022-09-15_v3.pdf
2026-03-30 00:42:12,482 - INFO - Saved voting_minutes_2022-09-29_v3.pdf
2026-03-30 00:42:12,562 - INFO - Saved voting_minutes_2022-10-06_v3.pdf
2026-03-30 00:42:12,635 - INFO - Saved voting_minutes_2022-10-26_v3.pdf
2026-03-30 00:42:12,773 - INFO - Saved voting_minutes_2022-11-03_v3.pdf
2026-03-30 00:42:12,974 - INFO - Saved voting_minutes_2022-11-17_v3.pdf
2026-03-30 00:42:13,064 - INFO - Saved voting_minutes_2022-12-15_v3.pdf
2026-03-30 00:42:13,141 - INFO - Saved voting_minutes_2021-01-21_v3.pdf
2026-03-30 00:42:13,273 - INFO - Saved voting_minutes_2021-01-28_v3.pdf
2026-03-30 00:42:13,379 - INFO - Saved voting_minutes_2021-02-04_v3.pdf
2026-03-30 00:42:13,472 - INFO - Saved voting_minutes_2021-02-25_v3.pdf
2026-03-30 00:42:13,553 - INFO - Saved voting_minutes_2021-03-04_v3.pdf
2026-03-30 00:42:13,673 - INFO - Saved voting_minutes_2021-04-01_v3.pdf
2026-03-30 00:42:13,744 - INFO - Saved voting_minutes_yyyy-mm-dd_v3.pdf
2026-03-30 00:42:13,835 - INFO - Saved voting_minutes_2021-04-08_v3.pdf
2026-03-30 00:42:13,995 - INFO - Duplicate content - matches voting_minutes_yyyy-mm-dd_v3.pdf
2026-03-30 00:42:14,188 - INFO - Saved voting_minutes_2021-04-20_v3.pdf
2026-03-30 00:42:14,259 - INFO - Saved voting_minutes_2021-04-29_v3.pdf
2026-03-30 00:42:14,363 - INFO - Saved voting_minutes_2021-05-06_v3.pdf
2026-03-30 00:42:14,460 - INFO - Saved voting_minutes_2021-05-27_v3.pdf
2026-03-30 00:42:14,528 - INFO - Saved voting_minutes_2021-06-03_v3.pdf
2026-03-30 00:42:14,645 - INFO - Saved voting_minutes_2021-06-24_v3.pdf
2026-03-30 00:42:14,788 - INFO - Saved voting_minutes_2021-07-01_v3.pdf
2026-03-30 00:42:14,903 - INFO - Saved voting_minutes_2021-07-29_v3.pdf
2026-03-30 00:42:14,974 - INFO - Saved voting_minutes_2021-08-09_v3.pdf
2026-03-30 00:42:15,096 - INFO - Saved voting_minutes_2021-08-26_v3.pdf
2026-03-30 00:42:15,189 - INFO - Saved voting_minutes_2021-09-02_v3.pdf
2026-03-30 00:42:15,263 - INFO - Saved voting_minutes_2021-09-30_v3.pdf
2026-03-30 00:42:15,346 - INFO - Saved voting_minutes_2021-10-07_v3.pdf
2026-03-30 00:42:15,429 - INFO - Saved voting_minutes_2021-10-28_v3.pdf
2026-03-30 00:42:15,527 - INFO - Saved voting_minutes_2021-11-04_v3.pdf
2026-03-30 00:42:15,602 - INFO - Saved voting_minutes_2021-11-18_v3.pdf
2026-03-30 00:42:15,673 - INFO - Saved voting_minutes_2021-12-02_v3.pdf
2026-03-30 00:42:15,741 - INFO - Saved voting_minutes_2021-12-16_v3.pdf
2026-03-30 00:42:15,823 - INFO - Saved voting_minutes_2020-12-23_v3.pdf
2026-03-30 00:42:15,900 - INFO - Saved voting_minutes_2020-12-03_v3.pdf
2026-03-30 00:42:15,978 - INFO - Saved voting_minutes_2020-11-05_v3.pdf
2026-03-30 00:42:16,060 - INFO - Saved voting_minutes_2020-10-29_v3.pdf
2026-03-30 00:42:16,209 - INFO - Saved voting_minutes_2020-10-08_v3.pdf
2026-03-30 00:42:16,305 - INFO - Saved voting_minutes_2020-10-01_v3.pdf
2026-03-30 00:42:16,383 - INFO - Saved voting_minutes_2020-09-17_v3.pdf
2026-03-30 00:42:16,506 - INFO - Saved voting_minutes_2020-09-10_v3.pdf
2026-03-30 00:42:16,601 - INFO - Duplicate content - matches voting_minutes_2020-09-10_v3.pdf
2026-03-30 00:42:16,675 - INFO - Saved voting_minutes_2020-08-20_v3.pdf
2026-03-30 00:42:16,792 - INFO - Saved voting_minutes_2020-08-13_v3.pdf
2026-03-30 00:42:16,872 - INFO - Saved voting_minutes_2020-07-30_v3.pdf
2026-03-30 00:42:16,941 - INFO - Saved voting_minutes_2020-07-16_v3.pdf
2026-03-30 00:42:17,017 - INFO - Saved voting_minutes_2020-06-04_v3.pdf
2026-03-30 00:42:17,120 - INFO - Saved voting_minutes_2020-05-28_v3.pdf
2026-03-30 00:42:17,197 - INFO - Saved voting_minutes_2020-05-21_v3.pdf
2026-03-30 00:42:17,408 - INFO - Saved voting_minutes_2020-05-14_v3.pdf
2026-03-30 00:42:17,819 - INFO - Saved voting_minutes_2020-05-07_v3.pdf
2026-03-30 00:42:17,903 - INFO - Saved voting_minutes_2020-04-23_v3.pdf
2026-03-30 00:42:17,992 - INFO - Saved voting_minutes_2020-04-30_v3.pdf
2026-03-30 00:42:17,993 - INFO - Download process completed.
2026-03-30 00:42:17,993 - INFO - Application finished successfully.
2026-03-30 00:42:17,993 - INFO - Total runtime: 0 minutes 20.43 seconds
2026-04-06 00:42:11,497 - INFO - Starting Licensing Board Scraper Application
2026-04-06 00:42:11,497 - INFO - Initializing Scraper Service...
2026-04-06 00:42:11,497 - INFO - Fetching https://www.boston.gov/departments/licensing-board/licensing-board-information-and-members...
2026-04-06 00:42:13,514 - INFO - Parsing links...
2026-04-06 00:42:13,585 - INFO - Saving 413 video links to /home/runner/work/boston-liquor-license-tracker/boston-liquor-license-tracker/scraper/scrape/data/hearing_video_links.json...
2026-04-06 00:42:13,587 - INFO - Saved data to /home/runner/work/boston-liquor-license-tracker/boston-liquor-license-tracker/scraper/scrape/data/hearing_video_links.json
2026-04-06 00:42:13,587 - INFO - Extracting dates...
2026-04-06 00:42:13,589 - INFO - Saving 144 minutes links...
2026-04-06 00:42:13,589 - INFO - Saved data to /home/runner/work/boston-liquor-license-tracker/boston-liquor-license-tracker/scraper/scrape/data/voting_minutes_links.json
2026-04-06 00:42:13,589 - INFO - Link stats:
2026-04-06 00:42:13,590 - INFO - total_links: 617
2026-04-06 00:42:13,590 - INFO - client_side_links: 15
2026-04-06 00:42:13,590 - INFO - excluded_links: 45
2026-04-06 00:42:13,590 - INFO - video_links: 413
2026-04-06 00:42:13,590 - INFO - minutes_links: 144
2026-04-06 00:42:13,590 - INFO - Stats logged to /home/runner/work/boston-liquor-license-tracker/boston-liquor-license-tracker/scraper/scrape/data/link_stats_log.csv
2026-04-06 00:42:13,590 - INFO - Scraping completed.
2026-04-06 00:42:13,590 - INFO - Initializing Downloader Service with download_dir: ./data/voting_minutes_pdfs
2026-04-06 00:42:13,590 - INFO - Starting download process...
2026-04-06 00:42:14,082 - INFO - Saved voting_minutes_2026-01-08_v4.pdf
2026-04-06 00:42:14,485 - INFO - Saved voting_minutes_2026-01-29_v4.pdf
2026-04-06 00:42:14,674 - INFO - Saved voting_minutes_2026-02-12_v4.pdf
2026-04-06 00:42:15,258 - INFO - Saved voting_minutes_2026-03-05_v4.pdf
2026-04-06 00:42:15,716 - INFO - Saved voting_minutes_2026-03-26_v2.pdf
2026-04-06 00:42:16,158 - INFO - Saved voting_minutes_2025-01-09_v4.pdf
2026-04-06 00:42:16,384 - INFO - Saved voting_minutes_2025-01-16_v4.pdf
2026-04-06 00:42:16,907 - INFO - Saved voting_minutes_2025-01-23_v4.pdf
2026-04-06 00:42:17,362 - INFO - Saved voting_minutes_2025-02-13_v4.pdf
2026-04-06 00:42:17,826 - INFO - Saved voting_minutes_2025-02-27_v4.pdf
2026-04-06 00:42:18,192 - INFO - Saved voting_minutes_2025-03-06_v4.pdf
2026-04-06 00:42:18,957 - INFO - Saved voting_minutes_2025-03-27_v4.pdf
2026-04-06 00:42:19,368 - INFO - Saved voting_minutes_2025-04-03_v4.pdf
2026-04-06 00:42:19,760 - INFO - Saved voting_minutes_2025-04-17_v4.pdf
2026-04-06 00:42:20,231 - INFO - Saved voting_minutes_2025-05-01_v4.pdf
2026-04-06 00:42:20,656 - INFO - Saved voting_minutes_2025-05-15_v4.pdf
2026-04-06 00:42:21,046 - INFO - Saved voting_minutes_2025-05-29_v4.pdf
2026-04-06 00:42:21,436 - INFO - Saved voting_minutes_2025-06-05_v4.pdf
2026-04-06 00:42:21,853 - INFO - Saved voting_minutes_2025-06-26_v4.pdf
2026-04-06 00:42:22,331 - INFO - Saved voting_minutes_2025-07-17_v4.pdf
2026-04-06 00:42:22,645 - INFO - Saved voting_minutes_2025-07-31_v4.pdf
2026-04-06 00:42:23,033 - INFO - Saved voting_minutes_2025-08-07_v4.pdf
2026-04-06 00:42:23,582 - INFO - Saved voting_minutes_2025-08-28_v4.pdf
2026-04-06 00:42:24,010 - INFO - Saved voting_minutes_2025-09-18_v4.pdf
2026-04-06 00:42:24,412 - INFO - Saved voting_minutes_2025-10-23_v4.pdf
2026-04-06 00:42:25,783 - INFO - Saved voting_minutes_yyyy-11-06_v4.pdf
2026-04-06 00:42:27,370 - INFO - Saved voting_minutes_yyyy-11-20_v4.pdf
2026-04-06 00:42:27,769 - INFO - Saved voting_minutes_2025-12-04_v4.pdf
2026-04-06 00:42:28,191 - INFO - Saved voting_minutes_2025-12-18_v4.pdf
2026-04-06 00:42:28,538 - INFO - Saved voting_minutes_2024-01-04_v4.pdf
2026-04-06 00:42:29,042 - INFO - Saved voting_minutes_2024-02-01_v4.pdf
2026-04-06 00:42:29,380 - INFO - Saved voting_minutes_2024-02-08_v4.pdf
2026-04-06 00:42:29,715 - INFO - Saved voting_minutes_2024-02-29_v4.pdf
2026-04-06 00:42:30,055 - INFO - Saved voting_minutes_2024-03-07_v4.pdf
2026-04-06 00:42:30,480 - INFO - Saved voting_minutes_2024-03-28_v4.pdf
2026-04-06 00:42:30,792 - INFO - Saved voting_minutes_2024-04-04_v4.pdf
2026-04-06 00:42:31,148 - INFO - Saved voting_minutes_2024-04-25_v4.pdf
2026-04-06 00:42:31,517 - INFO - Saved voting_minutes_2024-05-01_v4.pdf
2026-04-06 00:42:31,869 - INFO - Saved voting_minutes_2024-05-23_v4.pdf
2026-04-06 00:42:32,205 - INFO - Saved voting_minutes_2024-06-06_v4.pdf
2026-04-06 00:42:32,537 - INFO - Saved voting_minutes_2024-06-26_v4.pdf
2026-04-06 00:42:32,871 - INFO - Saved voting_minutes_2024-07-11_v4.pdf
2026-04-06 00:42:33,230 - INFO - Saved voting_minutes_2024-08-01_v4.pdf
2026-04-06 00:42:33,547 - INFO - Saved voting_minutes_2024-08-08_v4.pdf
2026-04-06 00:42:33,863 - INFO - Saved voting_minutes_2024-08-22_v4.pdf
2026-04-06 00:42:34,201 - INFO - Saved voting_minutes_2024-09-12_v4.pdf
2026-04-06 00:42:34,440 - INFO - Saved voting_minutes_2024-09-26_v4.pdf
2026-04-06 00:42:34,806 - INFO - Saved voting_minutes_2024-10-17_v4.pdf
2026-04-06 00:42:35,151 - INFO - Saved voting_minutes_2024-10-31_v4.pdf
2026-04-06 00:42:35,438 - INFO - Saved voting_minutes_2024-11-14_v4.pdf
2026-04-06 00:42:35,753 - INFO - Saved voting_minutes_2024-11-21_v4.pdf
2026-04-06 00:42:36,109 - INFO - Saved voting_minutes_2024-12-12_v4.pdf
2026-04-06 00:42:36,395 - INFO - Saved voting_minutes_2023-01-05_v4.pdf
2026-04-06 00:42:36,608 - INFO - Saved voting_minutes_2023-01-25_v4.pdf
2026-04-06 00:42:36,914 - INFO - Saved voting_minutes_2023-02-02_v4.pdf
2026-04-06 00:42:37,253 - INFO - Saved voting_minutes_2023-02-16_v4.pdf
2026-04-06 00:42:37,702 - INFO - Saved voting_minutes_2023-03-08_v4.pdf
2026-04-06 00:42:38,058 - INFO - Saved voting_minutes_2023-03-30_v4.pdf
2026-04-06 00:42:38,457 - INFO - Saved voting_minutes_2023-04-06_v4.pdf
2026-04-06 00:42:38,807 - INFO - Saved voting_minutes_2023-04-27_v4.pdf
2026-04-06 00:42:39,185 - INFO - Saved voting_minutes_2023-05-04_v4.pdf
2026-04-06 00:42:39,574 - INFO - Saved voting_minutes_2023-05-25_v4.pdf
2026-04-06 00:42:39,928 - INFO - Saved voting_minutes_2023-06-08_v4.pdf
2026-04-06 00:42:40,267 - INFO - Saved voting_minutes_2023-06-29_v4.pdf
2026-04-06 00:42:40,616 - INFO - Saved voting_minutes_2023-07-20_v4.pdf
2026-04-06 00:42:40,957 - INFO - Saved voting_minutes_2023-08-17_v4.pdf
2026-04-06 00:42:41,299 - INFO - Saved voting_minutes_2023-09-14_v4.pdf
2026-04-06 00:42:41,634 - INFO - Saved voting_minutes_2023-09-28_v4.pdf
2026-04-06 00:42:41,842 - INFO - Saved voting_minutes_2023-10-04_v4.pdf
2026-04-06 00:42:42,121 - INFO - Saved voting_minutes_2023-10-26_v4.pdf
2026-04-06 00:42:42,483 - INFO - Saved voting_minutes_2023-11-02_v4.pdf
2026-04-06 00:42:42,819 - INFO - Saved voting_minutes_2023-11-16_v4.pdf
2026-04-06 00:42:43,195 - INFO - Saved voting_minutes_2023-12-14_v4.pdf
2026-04-06 00:42:43,575 - INFO - Saved voting_minutes_2022-01-06_v4.pdf
2026-04-06 00:42:43,901 - INFO - Saved voting_minutes_2022-01-20_v4.pdf
2026-04-06 00:42:44,106 - INFO - Saved voting_minutes_2022-01-27_v4.pdf
2026-04-06 00:42:44,413 - INFO - Saved voting_minutes_2022-02-03_v4.pdf
2026-04-06 00:42:44,737 - INFO - Saved voting_minutes_2022-02-17_v4.pdf
2026-04-06 00:42:45,057 - INFO - Saved voting_minutes_2022-03-03_v4.pdf
2026-04-06 00:42:45,382 - INFO - Saved voting_minutes_2022-03-24_v4.pdf
2026-04-06 00:42:45,734 - INFO - Saved voting_minutes_2022-04-07_v4.pdf
2026-04-06 00:42:46,062 - INFO - Saved voting_minutes_2022-04-28_v4.pdf
2026-04-06 00:42:46,323 - INFO - Saved voting_minutes_2022-05-05_v4.pdf
2026-04-06 00:42:46,657 - INFO - Saved voting_minutes_2022-05-26_v4.pdf
2026-04-06 00:42:47,006 - INFO - Saved voting_minutes_2022-06-08_v4.pdf
2026-04-06 00:42:47,221 - INFO - Saved voting_minutes_2022-06-30_v4.pdf
2026-04-06 00:42:47,546 - INFO - Saved voting_minutes_2022-07-14_v4.pdf
2026-04-06 00:42:47,867 - INFO - Saved voting_minutes_2022-07-28_v4.pdf
2026-04-06 00:42:48,129 - INFO - Saved voting_minutes_2022-08-04_v4.pdf
2026-04-06 00:42:48,447 - INFO - Saved voting_minutes_2022-08-25_v4.pdf
2026-04-06 00:42:48,794 - INFO - Saved voting_minutes_2022-09-15_v4.pdf
2026-04-06 00:42:49,116 - INFO - Saved voting_minutes_2022-09-29_v4.pdf
2026-04-06 00:42:49,456 - INFO - Saved voting_minutes_2022-10-06_v4.pdf
2026-04-06 00:42:49,798 - INFO - Saved voting_minutes_2022-10-26_v4.pdf
2026-04-06 00:42:50,140 - INFO - Saved voting_minutes_2022-11-03_v4.pdf
2026-04-06 00:42:50,476 - INFO - Saved voting_minutes_2022-11-17_v4.pdf
2026-04-06 00:42:50,909 - INFO - Saved voting_minutes_2022-12-15_v4.pdf
2026-04-06 00:42:51,203 - INFO - Saved voting_minutes_2021-01-21_v4.pdf
2026-04-06 00:42:51,423 - INFO - Saved voting_minutes_2021-01-28_v4.pdf
2026-04-06 00:42:51,641 - INFO - Saved voting_minutes_2021-02-04_v4.pdf
2026-04-06 00:42:51,984 - INFO - Saved voting_minutes_2021-02-25_v4.pdf
2026-04-06 00:42:52,298 - INFO - Saved voting_minutes_2021-03-04_v4.pdf
2026-04-06 00:42:52,642 - INFO - Saved voting_minutes_2021-04-01_v4.pdf
2026-04-06 00:42:52,820 - INFO - Saved voting_minutes_yyyy-mm-dd_v4.pdf
2026-04-06 00:42:53,073 - INFO - Saved voting_minutes_2021-04-08_v4.pdf
2026-04-06 00:42:53,299 - INFO - Duplicate content - matches voting_minutes_yyyy-mm-dd_v4.pdf
2026-04-06 00:42:53,566 - INFO - Saved voting_minutes_2021-04-20_v4.pdf
2026-04-06 00:42:53,846 - INFO - Saved voting_minutes_2021-04-29_v4.pdf
2026-04-06 00:42:54,188 - INFO - Saved voting_minutes_2021-05-06_v4.pdf
2026-04-06 00:42:54,470 - INFO - Saved voting_minutes_2021-05-27_v4.pdf
2026-04-06 00:42:54,808 - INFO - Saved voting_minutes_2021-06-03_v4.pdf
2026-04-06 00:42:55,071 - INFO - Saved voting_minutes_2021-06-24_v4.pdf
2026-04-06 00:42:55,382 - INFO - Saved voting_minutes_2021-07-01_v4.pdf
2026-04-06 00:42:55,809 - INFO - Saved voting_minutes_2021-07-29_v4.pdf
2026-04-06 00:42:56,120 - INFO - Saved voting_minutes_2021-08-09_v4.pdf
2026-04-06 00:42:56,644 - INFO - Saved voting_minutes_2021-08-26_v4.pdf
2026-04-06 00:42:57,042 - INFO - Saved voting_minutes_2021-09-02_v4.pdf
2026-04-06 00:42:57,537 - INFO - Saved voting_minutes_2021-09-30_v4.pdf
2026-04-06 00:42:57,895 - INFO - Saved voting_minutes_2021-10-07_v4.pdf
2026-04-06 00:42:58,234 - INFO - Saved voting_minutes_2021-10-28_v4.pdf
2026-04-06 00:42:58,619 - INFO - Saved voting_minutes_2021-11-04_v4.pdf
2026-04-06 00:42:58,956 - INFO - Saved voting_minutes_2021-11-18_v4.pdf
2026-04-06 00:42:59,306 - INFO - Saved voting_minutes_2021-12-02_v4.pdf
2026-04-06 00:42:59,734 - INFO - Saved voting_minutes_2021-12-16_v4.pdf
2026-04-06 00:43:00,053 - INFO - Saved voting_minutes_2020-12-23_v4.pdf
2026-04-06 00:43:00,403 - INFO - Saved voting_minutes_2020-12-03_v4.pdf
2026-04-06 00:43:00,754 - INFO - Saved voting_minutes_2020-11-05_v4.pdf
2026-04-06 00:43:01,081 - INFO - Saved voting_minutes_2020-10-29_v4.pdf
2026-04-06 00:43:01,418 - INFO - Saved voting_minutes_2020-10-08_v4.pdf
2026-04-06 00:43:01,845 - INFO - Saved voting_minutes_2020-10-01_v4.pdf
2026-04-06 00:43:02,182 - INFO - Saved voting_minutes_2020-09-17_v4.pdf
2026-04-06 00:43:02,582 - INFO - Saved voting_minutes_2020-09-10_v4.pdf
2026-04-06 00:43:02,929 - INFO - Duplicate content - matches voting_minutes_2020-09-10_v4.pdf
2026-04-06 00:43:03,102 - INFO - Saved voting_minutes_2020-08-20_v4.pdf
2026-04-06 00:43:03,416 - INFO - Saved voting_minutes_2020-08-13_v4.pdf
2026-04-06 00:43:03,760 - INFO - Saved voting_minutes_2020-07-30_v4.pdf
2026-04-06 00:43:04,111 - INFO - Saved voting_minutes_2020-07-16_v4.pdf
2026-04-06 00:43:04,280 - INFO - Saved voting_minutes_2020-06-04_v4.pdf
2026-04-06 00:43:04,632 - INFO - Saved voting_minutes_2020-05-28_v4.pdf
2026-04-06 00:43:04,946 - INFO - Saved voting_minutes_2020-05-21_v4.pdf
2026-04-06 00:43:05,274 - INFO - Saved voting_minutes_2020-05-14_v4.pdf
2026-04-06 00:43:05,610 - INFO - Saved voting_minutes_2020-05-07_v4.pdf
2026-04-06 00:43:05,991 - INFO - Saved voting_minutes_2020-04-23_v4.pdf
2026-04-06 00:43:06,329 - INFO - Saved voting_minutes_2020-04-30_v4.pdf
2026-04-06 00:43:06,330 - INFO - Download process completed.
2026-04-06 00:43:06,330 - INFO - Application finished successfully.
2026-04-06 00:43:06,330 - INFO - Total runtime: 0 minutes 54.83 seconds
2026-04-13 00:45:16,414 - INFO - Starting Licensing Board Scraper Application
2026-04-13 00:45:16,414 - INFO - Initializing Scraper Service...
2026-04-13 00:45:16,414 - INFO - Fetching https://www.boston.gov/departments/licensing-board/licensing-board-information-and-members...
2026-04-13 00:45:17,854 - INFO - Parsing links...
2026-04-13 00:45:17,909 - INFO - Saving 416 video links to /home/runner/work/boston-liquor-license-tracker/boston-liquor-license-tracker/scraper/scrape/data/hearing_video_links.json...
2026-04-13 00:45:17,911 - INFO - Saved data to /home/runner/work/boston-liquor-license-tracker/boston-liquor-license-tracker/scraper/scrape/data/hearing_video_links.json
2026-04-13 00:45:17,911 - INFO - Extracting dates...
2026-04-13 00:45:17,913 - INFO - Saving 145 minutes links...
2026-04-13 00:45:17,914 - INFO - Saved data to /home/runner/work/boston-liquor-license-tracker/boston-liquor-license-tracker/scraper/scrape/data/voting_minutes_links.json
2026-04-13 00:45:17,914 - INFO - Link stats:
2026-04-13 00:45:17,914 - INFO - total_links: 621
2026-04-13 00:45:17,914 - INFO - client_side_links: 15
2026-04-13 00:45:17,915 - INFO - excluded_links: 45
2026-04-13 00:45:17,915 - INFO - video_links: 416
2026-04-13 00:45:17,915 - INFO - minutes_links: 145
2026-04-13 00:45:17,915 - INFO - Stats logged to /home/runner/work/boston-liquor-license-tracker/boston-liquor-license-tracker/scraper/scrape/data/link_stats_log.csv
2026-04-13 00:45:17,915 - INFO - Scraping completed.
2026-04-13 00:45:17,915 - INFO - Initializing Downloader Service with download_dir: ./data/voting_minutes_pdfs
2026-04-13 00:45:17,915 - INFO - Starting download process...
2026-04-13 00:45:17,996 - INFO - Saved voting_minutes_2026-01-08_v5.pdf
2026-04-13 00:45:18,090 - INFO - Saved voting_minutes_2026-01-29_v5.pdf
2026-04-13 00:45:18,181 - INFO - Saved voting_minutes_2026-02-12_v5.pdf
2026-04-13 00:45:18,250 - INFO - Saved voting_minutes_2026-03-05_v5.pdf
2026-04-13 00:45:18,327 - INFO - Saved voting_minutes_2026-03-26_v3.pdf
2026-04-13 00:45:18,407 - INFO - Saved voting_minutes_2026-04-09.pdf
2026-04-13 00:45:18,483 - INFO - Saved voting_minutes_2025-01-09_v5.pdf
2026-04-13 00:45:18,610 - INFO - Saved voting_minutes_2025-01-16_v5.pdf
2026-04-13 00:45:18,686 - INFO - Saved voting_minutes_2025-01-23_v5.pdf
2026-04-13 00:45:18,757 - INFO - Saved voting_minutes_2025-02-13_v5.pdf
2026-04-13 00:45:18,840 - INFO - Saved voting_minutes_2025-02-27_v5.pdf
2026-04-13 00:45:18,912 - INFO - Saved voting_minutes_2025-03-06_v5.pdf
2026-04-13 00:45:19,000 - INFO - Saved voting_minutes_2025-03-27_v5.pdf
2026-04-13 00:45:19,302 - INFO - Saved voting_minutes_2025-04-03_v5.pdf
2026-04-13 00:45:19,360 - INFO - Saved voting_minutes_2025-04-17_v5.pdf
2026-04-13 00:45:19,427 - INFO - Saved voting_minutes_2025-05-01_v5.pdf
2026-04-13 00:45:19,499 - INFO - Saved voting_minutes_2025-05-15_v5.pdf
2026-04-13 00:45:19,573 - INFO - Saved voting_minutes_2025-05-29_v5.pdf
2026-04-13 00:45:19,630 - INFO - Saved voting_minutes_2025-06-05_v5.pdf
2026-04-13 00:45:19,694 - INFO - Saved voting_minutes_2025-06-26_v5.pdf
2026-04-13 00:45:19,773 - INFO - Saved voting_minutes_2025-07-17_v5.pdf
2026-04-13 00:45:19,841 - INFO - Saved voting_minutes_2025-07-31_v5.pdf
2026-04-13 00:45:19,908 - INFO - Saved voting_minutes_2025-08-07_v5.pdf
2026-04-13 00:45:20,011 - INFO - Saved voting_minutes_2025-08-28_v5.pdf
2026-04-13 00:45:20,099 - INFO - Saved voting_minutes_2025-09-18_v5.pdf
2026-04-13 00:45:20,173 - INFO - Saved voting_minutes_2025-10-23_v5.pdf
2026-04-13 00:45:21,517 - INFO - Saved voting_minutes_yyyy-11-06_v5.pdf
2026-04-13 00:45:23,595 - INFO - Saved voting_minutes_yyyy-11-20_v5.pdf
2026-04-13 00:45:23,675 - INFO - Saved voting_minutes_2025-12-04_v5.pdf
2026-04-13 00:45:23,997 - INFO - Saved voting_minutes_2025-12-18_v5.pdf
2026-04-13 00:45:24,084 - INFO - Saved voting_minutes_2024-01-04_v5.pdf
2026-04-13 00:45:24,191 - INFO - Saved voting_minutes_2024-02-01_v5.pdf
2026-04-13 00:45:24,265 - INFO - Saved voting_minutes_2024-02-08_v5.pdf
2026-04-13 00:45:24,451 - INFO - Saved voting_minutes_2024-02-29_v5.pdf
2026-04-13 00:45:24,527 - INFO - Saved voting_minutes_2024-03-07_v5.pdf
2026-04-13 00:45:24,596 - INFO - Saved voting_minutes_2024-03-28_v5.pdf
2026-04-13 00:45:24,905 - INFO - Saved voting_minutes_2024-04-04_v5.pdf
2026-04-13 00:45:25,037 - INFO - Saved voting_minutes_2024-04-25_v5.pdf
2026-04-13 00:45:25,102 - INFO - Saved voting_minutes_2024-05-01_v5.pdf
2026-04-13 00:45:25,166 - INFO - Saved voting_minutes_2024-05-23_v5.pdf
2026-04-13 00:45:25,228 - INFO - Saved voting_minutes_2024-06-06_v5.pdf
2026-04-13 00:45:25,291 - INFO - Saved voting_minutes_2024-06-26_v5.pdf
2026-04-13 00:45:25,548 - INFO - Saved voting_minutes_2024-07-11_v5.pdf
2026-04-13 00:45:25,628 - INFO - Saved voting_minutes_2024-08-01_v5.pdf
2026-04-13 00:45:25,710 - INFO - Saved voting_minutes_2024-08-08_v5.pdf
2026-04-13 00:45:25,772 - INFO - Saved voting_minutes_2024-08-22_v5.pdf
2026-04-13 00:45:25,949 - INFO - Saved voting_minutes_2024-09-12_v5.pdf
2026-04-13 00:45:26,061 - INFO - Saved voting_minutes_2024-09-26_v5.pdf
2026-04-13 00:45:26,337 - INFO - Saved voting_minutes_2024-10-17_v5.pdf
2026-04-13 00:45:26,428 - INFO - Saved voting_minutes_2024-10-31_v5.pdf
2026-04-13 00:45:26,511 - INFO - Saved voting_minutes_2024-11-14_v5.pdf
2026-04-13 00:45:26,584 - INFO - Saved voting_minutes_2024-11-21_v5.pdf
2026-04-13 00:45:26,670 - INFO - Saved voting_minutes_2024-12-12_v5.pdf
2026-04-13 00:45:26,761 - INFO - Saved voting_minutes_2023-01-05_v5.pdf
2026-04-13 00:45:26,865 - INFO - Saved voting_minutes_2023-01-25_v5.pdf
2026-04-13 00:45:26,941 - INFO - Saved voting_minutes_2023-02-02_v5.pdf
2026-04-13 00:45:26,999 - INFO - Saved voting_minutes_2023-02-16_v5.pdf
2026-04-13 00:45:27,064 - INFO - Saved voting_minutes_2023-03-08_v5.pdf
2026-04-13 00:45:27,135 - INFO - Saved voting_minutes_2023-03-30_v5.pdf
2026-04-13 00:45:27,202 - INFO - Saved voting_minutes_2023-04-06_v5.pdf
2026-04-13 00:45:27,272 - INFO - Saved voting_minutes_2023-04-27_v5.pdf
2026-04-13 00:45:27,485 - INFO - Saved voting_minutes_2023-05-04_v5.pdf
2026-04-13 00:45:27,561 - INFO - Saved voting_minutes_2023-05-25_v5.pdf
2026-04-13 00:45:27,665 - INFO - Saved voting_minutes_2023-06-08_v5.pdf
2026-04-13 00:45:27,731 - INFO - Saved voting_minutes_2023-06-29_v5.pdf
2026-04-13 00:45:27,805 - INFO - Saved voting_minutes_2023-07-20_v5.pdf
2026-04-13 00:45:27,866 - INFO - Saved voting_minutes_2023-08-17_v5.pdf
2026-04-13 00:45:27,966 - INFO - Saved voting_minutes_2023-09-14_v5.pdf
2026-04-13 00:45:28,039 - INFO - Saved voting_minutes_2023-09-28_v5.pdf
2026-04-13 00:45:28,112 - INFO - Saved voting_minutes_2023-10-04_v5.pdf
2026-04-13 00:45:28,182 - INFO - Saved voting_minutes_2023-10-26_v5.pdf
2026-04-13 00:45:28,276 - INFO - Saved voting_minutes_2023-11-02_v5.pdf
2026-04-13 00:45:28,344 - INFO - Saved voting_minutes_2023-11-16_v5.pdf
2026-04-13 00:45:28,404 - INFO - Saved voting_minutes_2023-12-14_v5.pdf
2026-04-13 00:45:28,475 - INFO - Saved voting_minutes_2022-01-06_v5.pdf
2026-04-13 00:45:28,557 - INFO - Saved voting_minutes_2022-01-20_v5.pdf
2026-04-13 00:45:28,628 - INFO - Saved voting_minutes_2022-01-27_v5.pdf
2026-04-13 00:45:28,690 - INFO - Saved voting_minutes_2022-02-03_v5.pdf
2026-04-13 00:45:28,787 - INFO - Saved voting_minutes_2022-02-17_v5.pdf
2026-04-13 00:45:28,855 - INFO - Saved voting_minutes_2022-03-03_v5.pdf
2026-04-13 00:45:28,919 - INFO - Saved voting_minutes_2022-03-24_v5.pdf
2026-04-13 00:45:28,989 - INFO - Saved voting_minutes_2022-04-07_v5.pdf
2026-04-13 00:45:29,062 - INFO - Saved voting_minutes_2022-04-28_v5.pdf
2026-04-13 00:45:29,122 - INFO - Saved voting_minutes_2022-05-05_v5.pdf
2026-04-13 00:45:29,182 - INFO - Saved voting_minutes_2022-05-26_v5.pdf
2026-04-13 00:45:29,249 - INFO - Saved voting_minutes_2022-06-08_v5.pdf
2026-04-13 00:45:29,302 - INFO - Saved voting_minutes_2022-06-30_v5.pdf
2026-04-13 00:45:29,392 - INFO - Saved voting_minutes_2022-07-14_v5.pdf
2026-04-13 00:45:29,461 - INFO - Saved voting_minutes_2022-07-28_v5.pdf
2026-04-13 00:45:29,594 - INFO - Saved voting_minutes_2022-08-04_v5.pdf
2026-04-13 00:45:29,701 - INFO - Saved voting_minutes_2022-08-25_v5.pdf
2026-04-13 00:45:29,763 - INFO - Saved voting_minutes_2022-09-15_v5.pdf
2026-04-13 00:45:29,863 - INFO - Saved voting_minutes_2022-09-29_v5.pdf
2026-04-13 00:45:29,923 - INFO - Saved voting_minutes_2022-10-06_v5.pdf
2026-04-13 00:45:29,986 - INFO - Saved voting_minutes_2022-10-26_v5.pdf
2026-04-13 00:45:30,076 - INFO - Saved voting_minutes_2022-11-03_v5.pdf
2026-04-13 00:45:30,179 - INFO - Saved voting_minutes_2022-11-17_v5.pdf
2026-04-13 00:45:30,249 - INFO - Saved voting_minutes_2022-12-15_v5.pdf
2026-04-13 00:45:30,318 - INFO - Saved voting_minutes_2021-01-21_v5.pdf
2026-04-13 00:45:30,386 - INFO - Saved voting_minutes_2021-01-28_v5.pdf
2026-04-13 00:45:30,449 - INFO - Saved voting_minutes_2021-02-04_v5.pdf
2026-04-13 00:45:30,518 - INFO - Saved voting_minutes_2021-02-25_v5.pdf
2026-04-13 00:45:30,586 - INFO - Saved voting_minutes_2021-03-04_v5.pdf
2026-04-13 00:45:30,684 - INFO - Saved voting_minutes_2021-04-01_v5.pdf
2026-04-13 00:45:30,745 - INFO - Saved voting_minutes_yyyy-mm-dd_v5.pdf
2026-04-13 00:45:30,835 - INFO - Saved voting_minutes_2021-04-08_v5.pdf
2026-04-13 00:45:30,901 - INFO - Duplicate content - matches voting_minutes_yyyy-mm-dd_v5.pdf
2026-04-13 00:45:30,963 - INFO - Saved voting_minutes_2021-04-20_v5.pdf
2026-04-13 00:45:31,030 - INFO - Saved voting_minutes_2021-04-29_v5.pdf
2026-04-13 00:45:31,094 - INFO - Saved voting_minutes_2021-05-06_v5.pdf
2026-04-13 00:45:31,166 - INFO - Saved voting_minutes_2021-05-27_v5.pdf
2026-04-13 00:45:31,282 - INFO - Saved voting_minutes_2021-06-03_v5.pdf
2026-04-13 00:45:31,355 - INFO - Saved voting_minutes_2021-06-24_v5.pdf
2026-04-13 00:45:31,434 - INFO - Saved voting_minutes_2021-07-01_v5.pdf
2026-04-13 00:45:31,551 - INFO - Saved voting_minutes_2021-07-29_v5.pdf
2026-04-13 00:45:31,657 - INFO - Saved voting_minutes_2021-08-09_v5.pdf
2026-04-13 00:45:31,866 - INFO - Saved voting_minutes_2021-08-26_v5.pdf
2026-04-13 00:45:31,943 - INFO - Saved voting_minutes_2021-09-02_v5.pdf
2026-04-13 00:45:32,068 - INFO - Saved voting_minutes_2021-09-30_v5.pdf
2026-04-13 00:45:32,141 - INFO - Saved voting_minutes_2021-10-07_v5.pdf
2026-04-13 00:45:32,270 - INFO - Saved voting_minutes_2021-10-28_v5.pdf
2026-04-13 00:45:32,336 - INFO - Saved voting_minutes_2021-11-04_v5.pdf
2026-04-13 00:45:32,401 - INFO - Saved voting_minutes_2021-11-18_v5.pdf
2026-04-13 00:45:32,461 - INFO - Saved voting_minutes_2021-12-02_v5.pdf
2026-04-13 00:45:32,599 - INFO - Saved voting_minutes_2021-12-16_v5.pdf
2026-04-13 00:45:32,660 - INFO - Saved voting_minutes_2020-12-23_v5.pdf
2026-04-13 00:45:32,753 - INFO - Saved voting_minutes_2020-12-03_v5.pdf
2026-04-13 00:45:32,812 - INFO - Saved voting_minutes_2020-11-05_v5.pdf
2026-04-13 00:45:32,882 - INFO - Saved voting_minutes_2020-10-29_v5.pdf
2026-04-13 00:45:32,946 - INFO - Saved voting_minutes_2020-10-08_v5.pdf
2026-04-13 00:45:33,007 - INFO - Saved voting_minutes_2020-10-01_v5.pdf
2026-04-13 00:45:33,095 - INFO - Saved voting_minutes_2020-09-17_v5.pdf
2026-04-13 00:45:33,222 - INFO - Saved voting_minutes_2020-09-10_v5.pdf
2026-04-13 00:45:33,305 - INFO - Duplicate content - matches voting_minutes_2020-09-10_v5.pdf
2026-04-13 00:45:33,375 - INFO - Saved voting_minutes_2020-08-20_v5.pdf
2026-04-13 00:45:33,438 - INFO - Saved voting_minutes_2020-08-13_v5.pdf
2026-04-13 00:45:33,505 - INFO - Saved voting_minutes_2020-07-30_v5.pdf
2026-04-13 00:45:33,571 - INFO - Saved voting_minutes_2020-07-16_v5.pdf
2026-04-13 00:45:33,631 - INFO - Saved voting_minutes_2020-06-04_v5.pdf
2026-04-13 00:45:33,823 - INFO - Saved voting_minutes_2020-05-28_v5.pdf
2026-04-13 00:45:33,884 - INFO - Saved voting_minutes_2020-05-21_v5.pdf
2026-04-13 00:45:33,978 - INFO - Saved voting_minutes_2020-05-14_v5.pdf
2026-04-13 00:45:39,060 - INFO - Saved voting_minutes_2020-05-07_v5.pdf
2026-04-13 00:45:39,122 - INFO - Saved voting_minutes_2020-04-23_v5.pdf
2026-04-13 00:45:39,195 - INFO - Saved voting_minutes_2020-04-30_v5.pdf
2026-04-13 00:45:39,196 - INFO - Download process completed.
2026-04-13 00:45:39,196 - INFO - Application finished successfully.
2026-04-13 00:45:39,196 - INFO - Total runtime: 0 minutes 22.78 seconds
2026-04-20 00:45:46,379 - INFO - Starting Licensing Board Scraper Application
2026-04-20 00:45:46,379 - INFO - Initializing Scraper Service...
2026-04-20 00:45:46,379 - INFO - Fetching https://www.boston.gov/departments/licensing-board/licensing-board-information-and-members...
2026-04-20 00:45:47,689 - INFO - Parsing links...
2026-04-20 00:45:47,762 - INFO - Saving 416 video links to /home/runner/work/boston-liquor-license-tracker/boston-liquor-license-tracker/scraper/scrape/data/hearing_video_links.json...
2026-04-20 00:45:47,764 - INFO - Saved data to /home/runner/work/boston-liquor-license-tracker/boston-liquor-license-tracker/scraper/scrape/data/hearing_video_links.json
2026-04-20 00:45:47,764 - INFO - Extracting dates...
2026-04-20 00:45:47,766 - INFO - Saving 145 minutes links...
2026-04-20 00:45:47,766 - INFO - Saved data to /home/runner/work/boston-liquor-license-tracker/boston-liquor-license-tracker/scraper/scrape/data/voting_minutes_links.json
2026-04-20 00:45:47,767 - INFO - Link stats:
2026-04-20 00:45:47,767 - INFO - total_links: 621
2026-04-20 00:45:47,767 - INFO - client_side_links: 15
2026-04-20 00:45:47,767 - INFO - excluded_links: 45
2026-04-20 00:45:47,767 - INFO - video_links: 416
2026-04-20 00:45:47,767 - INFO - minutes_links: 145
2026-04-20 00:45:47,767 - INFO - Stats logged to /home/runner/work/boston-liquor-license-tracker/boston-liquor-license-tracker/scraper/scrape/data/link_stats_log.csv
2026-04-20 00:45:47,767 - INFO - Scraping completed.
2026-04-20 00:45:47,767 - INFO - Initializing Downloader Service with download_dir: ./data/voting_minutes_pdfs
2026-04-20 00:45:47,767 - INFO - Starting download process...
2026-04-20 00:45:47,944 - INFO - Saved voting_minutes_2026-01-08_v6.pdf
2026-04-20 00:45:48,069 - INFO - Saved voting_minutes_2026-01-29_v6.pdf
2026-04-20 00:45:48,213 - INFO - Saved voting_minutes_2026-02-12_v6.pdf
2026-04-20 00:45:48,330 - INFO - Saved voting_minutes_2026-03-05_v6.pdf
2026-04-20 00:45:48,467 - INFO - Saved voting_minutes_2026-03-26_v4.pdf
2026-04-20 00:45:48,605 - INFO - Saved voting_minutes_2026-04-09_v2.pdf
2026-04-20 00:45:48,697 - INFO - Saved voting_minutes_2025-01-09_v6.pdf
2026-04-20 00:45:48,804 - INFO - Saved voting_minutes_2025-01-16_v6.pdf
2026-04-20 00:45:48,916 - INFO - Saved voting_minutes_2025-01-23_v6.pdf
2026-04-20 00:45:49,042 - INFO - Saved voting_minutes_2025-02-13_v6.pdf
2026-04-20 00:45:49,169 - INFO - Saved voting_minutes_2025-02-27_v6.pdf
2026-04-20 00:45:49,271 - INFO - Saved voting_minutes_2025-03-06_v6.pdf
2026-04-20 00:45:49,373 - INFO - Saved voting_minutes_2025-03-27_v6.pdf
2026-04-20 00:45:49,470 - INFO - Saved voting_minutes_2025-04-03_v6.pdf
2026-04-20 00:45:49,564 - INFO - Saved voting_minutes_2025-04-17_v6.pdf
2026-04-20 00:45:49,791 - INFO - Saved voting_minutes_2025-05-01_v6.pdf
2026-04-20 00:45:49,908 - INFO - Saved voting_minutes_2025-05-15_v6.pdf
2026-04-20 00:45:50,045 - INFO - Saved voting_minutes_2025-05-29_v6.pdf
2026-04-20 00:45:50,189 - INFO - Saved voting_minutes_2025-06-05_v6.pdf
2026-04-20 00:45:50,294 - INFO - Saved voting_minutes_2025-06-26_v6.pdf
2026-04-20 00:45:50,410 - INFO - Saved voting_minutes_2025-07-17_v6.pdf
2026-04-20 00:45:50,640 - INFO - Saved voting_minutes_2025-07-31_v6.pdf
2026-04-20 00:45:50,791 - INFO - Saved voting_minutes_2025-08-07_v6.pdf
2026-04-20 00:45:50,904 - INFO - Saved voting_minutes_2025-08-28_v6.pdf
2026-04-20 00:45:51,170 - INFO - Saved voting_minutes_2025-09-18_v6.pdf
2026-04-20 00:45:51,280 - INFO - Saved voting_minutes_2025-10-23_v6.pdf
2026-04-20 00:45:52,749 - INFO - Saved voting_minutes_yyyy-11-06_v6.pdf
2026-04-20 00:45:54,058 - INFO - Saved voting_minutes_yyyy-11-20_v6.pdf
2026-04-20 00:45:54,152 - INFO - Saved voting_minutes_2025-12-04_v6.pdf
2026-04-20 00:45:54,294 - INFO - Saved voting_minutes_2025-12-18_v6.pdf
2026-04-20 00:45:54,388 - INFO - Saved voting_minutes_2024-01-04_v6.pdf
2026-04-20 00:45:54,509 - INFO - Saved voting_minutes_2024-02-01_v6.pdf
2026-04-20 00:45:54,607 - INFO - Saved voting_minutes_2024-02-08_v6.pdf
2026-04-20 00:45:54,704 - INFO - Saved voting_minutes_2024-02-29_v6.pdf
2026-04-20 00:45:54,800 - INFO - Saved voting_minutes_2024-03-07_v6.pdf
2026-04-20 00:45:54,940 - INFO - Saved voting_minutes_2024-03-28_v6.pdf
2026-04-20 00:45:55,038 - INFO - Saved voting_minutes_2024-04-04_v6.pdf
2026-04-20 00:45:55,153 - INFO - Saved voting_minutes_2024-04-25_v6.pdf
2026-04-20 00:45:55,251 - INFO - Saved voting_minutes_2024-05-01_v6.pdf
2026-04-20 00:45:55,388 - INFO - Saved voting_minutes_2024-05-23_v6.pdf
2026-04-20 00:45:55,489 - INFO - Saved voting_minutes_2024-06-06_v6.pdf
2026-04-20 00:45:55,733 - INFO - Saved voting_minutes_2024-06-26_v6.pdf
2026-04-20 00:45:55,827 - INFO - Saved voting_minutes_2024-07-11_v6.pdf
2026-04-20 00:45:55,941 - INFO - Saved voting_minutes_2024-08-01_v6.pdf
2026-04-20 00:45:56,049 - INFO - Saved voting_minutes_2024-08-08_v6.pdf
2026-04-20 00:45:56,210 - INFO - Saved voting_minutes_2024-08-22_v6.pdf
2026-04-20 00:45:56,301 - INFO - Saved voting_minutes_2024-09-12_v6.pdf
2026-04-20 00:45:56,399 - INFO - Saved voting_minutes_2024-09-26_v6.pdf
2026-04-20 00:45:56,494 - INFO - Saved voting_minutes_2024-10-17_v6.pdf
2026-04-20 00:45:56,585 - INFO - Saved voting_minutes_2024-10-31_v6.pdf
2026-04-20 00:45:56,670 - INFO - Saved voting_minutes_2024-11-14_v6.pdf
2026-04-20 00:45:56,756 - INFO - Saved voting_minutes_2024-11-21_v6.pdf
2026-04-20 00:45:56,851 - INFO - Saved voting_minutes_2024-12-12_v6.pdf
2026-04-20 00:45:56,980 - INFO - Saved voting_minutes_2023-01-05_v6.pdf
2026-04-20 00:45:57,065 - INFO - Saved voting_minutes_2023-01-25_v6.pdf
2026-04-20 00:45:57,153 - INFO - Saved voting_minutes_2023-02-02_v6.pdf
2026-04-20 00:45:57,238 - INFO - Saved voting_minutes_2023-02-16_v6.pdf
2026-04-20 00:45:57,344 - INFO - Saved voting_minutes_2023-03-08_v6.pdf
2026-04-20 00:45:57,440 - INFO - Saved voting_minutes_2023-03-30_v6.pdf
2026-04-20 00:45:57,527 - INFO - Saved voting_minutes_2023-04-06_v6.pdf
2026-04-20 00:45:57,615 - INFO - Saved voting_minutes_2023-04-27_v6.pdf
2026-04-20 00:45:57,711 - INFO - Saved voting_minutes_2023-05-04_v6.pdf
2026-04-20 00:45:57,871 - INFO - Saved voting_minutes_2023-05-25_v6.pdf
2026-04-20 00:45:57,967 - INFO - Saved voting_minutes_2023-06-08_v6.pdf
2026-04-20 00:45:58,055 - INFO - Saved voting_minutes_2023-06-29_v6.pdf
2026-04-20 00:45:58,151 - INFO - Saved voting_minutes_2023-07-20_v6.pdf
2026-04-20 00:45:58,235 - INFO - Saved voting_minutes_2023-08-17_v6.pdf
2026-04-20 00:45:58,320 - INFO - Saved voting_minutes_2023-09-14_v6.pdf
2026-04-20 00:45:58,409 - INFO - Saved voting_minutes_2023-09-28_v6.pdf
2026-04-20 00:45:58,522 - INFO - Saved voting_minutes_2023-10-04_v6.pdf
2026-04-20 00:45:58,624 - INFO - Saved voting_minutes_2023-10-26_v6.pdf
2026-04-20 00:45:58,714 - INFO - Saved voting_minutes_2023-11-02_v6.pdf
2026-04-20 00:45:58,803 - INFO - Saved voting_minutes_2023-11-16_v6.pdf
2026-04-20 00:45:58,962 - INFO - Saved voting_minutes_2023-12-14_v6.pdf
2026-04-20 00:45:59,098 - INFO - Saved voting_minutes_2022-01-06_v6.pdf
2026-04-20 00:45:59,182 - INFO - Saved voting_minutes_2022-01-20_v6.pdf
2026-04-20 00:45:59,272 - INFO - Saved voting_minutes_2022-01-27_v6.pdf
2026-04-20 00:45:59,360 - INFO - Saved voting_minutes_2022-02-03_v6.pdf
2026-04-20 00:45:59,454 - INFO - Saved voting_minutes_2022-02-17_v6.pdf
2026-04-20 00:45:59,677 - INFO - Saved voting_minutes_2022-03-03_v6.pdf
2026-04-20 00:45:59,774 - INFO - Saved voting_minutes_2022-03-24_v6.pdf
2026-04-20 00:45:59,897 - INFO - Saved voting_minutes_2022-04-07_v6.pdf
2026-04-20 00:45:59,986 - INFO - Saved voting_minutes_2022-04-28_v6.pdf
2026-04-20 00:46:00,132 - INFO - Saved voting_minutes_2022-05-05_v6.pdf
2026-04-20 00:46:00,244 - INFO - Saved voting_minutes_2022-05-26_v6.pdf
2026-04-20 00:46:00,399 - INFO - Saved voting_minutes_2022-06-08_v6.pdf
2026-04-20 00:46:00,518 - INFO - Saved voting_minutes_2022-06-30_v6.pdf
2026-04-20 00:46:00,668 - INFO - Saved voting_minutes_2022-07-14_v6.pdf
2026-04-20 00:46:00,770 - INFO - Saved voting_minutes_2022-07-28_v6.pdf
2026-04-20 00:46:00,854 - INFO - Saved voting_minutes_2022-08-04_v6.pdf
2026-04-20 00:46:00,957 - INFO - Saved voting_minutes_2022-08-25_v6.pdf
2026-04-20 00:46:01,046 - INFO - Saved voting_minutes_2022-09-15_v6.pdf
2026-04-20 00:46:01,173 - INFO - Saved voting_minutes_2022-09-29_v6.pdf
2026-04-20 00:46:01,257 - INFO - Saved voting_minutes_2022-10-06_v6.pdf
2026-04-20 00:46:01,345 - INFO - Saved voting_minutes_2022-10-26_v6.pdf
2026-04-20 00:46:01,438 - INFO - Saved voting_minutes_2022-11-03_v6.pdf
2026-04-20 00:46:01,541 - INFO - Saved voting_minutes_2022-11-17_v6.pdf
2026-04-20 00:46:01,651 - INFO - Saved voting_minutes_2022-12-15_v6.pdf
2026-04-20 00:46:01,728 - INFO - Saved voting_minutes_2021-01-21_v6.pdf
2026-04-20 00:46:01,816 - INFO - Saved voting_minutes_2021-01-28_v6.pdf
2026-04-20 00:46:01,896 - INFO - Saved voting_minutes_2021-02-04_v6.pdf
2026-04-20 00:46:01,990 - INFO - Saved voting_minutes_2021-02-25_v6.pdf
2026-04-20 00:46:02,069 - INFO - Saved voting_minutes_2021-03-04_v6.pdf
2026-04-20 00:46:02,163 - INFO - Saved voting_minutes_2021-04-01_v6.pdf
2026-04-20 00:46:02,252 - INFO - Saved voting_minutes_yyyy-mm-dd_v6.pdf
2026-04-20 00:46:02,347 - INFO - Saved voting_minutes_2021-04-08_v6.pdf
2026-04-20 00:46:02,434 - INFO - Duplicate content - matches voting_minutes_yyyy-mm-dd_v6.pdf
2026-04-20 00:46:02,520 - INFO - Saved voting_minutes_2021-04-20_v6.pdf
2026-04-20 00:46:02,691 - INFO - Saved voting_minutes_2021-04-29_v6.pdf
2026-04-20 00:46:02,780 - INFO - Saved voting_minutes_2021-05-06_v6.pdf
2026-04-20 00:46:02,869 - INFO - Saved voting_minutes_2021-05-27_v6.pdf
2026-04-20 00:46:02,956 - INFO - Saved voting_minutes_2021-06-03_v6.pdf
2026-04-20 00:46:03,057 - INFO - Saved voting_minutes_2021-06-24_v6.pdf
2026-04-20 00:46:03,152 - INFO - Saved voting_minutes_2021-07-01_v6.pdf
2026-04-20 00:46:03,262 - INFO - Saved voting_minutes_2021-07-29_v6.pdf
2026-04-20 00:46:03,367 - INFO - Saved voting_minutes_2021-08-09_v6.pdf
2026-04-20 00:46:03,505 - INFO - Saved voting_minutes_2021-08-26_v6.pdf
2026-04-20 00:46:03,602 - INFO - Saved voting_minutes_2021-09-02_v6.pdf
2026-04-20 00:46:03,704 - INFO - Saved voting_minutes_2021-09-30_v6.pdf
2026-04-20 00:46:03,796 - INFO - Saved voting_minutes_2021-10-07_v6.pdf
2026-04-20 00:46:03,888 - INFO - Saved voting_minutes_2021-10-28_v6.pdf
2026-04-20 00:46:04,069 - INFO - Saved voting_minutes_2021-11-04_v6.pdf
2026-04-20 00:46:04,190 - INFO - Saved voting_minutes_2021-11-18_v6.pdf
2026-04-20 00:46:04,285 - INFO - Saved voting_minutes_2021-12-02_v6.pdf
2026-04-20 00:46:04,477 - INFO - Saved voting_minutes_2021-12-16_v6.pdf
2026-04-20 00:46:04,632 - INFO - Saved voting_minutes_2020-12-23_v6.pdf
2026-04-20 00:46:04,864 - INFO - Saved voting_minutes_2020-12-03_v6.pdf
2026-04-20 00:46:04,950 - INFO - Saved voting_minutes_2020-11-05_v6.pdf
2026-04-20 00:46:05,060 - INFO - Saved voting_minutes_2020-10-29_v6.pdf
2026-04-20 00:46:05,268 - INFO - Saved voting_minutes_2020-10-08_v6.pdf
2026-04-20 00:46:05,368 - INFO - Saved voting_minutes_2020-10-01_v6.pdf
2026-04-20 00:46:05,460 - INFO - Saved voting_minutes_2020-09-17_v6.pdf
2026-04-20 00:46:05,537 - INFO - Saved voting_minutes_2020-09-10_v6.pdf
2026-04-20 00:46:05,625 - INFO - Duplicate content - matches voting_minutes_2020-09-10_v6.pdf
2026-04-20 00:46:05,812 - INFO - Saved voting_minutes_2020-08-20_v6.pdf
2026-04-20 00:46:05,914 - INFO - Saved voting_minutes_2020-08-13_v6.pdf
2026-04-20 00:46:06,012 - INFO - Saved voting_minutes_2020-07-30_v6.pdf
2026-04-20 00:46:06,095 - INFO - Saved voting_minutes_2020-07-16_v6.pdf
2026-04-20 00:46:06,287 - INFO - Saved voting_minutes_2020-06-04_v6.pdf
2026-04-20 00:46:06,380 - INFO - Saved voting_minutes_2020-05-28_v6.pdf
2026-04-20 00:46:06,480 - INFO - Saved voting_minutes_2020-05-21_v6.pdf
2026-04-20 00:46:06,580 - INFO - Saved voting_minutes_2020-05-14_v6.pdf
2026-04-20 00:46:06,770 - INFO - Saved voting_minutes_2020-05-07_v6.pdf
2026-04-20 00:46:06,917 - INFO - Saved voting_minutes_2020-04-23_v6.pdf
2026-04-20 00:46:06,997 - INFO - Saved voting_minutes_2020-04-30_v6.pdf
2026-04-20 00:46:06,997 - INFO - Download process completed.
2026-04-20 00:46:06,997 - INFO - Application finished successfully.
2026-04-20 00:46:06,997 - INFO - Total runtime: 0 minutes 20.62 seconds
2026-04-27 00:48:01,931 - INFO - Starting Licensing Board Scraper Application
2026-04-27 00:48:01,931 - INFO - Initializing Scraper Service...
2026-04-27 00:48:01,931 - INFO - Fetching https://www.boston.gov/departments/licensing-board/licensing-board-information-and-members...
2026-04-27 00:48:03,941 - INFO - Parsing links...
2026-04-27 00:48:04,005 - INFO - Saving 416 video links to /home/runner/work/boston-liquor-license-tracker/boston-liquor-license-tracker/scraper/scrape/data/hearing_video_links.json...
2026-04-27 00:48:04,007 - INFO - Saved data to /home/runner/work/boston-liquor-license-tracker/boston-liquor-license-tracker/scraper/scrape/data/hearing_video_links.json
2026-04-27 00:48:04,007 - INFO - Extracting dates...
2026-04-27 00:48:04,009 - INFO - Saving 145 minutes links...
2026-04-27 00:48:04,010 - INFO - Saved data to /home/runner/work/boston-liquor-license-tracker/boston-liquor-license-tracker/scraper/scrape/data/voting_minutes_links.json
2026-04-27 00:48:04,010 - INFO - Link stats:
2026-04-27 00:48:04,010 - INFO - total_links: 621
2026-04-27 00:48:04,010 - INFO - client_side_links: 15
2026-04-27 00:48:04,010 - INFO - excluded_links: 45
2026-04-27 00:48:04,010 - INFO - video_links: 416
2026-04-27 00:48:04,010 - INFO - minutes_links: 145
2026-04-27 00:48:04,010 - INFO - Stats logged to /home/runner/work/boston-liquor-license-tracker/boston-liquor-license-tracker/scraper/scrape/data/link_stats_log.csv
2026-04-27 00:48:04,010 - INFO - Scraping completed.
2026-04-27 00:48:04,010 - INFO - Initializing Downloader Service with download_dir: ./data/voting_minutes_pdfs
2026-04-27 00:48:04,011 - INFO - Starting download process...
2026-04-27 00:48:04,421 - INFO - Saved voting_minutes_2026-01-08_v7.pdf
2026-04-27 00:48:04,838 - INFO - Saved voting_minutes_2026-01-29_v7.pdf
2026-04-27 00:48:05,279 - INFO - Saved voting_minutes_2026-02-12_v7.pdf
2026-04-27 00:48:05,720 - INFO - Saved voting_minutes_2026-03-05_v7.pdf
2026-04-27 00:48:06,266 - INFO - Saved voting_minutes_2026-03-26_v5.pdf
2026-04-27 00:48:06,995 - INFO - Saved voting_minutes_2026-04-09_v3.pdf
2026-04-27 00:48:07,394 - INFO - Saved voting_minutes_2025-01-09_v7.pdf
2026-04-27 00:48:07,783 - INFO - Saved voting_minutes_2025-01-16_v7.pdf
2026-04-27 00:48:08,217 - INFO - Saved voting_minutes_2025-01-23_v7.pdf
2026-04-27 00:48:08,622 - INFO - Saved voting_minutes_2025-02-13_v7.pdf
2026-04-27 00:48:09,026 - INFO - Saved voting_minutes_2025-02-27_v7.pdf
2026-04-27 00:48:09,297 - INFO - Saved voting_minutes_2025-03-06_v7.pdf
2026-04-27 00:48:10,141 - INFO - Saved voting_minutes_2025-03-27_v7.pdf
2026-04-27 00:48:10,519 - INFO - Saved voting_minutes_2025-04-03_v7.pdf
2026-04-27 00:48:10,898 - INFO - Saved voting_minutes_2025-04-17_v7.pdf
2026-04-27 00:48:11,330 - INFO - Saved voting_minutes_2025-05-01_v7.pdf
2026-04-27 00:48:11,769 - INFO - Saved voting_minutes_2025-05-15_v7.pdf
2026-04-27 00:48:12,050 - INFO - Saved voting_minutes_2025-05-29_v7.pdf
2026-04-27 00:48:12,269 - INFO - Saved voting_minutes_2025-06-05_v7.pdf
2026-04-27 00:48:12,859 - INFO - Saved voting_minutes_2025-06-26_v7.pdf
2026-04-27 00:48:13,230 - INFO - Saved voting_minutes_2025-07-17_v7.pdf
2026-04-27 00:48:13,615 - INFO - Saved voting_minutes_2025-07-31_v7.pdf
2026-04-27 00:48:13,995 - INFO - Saved voting_minutes_2025-08-07_v7.pdf
2026-04-27 00:48:14,437 - INFO - Saved voting_minutes_2025-08-28_v7.pdf
2026-04-27 00:48:14,814 - INFO - Saved voting_minutes_2025-09-18_v7.pdf
2026-04-27 00:48:15,206 - INFO - Saved voting_minutes_2025-10-23_v7.pdf
2026-04-27 00:48:16,806 - INFO - Saved voting_minutes_yyyy-11-06.pdf
2026-04-27 00:48:18,458 - INFO - Saved voting_minutes_yyyy-11-20.pdf
2026-04-27 00:48:18,834 - INFO - Saved voting_minutes_2025-12-04_v7.pdf
2026-04-27 00:48:19,033 - INFO - Saved voting_minutes_2025-12-18_v7.pdf
2026-04-27 00:48:19,395 - INFO - Saved voting_minutes_2024-01-04_v7.pdf
2026-04-27 00:48:19,729 - INFO - Saved voting_minutes_2024-02-01_v7.pdf
2026-04-27 00:48:20,180 - INFO - Saved voting_minutes_2024-02-08_v7.pdf
2026-04-27 00:48:20,491 - INFO - Saved voting_minutes_2024-02-29_v7.pdf
2026-04-27 00:48:20,755 - INFO - Saved voting_minutes_2024-03-07_v7.pdf
2026-04-27 00:48:21,077 - INFO - Saved voting_minutes_2024-03-28_v7.pdf
2026-04-27 00:48:21,580 - INFO - Saved voting_minutes_2024-04-04_v7.pdf
2026-04-27 00:48:21,895 - INFO - Saved voting_minutes_2024-04-25_v7.pdf
2026-04-27 00:48:22,232 - INFO - Saved voting_minutes_2024-05-01_v7.pdf
2026-04-27 00:48:22,576 - INFO - Saved voting_minutes_2024-05-23_v7.pdf
2026-04-27 00:48:22,950 - INFO - Saved voting_minutes_2024-06-06_v7.pdf
2026-04-27 00:48:23,268 - INFO - Saved voting_minutes_2024-06-26_v7.pdf
2026-04-27 00:48:23,645 - INFO - Saved voting_minutes_2024-07-11_v7.pdf
2026-04-27 00:48:23,846 - INFO - Saved voting_minutes_2024-08-01_v7.pdf
2026-04-27 00:48:24,224 - INFO - Saved voting_minutes_2024-08-08_v7.pdf
2026-04-27 00:48:24,399 - INFO - Saved voting_minutes_2024-08-22_v7.pdf
2026-04-27 00:48:24,748 - INFO - Saved voting_minutes_2024-09-12_v7.pdf
2026-04-27 00:48:25,084 - INFO - Saved voting_minutes_2024-09-26_v7.pdf
2026-04-27 00:48:25,429 - INFO - Saved voting_minutes_2024-10-17_v7.pdf
2026-04-27 00:48:25,761 - INFO - Saved voting_minutes_2024-10-31_v7.pdf
2026-04-27 00:48:26,133 - INFO - Saved voting_minutes_2024-11-14_v7.pdf
2026-04-27 00:48:26,484 - INFO - Saved voting_minutes_2024-11-21_v7.pdf
2026-04-27 00:48:26,817 - INFO - Saved voting_minutes_2024-12-12_v7.pdf
2026-04-27 00:48:27,430 - INFO - Saved voting_minutes_2023-01-05_v7.pdf
2026-04-27 00:48:27,780 - INFO - Saved voting_minutes_2023-01-25_v7.pdf
2026-04-27 00:48:28,164 - INFO - Saved voting_minutes_2023-02-02_v7.pdf
2026-04-27 00:48:28,512 - INFO - Saved voting_minutes_2023-02-16_v7.pdf
2026-04-27 00:48:28,837 - INFO - Saved voting_minutes_2023-03-08_v7.pdf
2026-04-27 00:48:29,172 - INFO - Saved voting_minutes_2023-03-30_v7.pdf
2026-04-27 00:48:29,551 - INFO - Saved voting_minutes_2023-04-06_v7.pdf
2026-04-27 00:48:29,870 - INFO - Saved voting_minutes_2023-04-27_v7.pdf
2026-04-27 00:48:30,215 - INFO - Saved voting_minutes_2023-05-04_v7.pdf
2026-04-27 00:48:30,542 - INFO - Saved voting_minutes_2023-05-25_v7.pdf
2026-04-27 00:48:30,771 - INFO - Saved voting_minutes_2023-06-08_v7.pdf
2026-04-27 00:48:31,101 - INFO - Saved voting_minutes_2023-06-29_v7.pdf
2026-04-27 00:48:31,321 - INFO - Saved voting_minutes_2023-07-20_v7.pdf
2026-04-27 00:48:31,650 - INFO - Saved voting_minutes_2023-08-17_v7.pdf
2026-04-27 00:48:32,022 - INFO - Saved voting_minutes_2023-09-14_v7.pdf
2026-04-27 00:48:32,486 - INFO - Saved voting_minutes_2023-09-28_v7.pdf
2026-04-27 00:48:32,806 - INFO - Saved voting_minutes_2023-10-04_v7.pdf
2026-04-27 00:48:33,023 - INFO - Saved voting_minutes_2023-10-26_v7.pdf
2026-04-27 00:48:33,392 - INFO - Saved voting_minutes_2023-11-02_v7.pdf
2026-04-27 00:48:33,755 - INFO - Saved voting_minutes_2023-11-16_v7.pdf
2026-04-27 00:48:34,145 - INFO - Saved voting_minutes_2023-12-14_v7.pdf
2026-04-27 00:48:34,458 - INFO - Saved voting_minutes_2022-01-06_v7.pdf
2026-04-27 00:48:34,855 - INFO - Saved voting_minutes_2022-01-20_v7.pdf
2026-04-27 00:48:35,163 - INFO - Saved voting_minutes_2022-01-27_v7.pdf
2026-04-27 00:48:35,533 - INFO - Saved voting_minutes_2022-02-03_v7.pdf
2026-04-27 00:48:35,882 - INFO - Saved voting_minutes_2022-02-17_v7.pdf
2026-04-27 00:48:36,207 - INFO - Saved voting_minutes_2022-03-03_v7.pdf
2026-04-27 00:48:36,550 - INFO - Saved voting_minutes_2022-03-24_v7.pdf
2026-04-27 00:48:36,872 - INFO - Saved voting_minutes_2022-04-07_v7.pdf
2026-04-27 00:48:37,200 - INFO - Saved voting_minutes_2022-04-28_v7.pdf
2026-04-27 00:48:37,534 - INFO - Saved voting_minutes_2022-05-05_v7.pdf
2026-04-27 00:48:37,996 - INFO - Saved voting_minutes_2022-05-26_v7.pdf
2026-04-27 00:48:38,318 - INFO - Saved voting_minutes_2022-06-08_v7.pdf
2026-04-27 00:48:38,672 - INFO - Saved voting_minutes_2022-06-30_v7.pdf
2026-04-27 00:48:38,990 - INFO - Saved voting_minutes_2022-07-14_v7.pdf
2026-04-27 00:48:39,317 - INFO - Saved voting_minutes_2022-07-28_v7.pdf
2026-04-27 00:48:39,633 - INFO - Saved voting_minutes_2022-08-04_v7.pdf
2026-04-27 00:48:39,986 - INFO - Saved voting_minutes_2022-08-25_v7.pdf
2026-04-27 00:48:40,332 - INFO - Saved voting_minutes_2022-09-15_v7.pdf
2026-04-27 00:48:40,668 - INFO - Saved voting_minutes_2022-09-29_v7.pdf
2026-04-27 00:48:41,053 - INFO - Saved voting_minutes_2022-10-06_v7.pdf
2026-04-27 00:48:41,432 - INFO - Saved voting_minutes_2022-10-26_v7.pdf
2026-04-27 00:48:41,816 - INFO - Saved voting_minutes_2022-11-03_v7.pdf
2026-04-27 00:48:42,352 - INFO - Saved voting_minutes_2022-11-17_v7.pdf
2026-04-27 00:48:42,695 - INFO - Saved voting_minutes_2022-12-15_v7.pdf
2026-04-27 00:48:42,951 - INFO - Saved voting_minutes_2021-01-21_v7.pdf
2026-04-27 00:48:43,265 - INFO - Saved voting_minutes_2021-01-28_v7.pdf
2026-04-27 00:48:43,585 - INFO - Saved voting_minutes_2021-02-04_v7.pdf
2026-04-27 00:48:43,855 - INFO - Saved voting_minutes_2021-02-25_v7.pdf
2026-04-27 00:48:44,175 - INFO - Saved voting_minutes_2021-03-04_v7.pdf
2026-04-27 00:48:44,434 - INFO - Saved voting_minutes_2021-04-01_v7.pdf
2026-04-27 00:48:44,864 - INFO - Saved voting_minutes_yyyy-mm-dd_v7.pdf
2026-04-27 00:48:45,214 - INFO - Saved voting_minutes_2021-04-08_v7.pdf
2026-04-27 00:48:45,572 - INFO - Duplicate content - matches voting_minutes_yyyy-mm-dd_v7.pdf
2026-04-27 00:48:45,739 - INFO - Saved voting_minutes_2021-04-20_v7.pdf
2026-04-27 00:48:46,055 - INFO - Saved voting_minutes_2021-04-29_v7.pdf
2026-04-27 00:48:46,387 - INFO - Saved voting_minutes_2021-05-06_v7.pdf
2026-04-27 00:48:46,765 - INFO - Saved voting_minutes_2021-05-27_v7.pdf
2026-04-27 00:48:47,140 - INFO - Saved voting_minutes_2021-06-03_v7.pdf
2026-04-27 00:48:47,486 - INFO - Saved voting_minutes_2021-06-24_v7.pdf
2026-04-27 00:48:47,650 - INFO - Saved voting_minutes_2021-07-01_v7.pdf
2026-04-27 00:48:48,047 - INFO - Saved voting_minutes_2021-07-29_v7.pdf
2026-04-27 00:48:48,393 - INFO - Saved voting_minutes_2021-08-09_v7.pdf
2026-04-27 00:48:48,932 - INFO - Saved voting_minutes_2021-08-26_v7.pdf
2026-04-27 00:48:49,302 - INFO - Saved voting_minutes_2021-09-02_v7.pdf
2026-04-27 00:48:49,702 - INFO - Saved voting_minutes_2021-09-30_v7.pdf
2026-04-27 00:48:50,013 - INFO - Saved voting_minutes_2021-10-07_v7.pdf
2026-04-27 00:48:50,406 - INFO - Saved voting_minutes_2021-10-28_v7.pdf
2026-04-27 00:48:50,721 - INFO - Saved voting_minutes_2021-11-04_v7.pdf
2026-04-27 00:48:51,033 - INFO - Saved voting_minutes_2021-11-18_v7.pdf
2026-04-27 00:48:51,446 - INFO - Saved voting_minutes_2021-12-02_v7.pdf
2026-04-27 00:48:51,805 - INFO - Saved voting_minutes_2021-12-16_v7.pdf
2026-04-27 00:48:52,129 - INFO - Saved voting_minutes_2020-12-23_v7.pdf
2026-04-27 00:48:52,462 - INFO - Saved voting_minutes_2020-12-03_v7.pdf
2026-04-27 00:48:52,784 - INFO - Saved voting_minutes_2020-11-05_v7.pdf
2026-04-27 00:48:53,128 - INFO - Saved voting_minutes_2020-10-29_v7.pdf
2026-04-27 00:48:53,301 - INFO - Saved voting_minutes_2020-10-08_v7.pdf
2026-04-27 00:48:53,688 - INFO - Saved voting_minutes_2020-10-01_v7.pdf
2026-04-27 00:48:54,018 - INFO - Saved voting_minutes_2020-09-17_v7.pdf
2026-04-27 00:48:54,329 - INFO - Saved voting_minutes_2020-09-10_v7.pdf
2026-04-27 00:48:54,655 - INFO - Duplicate content - matches voting_minutes_2020-09-10_v7.pdf
2026-04-27 00:48:54,916 - INFO - Saved voting_minutes_2020-08-20_v7.pdf
2026-04-27 00:48:55,243 - INFO - Saved voting_minutes_2020-08-13_v7.pdf
2026-04-27 00:48:55,566 - INFO - Saved voting_minutes_2020-07-30_v7.pdf
2026-04-27 00:48:55,894 - INFO - Saved voting_minutes_2020-07-16_v7.pdf
2026-04-27 00:48:56,207 - INFO - Saved voting_minutes_2020-06-04_v7.pdf
2026-04-27 00:48:56,519 - INFO - Saved voting_minutes_2020-05-28_v7.pdf
2026-04-27 00:48:56,858 - INFO - Saved voting_minutes_2020-05-21_v7.pdf
2026-04-27 00:48:57,190 - INFO - Saved voting_minutes_2020-05-14_v7.pdf
2026-04-27 00:48:57,553 - INFO - Saved voting_minutes_2020-05-07_v7.pdf
2026-04-27 00:48:57,873 - INFO - Saved voting_minutes_2020-04-23_v7.pdf
2026-04-27 00:48:58,189 - INFO - Saved voting_minutes_2020-04-30_v7.pdf
2026-04-27 00:48:58,190 - INFO - Download process completed.
2026-04-27 00:48:58,190 - INFO - Application finished successfully.
2026-04-27 00:48:58,190 - INFO - Total runtime: 0 minutes 56.26 seconds
2026-05-04 00:51:31,701 - INFO - Starting Licensing Board Scraper Application
2026-05-04 00:51:31,701 - INFO - Initializing Scraper Service...
2026-05-04 00:51:31,702 - INFO - Fetching https://www.boston.gov/departments/licensing-board/licensing-board-information-and-members...
2026-05-04 00:51:33,305 - INFO - Parsing links...
2026-05-04 00:51:33,377 - INFO - Saving 419 video links to /home/runner/work/boston-liquor-license-tracker/boston-liquor-license-tracker/scraper/scrape/data/hearing_video_links.json...
2026-05-04 00:51:33,379 - INFO - Saved data to /home/runner/work/boston-liquor-license-tracker/boston-liquor-license-tracker/scraper/scrape/data/hearing_video_links.json
2026-05-04 00:51:33,379 - INFO - Extracting dates...
2026-05-04 00:51:33,381 - INFO - Saving 146 minutes links...
2026-05-04 00:51:33,382 - INFO - Saved data to /home/runner/work/boston-liquor-license-tracker/boston-liquor-license-tracker/scraper/scrape/data/voting_minutes_links.json
2026-05-04 00:51:33,382 - INFO - Link stats:
2026-05-04 00:51:33,382 - INFO - total_links: 625
2026-05-04 00:51:33,382 - INFO - client_side_links: 15
2026-05-04 00:51:33,382 - INFO - excluded_links: 45
2026-05-04 00:51:33,382 - INFO - video_links: 419
2026-05-04 00:51:33,382 - INFO - minutes_links: 146
2026-05-04 00:51:33,382 - INFO - Stats logged to /home/runner/work/boston-liquor-license-tracker/boston-liquor-license-tracker/scraper/scrape/data/link_stats_log.csv
2026-05-04 00:51:33,382 - INFO - Scraping completed.
2026-05-04 00:51:33,383 - INFO - Initializing Downloader Service with download_dir: ./data/voting_minutes_pdfs
2026-05-04 00:51:33,383 - INFO - Starting download process...
2026-05-04 00:51:33,534 - INFO - Saved voting_minutes_2026-01-08_v8.pdf
2026-05-04 00:51:33,677 - INFO - Saved voting_minutes_2026-01-29_v8.pdf
2026-05-04 00:51:33,804 - INFO - Saved voting_minutes_2026-02-12_v8.pdf
2026-05-04 00:51:33,911 - INFO - Saved voting_minutes_2026-03-05_v8.pdf
2026-05-04 00:51:34,033 - INFO - Saved voting_minutes_2026-03-26_v6.pdf
2026-05-04 00:51:34,165 - INFO - Saved voting_minutes_2026-04-09_v4.pdf
2026-05-04 00:51:34,278 - INFO - Saved voting_minutes_2026-04-30.pdf
2026-05-04 00:51:34,464 - INFO - Saved voting_minutes_2025-01-09_v8.pdf
2026-05-04 00:51:34,563 - INFO - Saved voting_minutes_2025-01-16_v8.pdf
2026-05-04 00:51:34,668 - INFO - Saved voting_minutes_2025-01-23_v8.pdf
2026-05-04 00:51:34,780 - INFO - Saved voting_minutes_2025-02-13_v8.pdf
2026-05-04 00:51:35,121 - INFO - Saved voting_minutes_2025-02-27_v8.pdf
2026-05-04 00:51:35,223 - INFO - Saved voting_minutes_2025-03-06_v8.pdf
2026-05-04 00:51:35,341 - INFO - Saved voting_minutes_2025-03-27_v8.pdf
2026-05-04 00:51:35,434 - INFO - Saved voting_minutes_2025-04-03_v8.pdf
2026-05-04 00:51:35,587 - INFO - Saved voting_minutes_2025-04-17_v8.pdf
2026-05-04 00:51:35,693 - INFO - Saved voting_minutes_2025-05-01_v8.pdf
2026-05-04 00:51:35,800 - INFO - Saved voting_minutes_2025-05-15_v8.pdf
2026-05-04 00:51:35,902 - INFO - Saved voting_minutes_2025-05-29_v8.pdf
2026-05-04 00:51:36,019 - INFO - Saved voting_minutes_2025-06-05_v8.pdf
2026-05-04 00:51:36,127 - INFO - Saved voting_minutes_2025-06-26_v8.pdf
2026-05-04 00:51:36,262 - INFO - Saved voting_minutes_2025-07-17_v8.pdf
2026-05-04 00:51:36,417 - INFO - Saved voting_minutes_2025-07-31_v8.pdf
2026-05-04 00:51:36,520 - INFO - Saved voting_minutes_2025-08-07_v8.pdf
2026-05-04 00:51:36,644 - INFO - Saved voting_minutes_2025-08-28_v8.pdf
2026-05-04 00:51:36,760 - INFO - Saved voting_minutes_2025-09-18_v8.pdf
2026-05-04 00:51:36,849 - INFO - Saved voting_minutes_2025-10-23_v8.pdf
2026-05-04 00:51:38,325 - INFO - Saved voting_minutes_yyyy-11-06_v2.pdf
2026-05-04 00:51:39,646 - INFO - Saved voting_minutes_yyyy-11-20_v2.pdf
2026-05-04 00:51:39,940 - INFO - Saved voting_minutes_2025-12-04_v8.pdf
2026-05-04 00:51:40,035 - INFO - Saved voting_minutes_2025-12-18_v8.pdf
2026-05-04 00:51:40,160 - INFO - Saved voting_minutes_2024-01-04_v8.pdf
2026-05-04 00:51:40,256 - INFO - Saved voting_minutes_2024-02-01_v8.pdf
2026-05-04 00:51:40,337 - INFO - Saved voting_minutes_2024-02-08_v8.pdf
2026-05-04 00:51:40,430 - INFO - Saved voting_minutes_2024-02-29_v8.pdf
2026-05-04 00:51:40,517 - INFO - Saved voting_minutes_2024-03-07_v8.pdf
2026-05-04 00:51:40,611 - INFO - Saved voting_minutes_2024-03-28_v8.pdf
2026-05-04 00:51:40,713 - INFO - Saved voting_minutes_2024-04-04_v8.pdf
2026-05-04 00:51:40,833 - INFO - Saved voting_minutes_2024-04-25_v8.pdf
2026-05-04 00:51:40,975 - INFO - Saved voting_minutes_2024-05-01_v8.pdf
2026-05-04 00:51:41,069 - INFO - Saved voting_minutes_2024-05-23_v8.pdf
2026-05-04 00:51:41,536 - INFO - Saved voting_minutes_2024-06-06_v8.pdf
2026-05-04 00:51:41,631 - INFO - Saved voting_minutes_2024-06-26_v8.pdf
2026-05-04 00:51:41,731 - INFO - Saved voting_minutes_2024-07-11_v8.pdf
2026-05-04 00:51:41,817 - INFO - Saved voting_minutes_2024-08-01_v8.pdf
2026-05-04 00:51:41,893 - INFO - Saved voting_minutes_2024-08-08_v8.pdf
2026-05-04 00:51:41,990 - INFO - Saved voting_minutes_2024-08-22_v8.pdf
2026-05-04 00:51:42,076 - INFO - Saved voting_minutes_2024-09-12_v8.pdf
2026-05-04 00:51:42,169 - INFO - Saved voting_minutes_2024-09-26_v8.pdf
2026-05-04 00:51:42,265 - INFO - Saved voting_minutes_2024-10-17_v8.pdf
2026-05-04 00:51:42,410 - INFO - Saved voting_minutes_2024-10-31_v8.pdf
2026-05-04 00:51:42,599 - INFO - Saved voting_minutes_2024-11-14_v8.pdf
2026-05-04 00:51:42,704 - INFO - Saved voting_minutes_2024-11-21_v8.pdf
2026-05-04 00:51:42,789 - INFO - Saved voting_minutes_2024-12-12_v8.pdf
2026-05-04 00:51:42,879 - INFO - Saved voting_minutes_2023-01-05_v8.pdf
2026-05-04 00:51:42,966 - INFO - Saved voting_minutes_2023-01-25_v8.pdf
2026-05-04 00:51:43,088 - INFO - Saved voting_minutes_2023-02-02_v8.pdf
2026-05-04 00:51:43,271 - INFO - Saved voting_minutes_2023-02-16_v8.pdf
2026-05-04 00:51:43,634 - INFO - Saved voting_minutes_2023-03-08_v8.pdf
2026-05-04 00:51:43,765 - INFO - Saved voting_minutes_2023-03-30_v8.pdf
2026-05-04 00:51:43,903 - INFO - Saved voting_minutes_2023-04-06_v8.pdf
2026-05-04 00:51:43,997 - INFO - Saved voting_minutes_2023-04-27_v8.pdf
2026-05-04 00:51:44,127 - INFO - Saved voting_minutes_2023-05-04_v8.pdf
2026-05-04 00:51:44,215 - INFO - Saved voting_minutes_2023-05-25_v8.pdf
2026-05-04 00:51:44,323 - INFO - Saved voting_minutes_2023-06-08_v8.pdf
2026-05-04 00:51:44,407 - INFO - Saved voting_minutes_2023-06-29_v8.pdf
2026-05-04 00:51:44,497 - INFO - Saved voting_minutes_2023-07-20_v8.pdf
2026-05-04 00:51:44,604 - INFO - Saved voting_minutes_2023-08-17_v8.pdf
2026-05-04 00:51:44,704 - INFO - Saved voting_minutes_2023-09-14_v8.pdf
2026-05-04 00:51:44,822 - INFO - Saved voting_minutes_2023-09-28_v8.pdf
2026-05-04 00:51:44,924 - INFO - Saved voting_minutes_2023-10-04_v8.pdf
2026-05-04 00:51:45,012 - INFO - Saved voting_minutes_2023-10-26_v8.pdf
2026-05-04 00:51:45,104 - INFO - Saved voting_minutes_2023-11-02_v8.pdf
2026-05-04 00:51:45,254 - INFO - Saved voting_minutes_2023-11-16_v8.pdf
2026-05-04 00:51:45,356 - INFO - Saved voting_minutes_2023-12-14_v8.pdf
2026-05-04 00:51:45,452 - INFO - Saved voting_minutes_2022-01-06_v8.pdf
2026-05-04 00:51:45,536 - INFO - Saved voting_minutes_2022-01-20_v8.pdf
2026-05-04 00:51:45,617 - INFO - Saved voting_minutes_2022-01-27_v8.pdf
2026-05-04 00:51:45,699 - INFO - Saved voting_minutes_2022-02-03_v8.pdf
2026-05-04 00:51:45,803 - INFO - Saved voting_minutes_2022-02-17_v8.pdf
2026-05-04 00:51:45,888 - INFO - Saved voting_minutes_2022-03-03_v8.pdf
2026-05-04 00:51:45,987 - INFO - Saved voting_minutes_2022-03-24_v8.pdf
2026-05-04 00:51:46,072 - INFO - Saved voting_minutes_2022-04-07_v8.pdf
2026-05-04 00:51:46,172 - INFO - Saved voting_minutes_2022-04-28_v8.pdf
2026-05-04 00:51:46,252 - INFO - Saved voting_minutes_2022-05-05_v8.pdf
2026-05-04 00:51:46,366 - INFO - Saved voting_minutes_2022-05-26_v8.pdf
2026-05-04 00:51:46,577 - INFO - Saved voting_minutes_2022-06-08_v8.pdf
2026-05-04 00:51:46,675 - INFO - Saved voting_minutes_2022-06-30_v8.pdf
2026-05-04 00:51:46,759 - INFO - Saved voting_minutes_2022-07-14_v8.pdf
2026-05-04 00:51:46,974 - INFO - Saved voting_minutes_2022-07-28_v8.pdf
2026-05-04 00:51:47,081 - INFO - Saved voting_minutes_2022-08-04_v8.pdf
2026-05-04 00:51:47,188 - INFO - Saved voting_minutes_2022-08-25_v8.pdf
2026-05-04 00:51:47,294 - INFO - Saved voting_minutes_2022-09-15_v8.pdf
2026-05-04 00:51:47,393 - INFO - Saved voting_minutes_2022-09-29_v8.pdf
2026-05-04 00:51:47,492 - INFO - Saved voting_minutes_2022-10-06_v8.pdf
2026-05-04 00:51:47,609 - INFO - Saved voting_minutes_2022-10-26_v8.pdf
2026-05-04 00:51:47,742 - INFO - Saved voting_minutes_2022-11-03_v8.pdf
2026-05-04 00:51:47,840 - INFO - Saved voting_minutes_2022-11-17_v8.pdf
2026-05-04 00:51:47,950 - INFO - Saved voting_minutes_2022-12-15_v8.pdf
2026-05-04 00:51:48,031 - INFO - Saved voting_minutes_2021-01-21_v8.pdf
2026-05-04 00:51:48,135 - INFO - Saved voting_minutes_2021-01-28_v8.pdf
2026-05-04 00:51:48,251 - INFO - Saved voting_minutes_2021-02-04_v8.pdf
2026-05-04 00:51:48,338 - INFO - Saved voting_minutes_2021-02-25_v8.pdf
2026-05-04 00:51:48,436 - INFO - Saved voting_minutes_2021-03-04_v8.pdf
2026-05-04 00:51:48,532 - INFO - Saved voting_minutes_2021-04-01_v8.pdf
2026-05-04 00:51:48,626 - INFO - Saved voting_minutes_yyyy-mm-dd_v8.pdf
2026-05-04 00:51:48,748 - INFO - Saved voting_minutes_2021-04-08_v8.pdf
2026-05-04 00:51:48,829 - INFO - Duplicate content - matches voting_minutes_yyyy-mm-dd_v8.pdf
2026-05-04 00:51:48,940 - INFO - Saved voting_minutes_2021-04-20_v8.pdf
2026-05-04 00:51:49,032 - INFO - Saved voting_minutes_2021-04-29_v8.pdf
2026-05-04 00:51:49,114 - INFO - Saved voting_minutes_2021-05-06_v8.pdf
2026-05-04 00:51:49,204 - INFO - Saved voting_minutes_2021-05-27_v8.pdf
2026-05-04 00:51:49,302 - INFO - Saved voting_minutes_2021-06-03_v8.pdf
2026-05-04 00:51:49,388 - INFO - Saved voting_minutes_2021-06-24_v8.pdf
2026-05-04 00:51:49,490 - INFO - Saved voting_minutes_2021-07-01_v8.pdf
2026-05-04 00:51:49,587 - INFO - Saved voting_minutes_2021-07-29_v8.pdf
2026-05-04 00:51:49,668 - INFO - Saved voting_minutes_2021-08-09_v8.pdf
2026-05-04 00:51:49,809 - INFO - Saved voting_minutes_2021-08-26_v8.pdf
2026-05-04 00:51:49,906 - INFO - Saved voting_minutes_2021-09-02_v8.pdf
2026-05-04 00:51:50,004 - INFO - Saved voting_minutes_2021-09-30_v8.pdf
2026-05-04 00:51:50,089 - INFO - Saved voting_minutes_2021-10-07_v8.pdf
2026-05-04 00:51:50,180 - INFO - Saved voting_minutes_2021-10-28_v8.pdf
2026-05-04 00:51:50,300 - INFO - Saved voting_minutes_2021-11-04_v8.pdf
2026-05-04 00:51:50,378 - INFO - Saved voting_minutes_2021-11-18_v8.pdf
2026-05-04 00:51:50,483 - INFO - Saved voting_minutes_2021-12-02_v8.pdf
2026-05-04 00:51:50,578 - INFO - Saved voting_minutes_2021-12-16_v8.pdf
2026-05-04 00:51:50,670 - INFO - Saved voting_minutes_2020-12-23_v8.pdf
2026-05-04 00:51:50,994 - INFO - Saved voting_minutes_2020-12-03_v8.pdf
2026-05-04 00:51:51,089 - INFO - Saved voting_minutes_2020-11-05_v8.pdf
2026-05-04 00:51:51,231 - INFO - Saved voting_minutes_2020-10-29_v8.pdf
2026-05-04 00:51:51,313 - INFO - Saved voting_minutes_2020-10-08_v8.pdf
2026-05-04 00:51:51,404 - INFO - Saved voting_minutes_2020-10-01_v8.pdf
2026-05-04 00:51:51,509 - INFO - Saved voting_minutes_2020-09-17_v8.pdf
2026-05-04 00:51:51,629 - INFO - Saved voting_minutes_2020-09-10_v8.pdf
2026-05-04 00:51:51,710 - INFO - Duplicate content - matches voting_minutes_2020-09-10_v8.pdf
2026-05-04 00:51:51,790 - INFO - Saved voting_minutes_2020-08-20_v8.pdf
2026-05-04 00:51:51,881 - INFO - Saved voting_minutes_2020-08-13_v8.pdf
2026-05-04 00:51:51,980 - INFO - Saved voting_minutes_2020-07-30_v8.pdf
2026-05-04 00:51:52,057 - INFO - Saved voting_minutes_2020-07-16_v8.pdf
2026-05-04 00:51:52,164 - INFO - Saved voting_minutes_2020-06-04_v8.pdf
2026-05-04 00:51:52,423 - INFO - Saved voting_minutes_2020-05-28_v8.pdf
2026-05-04 00:51:52,508 - INFO - Saved voting_minutes_2020-05-21_v8.pdf
2026-05-04 00:51:52,595 - INFO - Saved voting_minutes_2020-05-14_v8.pdf
2026-05-04 00:51:52,696 - INFO - Saved voting_minutes_2020-05-07_v8.pdf
2026-05-04 00:51:52,907 - INFO - Saved voting_minutes_2020-04-23_v8.pdf
2026-05-04 00:51:53,032 - INFO - Saved voting_minutes_2020-04-30_v8.pdf
2026-05-04 00:51:53,033 - INFO - Download process completed.
2026-05-04 00:51:53,033 - INFO - Application finished successfully.
2026-05-04 00:51:53,033 - INFO - Total runtime: 0 minutes 21.33 seconds
2026-05-11 00:54:39,182 - INFO - Starting Licensing Board Scraper Application
2026-05-11 00:54:39,182 - INFO - Initializing Scraper Service...
2026-05-11 00:54:39,182 - INFO - Fetching https://www.boston.gov/departments/licensing-board/licensing-board-information-and-members...
2026-05-11 00:54:41,824 - INFO - Parsing links...
2026-05-11 00:54:41,899 - INFO - Saving 421 video links to /home/runner/work/boston-liquor-license-tracker/boston-liquor-license-tracker/scraper/scrape/data/hearing_video_links.json...
2026-05-11 00:54:41,901 - INFO - Saved data to /home/runner/work/boston-liquor-license-tracker/boston-liquor-license-tracker/scraper/scrape/data/hearing_video_links.json
2026-05-11 00:54:41,901 - INFO - Extracting dates...
2026-05-11 00:54:41,903 - INFO - Saving 148 minutes links...
2026-05-11 00:54:41,904 - INFO - Saved data to /home/runner/work/boston-liquor-license-tracker/boston-liquor-license-tracker/scraper/scrape/data/voting_minutes_links.json
2026-05-11 00:54:41,904 - INFO - Link stats:
2026-05-11 00:54:41,904 - INFO - total_links: 628
2026-05-11 00:54:41,904 - INFO - client_side_links: 15
2026-05-11 00:54:41,904 - INFO - excluded_links: 44
2026-05-11 00:54:41,904 - INFO - video_links: 421
2026-05-11 00:54:41,905 - INFO - minutes_links: 148
2026-05-11 00:54:41,905 - INFO - Stats logged to /home/runner/work/boston-liquor-license-tracker/boston-liquor-license-tracker/scraper/scrape/data/link_stats_log.csv
2026-05-11 00:54:41,905 - INFO - Scraping completed.
2026-05-11 00:54:41,905 - INFO - Initializing Downloader Service with download_dir: ./data/voting_minutes_pdfs
2026-05-11 00:54:41,905 - INFO - Starting download process...
2026-05-11 00:54:42,633 - WARNING - Invalid PDF at https://www.boston.gov/form/website-feedback-form?page_url=https%3A//www.boston.gov/departments/licensing-board/licensing-board-information-and-members. Adding to exclude list.
2026-05-11 00:54:43,122 - INFO - Saved voting_minutes_2026-01-08_v9.pdf
2026-05-11 00:54:43,613 - INFO - Saved voting_minutes_2026-01-29_v9.pdf
2026-05-11 00:54:44,236 - INFO - Saved voting_minutes_2026-02-12_v9.pdf
2026-05-11 00:54:44,465 - INFO - Saved voting_minutes_2026-03-05_v9.pdf
2026-05-11 00:54:44,627 - INFO - Saved voting_minutes_2026-03-26_v7.pdf
2026-05-11 00:54:45,069 - INFO - Saved voting_minutes_2026-04-09_v5.pdf
2026-05-11 00:54:45,217 - INFO - Saved voting_minutes_2026-04-30_v2.pdf
2026-05-11 00:54:45,668 - INFO - Saved voting_minutes_2026-05-07.pdf
2026-05-11 00:54:46,142 - INFO - Saved voting_minutes_2025-01-09_v9.pdf
2026-05-11 00:54:46,609 - INFO - Saved voting_minutes_2025-01-16_v9.pdf
2026-05-11 00:54:47,054 - INFO - Saved voting_minutes_2025-01-23_v9.pdf
2026-05-11 00:54:47,760 - INFO - Saved voting_minutes_2025-02-13_v9.pdf
2026-05-11 00:54:48,032 - INFO - Saved voting_minutes_2025-02-27_v9.pdf
2026-05-11 00:54:48,448 - INFO - Saved voting_minutes_2025-03-06_v9.pdf
2026-05-11 00:54:48,863 - INFO - Saved voting_minutes_2025-03-27_v9.pdf
2026-05-11 00:54:49,339 - INFO - Saved voting_minutes_2025-04-03_v9.pdf
2026-05-11 00:54:49,835 - INFO - Saved voting_minutes_2025-04-17_v9.pdf
2026-05-11 00:54:50,330 - INFO - Saved voting_minutes_2025-05-01_v9.pdf
2026-05-11 00:54:50,845 - INFO - Saved voting_minutes_2025-05-15_v9.pdf
2026-05-11 00:54:51,294 - INFO - Saved voting_minutes_2025-05-29_v9.pdf
2026-05-11 00:54:51,727 - INFO - Saved voting_minutes_2025-06-05_v9.pdf
2026-05-11 00:54:52,269 - INFO - Saved voting_minutes_2025-06-26_v9.pdf
2026-05-11 00:54:52,555 - INFO - Saved voting_minutes_2025-07-17_v9.pdf
2026-05-11 00:54:52,995 - INFO - Saved voting_minutes_2025-07-31_v9.pdf
2026-05-11 00:54:53,425 - INFO - Saved voting_minutes_2025-08-07_v9.pdf
2026-05-11 00:54:53,901 - INFO - Saved voting_minutes_2025-08-28_v9.pdf
2026-05-11 00:54:54,567 - INFO - Saved voting_minutes_2025-09-18_v9.pdf
2026-05-11 00:54:55,036 - INFO - Saved voting_minutes_2025-10-23_v9.pdf
2026-05-11 00:54:56,439 - INFO - Saved voting_minutes_yyyy-11-06_v3.pdf
2026-05-11 00:54:57,807 - INFO - Saved voting_minutes_yyyy-11-20_v3.pdf
2026-05-11 00:54:58,230 - INFO - Saved voting_minutes_2025-12-04_v9.pdf
2026-05-11 00:54:58,664 - INFO - Saved voting_minutes_2025-12-18_v9.pdf
2026-05-11 00:54:59,011 - INFO - Saved voting_minutes_2024-01-04_v9.pdf
2026-05-11 00:54:59,432 - INFO - Saved voting_minutes_2024-02-01_v9.pdf
2026-05-11 00:54:59,843 - INFO - Saved voting_minutes_2024-02-08_v9.pdf
2026-05-11 00:55:00,296 - INFO - Saved voting_minutes_2024-02-29_v9.pdf
2026-05-11 00:55:00,637 - INFO - Saved voting_minutes_2024-03-07_v9.pdf
2026-05-11 00:55:01,016 - INFO - Saved voting_minutes_2024-03-28_v9.pdf
2026-05-11 00:55:01,433 - INFO - Saved voting_minutes_2024-04-04_v9.pdf
2026-05-11 00:55:03,176 - INFO - Saved voting_minutes_2024-04-25_v9.pdf
2026-05-11 00:55:03,350 - INFO - Saved voting_minutes_2024-05-01_v9.pdf
2026-05-11 00:55:03,703 - INFO - Saved voting_minutes_2024-05-23_v9.pdf
2026-05-11 00:55:04,053 - INFO - Saved voting_minutes_2024-06-06_v9.pdf
2026-05-11 00:55:04,469 - INFO - Saved voting_minutes_2024-06-26_v9.pdf
2026-05-11 00:55:04,812 - INFO - Saved voting_minutes_2024-07-11_v9.pdf
2026-05-11 00:55:05,348 - INFO - Saved voting_minutes_2024-08-01_v9.pdf
2026-05-11 00:55:05,759 - INFO - Saved voting_minutes_2024-08-08_v9.pdf
2026-05-11 00:55:06,163 - INFO - Saved voting_minutes_2024-08-22_v9.pdf
2026-05-11 00:55:06,565 - INFO - Saved voting_minutes_2024-09-12_v9.pdf
2026-05-11 00:55:06,891 - INFO - Saved voting_minutes_2024-09-26_v9.pdf
2026-05-11 00:55:07,369 - INFO - Saved voting_minutes_2024-10-17_v9.pdf
2026-05-11 00:55:07,835 - INFO - Saved voting_minutes_2024-10-31_v9.pdf
2026-05-11 00:55:08,186 - INFO - Saved voting_minutes_2024-11-14_v9.pdf
2026-05-11 00:55:08,328 - INFO - Saved voting_minutes_2024-11-21_v9.pdf
2026-05-11 00:55:08,762 - INFO - Saved voting_minutes_2024-12-12_v9.pdf
2026-05-11 00:55:09,157 - INFO - Saved voting_minutes_2023-01-05_v9.pdf
2026-05-11 00:55:09,567 - INFO - Saved voting_minutes_2023-01-25_v9.pdf
2026-05-11 00:55:10,009 - INFO - Saved voting_minutes_2023-02-02_v9.pdf
2026-05-11 00:55:10,355 - INFO - Saved voting_minutes_2023-02-16_v9.pdf
2026-05-11 00:55:10,802 - INFO - Saved voting_minutes_2023-03-08_v9.pdf
2026-05-11 00:55:11,026 - INFO - Saved voting_minutes_2023-03-30_v9.pdf
2026-05-11 00:55:11,392 - INFO - Saved voting_minutes_2023-04-06_v9.pdf
2026-05-11 00:55:11,747 - INFO - Saved voting_minutes_2023-04-27_v9.pdf
2026-05-11 00:55:12,091 - INFO - Saved voting_minutes_2023-05-04_v9.pdf
2026-05-11 00:55:12,529 - INFO - Saved voting_minutes_2023-05-25_v9.pdf
2026-05-11 00:55:12,921 - INFO - Saved voting_minutes_2023-06-08_v9.pdf
2026-05-11 00:55:13,194 - INFO - Saved voting_minutes_2023-06-29_v9.pdf
2026-05-11 00:55:13,641 - INFO - Saved voting_minutes_2023-07-20_v9.pdf
2026-05-11 00:55:14,019 - INFO - Saved voting_minutes_2023-08-17_v9.pdf
2026-05-11 00:55:14,405 - INFO - Saved voting_minutes_2023-09-14_v9.pdf
2026-05-11 00:55:14,541 - INFO - Saved voting_minutes_2023-09-28_v9.pdf
2026-05-11 00:55:14,976 - INFO - Saved voting_minutes_2023-10-04_v9.pdf
2026-05-11 00:55:15,448 - INFO - Saved voting_minutes_2023-10-26_v9.pdf
2026-05-11 00:55:15,994 - INFO - Saved voting_minutes_2023-11-02_v9.pdf
2026-05-11 00:55:16,379 - INFO - Saved voting_minutes_2023-11-16_v9.pdf
2026-05-11 00:55:16,658 - INFO - Saved voting_minutes_2023-12-14_v9.pdf
2026-05-11 00:55:17,001 - INFO - Saved voting_minutes_2022-01-06_v9.pdf
2026-05-11 00:55:17,176 - INFO - Saved voting_minutes_2022-01-20_v9.pdf
2026-05-11 00:55:17,556 - INFO - Saved voting_minutes_2022-01-27_v9.pdf
2026-05-11 00:55:17,849 - INFO - Saved voting_minutes_2022-02-03_v9.pdf
2026-05-11 00:55:18,004 - INFO - Saved voting_minutes_2022-02-17_v9.pdf
2026-05-11 00:55:18,206 - INFO - Saved voting_minutes_2022-03-03_v9.pdf
2026-05-11 00:55:18,567 - INFO - Saved voting_minutes_2022-03-24_v9.pdf
2026-05-11 00:55:18,991 - INFO - Saved voting_minutes_2022-04-07_v9.pdf
2026-05-11 00:55:19,367 - INFO - Saved voting_minutes_2022-04-28_v9.pdf
2026-05-11 00:55:19,500 - INFO - Saved voting_minutes_2022-05-05_v9.pdf
2026-05-11 00:55:19,878 - INFO - Saved voting_minutes_2022-05-26_v9.pdf
2026-05-11 00:55:20,287 - INFO - Saved voting_minutes_2022-06-08_v9.pdf
2026-05-11 00:55:20,630 - INFO - Saved voting_minutes_2022-06-30_v9.pdf
2026-05-11 00:55:20,982 - INFO - Saved voting_minutes_2022-07-14_v9.pdf
2026-05-11 00:55:21,375 - INFO - Saved voting_minutes_2022-07-28_v9.pdf
2026-05-11 00:55:21,742 - INFO - Saved voting_minutes_2022-08-04_v9.pdf
2026-05-11 00:55:22,185 - INFO - Saved voting_minutes_2022-08-25_v9.pdf
2026-05-11 00:55:22,550 - INFO - Saved voting_minutes_2022-09-15_v9.pdf
2026-05-11 00:55:22,956 - INFO - Saved voting_minutes_2022-09-29_v9.pdf
2026-05-11 00:55:23,331 - INFO - Saved voting_minutes_2022-10-06_v9.pdf
2026-05-11 00:55:23,760 - INFO - Saved voting_minutes_2022-10-26_v9.pdf
2026-05-11 00:55:24,053 - INFO - Saved voting_minutes_2022-11-03_v9.pdf
2026-05-11 00:55:24,414 - INFO - Saved voting_minutes_2022-11-17_v9.pdf
2026-05-11 00:55:24,631 - INFO - Saved voting_minutes_2022-12-15_v9.pdf
2026-05-11 00:55:24,928 - INFO - Saved voting_minutes_2021-01-21_v9.pdf
2026-05-11 00:55:25,366 - INFO - Saved voting_minutes_2021-01-28_v9.pdf
2026-05-11 00:55:25,865 - INFO - Saved voting_minutes_2021-02-04_v9.pdf
2026-05-11 00:55:26,207 - INFO - Saved voting_minutes_2021-02-25_v9.pdf
2026-05-11 00:55:26,571 - INFO - Saved voting_minutes_2021-03-04_v9.pdf
2026-05-11 00:55:26,921 - INFO - Saved voting_minutes_2021-04-01_v9.pdf
2026-05-11 00:55:27,138 - INFO - Saved voting_minutes_yyyy-mm-dd_v9.pdf
2026-05-11 00:55:27,504 - INFO - Saved voting_minutes_2021-04-08_v9.pdf
2026-05-11 00:55:27,859 - INFO - Duplicate content - matches voting_minutes_yyyy-mm-dd_v9.pdf
2026-05-11 00:55:28,138 - INFO - Saved voting_minutes_2021-04-20_v9.pdf
2026-05-11 00:55:28,490 - INFO - Saved voting_minutes_2021-04-29_v9.pdf
2026-05-11 00:55:28,835 - INFO - Saved voting_minutes_2021-05-06_v9.pdf
2026-05-11 00:55:29,046 - INFO - Saved voting_minutes_2021-05-27_v9.pdf
2026-05-11 00:55:29,418 - INFO - Saved voting_minutes_2021-06-03_v9.pdf
2026-05-11 00:55:29,766 - INFO - Saved voting_minutes_2021-06-24_v9.pdf
2026-05-11 00:55:29,986 - INFO - Saved voting_minutes_2021-07-01_v9.pdf
2026-05-11 00:55:30,198 - INFO - Saved voting_minutes_2021-07-29_v9.pdf
2026-05-11 00:55:30,541 - INFO - Saved voting_minutes_2021-08-09_v9.pdf
2026-05-11 00:55:30,864 - INFO - Saved voting_minutes_2021-08-26_v9.pdf
2026-05-11 00:55:31,008 - INFO - Saved voting_minutes_2021-09-02_v9.pdf
2026-05-11 00:55:31,363 - INFO - Saved voting_minutes_2021-09-30_v9.pdf
2026-05-11 00:55:31,928 - INFO - Saved voting_minutes_2021-10-07_v9.pdf
2026-05-11 00:55:32,319 - INFO - Saved voting_minutes_2021-10-28_v9.pdf
2026-05-11 00:55:32,467 - INFO - Saved voting_minutes_2021-11-04_v9.pdf
2026-05-11 00:55:32,747 - INFO - Saved voting_minutes_2021-11-18_v9.pdf
2026-05-11 00:55:32,881 - INFO - Saved voting_minutes_2021-12-02_v9.pdf
2026-05-11 00:55:33,213 - INFO - Saved voting_minutes_2021-12-16_v9.pdf
2026-05-11 00:55:33,565 - INFO - Saved voting_minutes_2020-12-23_v9.pdf
2026-05-11 00:55:33,703 - INFO - Saved voting_minutes_2020-12-03_v9.pdf
2026-05-11 00:55:34,036 - INFO - Saved voting_minutes_2020-11-05_v9.pdf
2026-05-11 00:55:34,336 - INFO - Saved voting_minutes_2020-10-29_v9.pdf
2026-05-11 00:55:34,689 - INFO - Saved voting_minutes_2020-10-08_v9.pdf
2026-05-11 00:55:35,099 - INFO - Saved voting_minutes_2020-10-01_v9.pdf
2026-05-11 00:55:35,305 - INFO - Saved voting_minutes_2020-09-17_v9.pdf
2026-05-11 00:55:35,660 - INFO - Saved voting_minutes_2020-09-10_v9.pdf
2026-05-11 00:55:35,867 - INFO - Duplicate content - matches voting_minutes_2020-09-10_v9.pdf
2026-05-11 00:55:36,217 - INFO - Saved voting_minutes_2020-08-20_v9.pdf
2026-05-11 00:55:36,556 - INFO - Saved voting_minutes_2020-08-13_v9.pdf
2026-05-11 00:55:36,900 - INFO - Saved voting_minutes_2020-07-30_v9.pdf
2026-05-11 00:55:37,276 - INFO - Saved voting_minutes_2020-07-16_v9.pdf
2026-05-11 00:55:37,529 - INFO - Saved voting_minutes_2020-06-04_v9.pdf
2026-05-11 00:55:38,002 - INFO - Saved voting_minutes_2020-05-28_v9.pdf
2026-05-11 00:55:38,310 - INFO - Saved voting_minutes_2020-05-21_v9.pdf
2026-05-11 00:55:38,659 - INFO - Saved voting_minutes_2020-05-14_v9.pdf
2026-05-11 00:55:39,023 - INFO - Saved voting_minutes_2020-05-07_v9.pdf
2026-05-11 00:55:39,383 - INFO - Saved voting_minutes_2020-04-23_v9.pdf
2026-05-11 00:55:39,739 - INFO - Saved voting_minutes_2020-04-30_v9.pdf
2026-05-11 00:55:39,740 - INFO - Download process completed.
2026-05-11 00:55:39,740 - INFO - Application finished successfully.
2026-05-11 00:55:39,740 - INFO - Total runtime: 1 minutes 0.56 seconds
2026-05-18 00:56:57,585 - INFO - Starting Licensing Board Scraper Application
2026-05-18 00:56:57,585 - INFO - Initializing Scraper Service...
2026-05-18 00:56:57,585 - INFO - Fetching https://www.boston.gov/departments/licensing-board/licensing-board-information-and-members...
2026-05-18 00:56:59,615 - INFO - Parsing links...
2026-05-18 00:56:59,672 - INFO - Saving 421 video links to /home/runner/work/boston-liquor-license-tracker/boston-liquor-license-tracker/scraper/scrape/data/hearing_video_links.json...
2026-05-18 00:56:59,674 - INFO - Saved data to /home/runner/work/boston-liquor-license-tracker/boston-liquor-license-tracker/scraper/scrape/data/hearing_video_links.json
2026-05-18 00:56:59,674 - INFO - Extracting dates...
2026-05-18 00:56:59,676 - INFO - Saving 147 minutes links...
2026-05-18 00:56:59,677 - INFO - Saved data to /home/runner/work/boston-liquor-license-tracker/boston-liquor-license-tracker/scraper/scrape/data/voting_minutes_links.json
2026-05-18 00:56:59,677 - INFO - Link stats:
2026-05-18 00:56:59,677 - INFO - total_links: 628
2026-05-18 00:56:59,677 - INFO - client_side_links: 15
2026-05-18 00:56:59,677 - INFO - excluded_links: 45
2026-05-18 00:56:59,677 - INFO - video_links: 421
2026-05-18 00:56:59,677 - INFO - minutes_links: 147
2026-05-18 00:56:59,677 - INFO - Stats logged to /home/runner/work/boston-liquor-license-tracker/boston-liquor-license-tracker/scraper/scrape/data/link_stats_log.csv
2026-05-18 00:56:59,677 - INFO - Scraping completed.
2026-05-18 00:56:59,677 - INFO - Initializing Downloader Service with download_dir: ./data/voting_minutes_pdfs
2026-05-18 00:56:59,678 - INFO - Starting download process...
2026-05-18 00:56:59,764 - INFO - Saved voting_minutes_2026-01-08_v10.pdf
2026-05-18 00:56:59,853 - INFO - Saved voting_minutes_2026-01-29_v10.pdf
2026-05-18 00:56:59,947 - INFO - Saved voting_minutes_2026-02-12_v10.pdf
2026-05-18 00:57:00,009 - INFO - Saved voting_minutes_2026-03-05_v10.pdf
2026-05-18 00:57:00,072 - INFO - Saved voting_minutes_2026-03-26_v8.pdf
2026-05-18 00:57:00,143 - INFO - Saved voting_minutes_2026-04-09_v6.pdf
2026-05-18 00:57:00,226 - INFO - Saved voting_minutes_2026-04-30_v3.pdf
2026-05-18 00:57:00,279 - INFO - Saved voting_minutes_2026-05-07_v2.pdf
2026-05-18 00:57:00,346 - INFO - Saved voting_minutes_2025-01-09_v10.pdf
2026-05-18 00:57:00,401 - INFO - Saved voting_minutes_2025-01-16_v10.pdf
2026-05-18 00:57:00,467 - INFO - Saved voting_minutes_2025-01-23_v10.pdf
2026-05-18 00:57:00,530 - INFO - Saved voting_minutes_2025-02-13_v10.pdf
2026-05-18 00:57:00,609 - INFO - Saved voting_minutes_2025-02-27_v10.pdf
2026-05-18 00:57:00,783 - INFO - Saved voting_minutes_2025-03-06_v10.pdf
2026-05-18 00:57:00,873 - INFO - Saved voting_minutes_2025-03-27_v10.pdf
2026-05-18 00:57:00,951 - INFO - Saved voting_minutes_2025-04-03_v10.pdf
2026-05-18 00:57:01,045 - INFO - Saved voting_minutes_2025-04-17_v10.pdf
2026-05-18 00:57:01,118 - INFO - Saved voting_minutes_2025-05-01_v10.pdf
2026-05-18 00:57:01,203 - INFO - Saved voting_minutes_2025-05-15_v10.pdf
2026-05-18 00:57:01,270 - INFO - Saved voting_minutes_2025-05-29_v10.pdf
2026-05-18 00:57:01,338 - INFO - Saved voting_minutes_2025-06-05_v10.pdf
2026-05-18 00:57:01,408 - INFO - Saved voting_minutes_2025-06-26_v10.pdf
2026-05-18 00:57:01,518 - INFO - Saved voting_minutes_2025-07-17_v10.pdf
2026-05-18 00:57:01,585 - INFO - Saved voting_minutes_2025-07-31_v10.pdf
2026-05-18 00:57:01,667 - INFO - Saved voting_minutes_2025-08-07_v10.pdf
2026-05-18 00:57:01,759 - INFO - Saved voting_minutes_2025-08-28_v10.pdf
2026-05-18 00:57:01,835 - INFO - Saved voting_minutes_2025-09-18_v10.pdf
2026-05-18 00:57:01,923 - INFO - Saved voting_minutes_2025-10-23_v10.pdf
2026-05-18 00:57:03,237 - INFO - Saved voting_minutes_yyyy-11-06_v4.pdf
2026-05-18 00:57:04,453 - INFO - Saved voting_minutes_yyyy-11-20_v4.pdf
2026-05-18 00:57:04,518 - INFO - Saved voting_minutes_2025-12-04_v10.pdf
2026-05-18 00:57:04,583 - INFO - Saved voting_minutes_2025-12-18_v10.pdf
2026-05-18 00:57:04,645 - INFO - Saved voting_minutes_2024-01-04_v10.pdf
2026-05-18 00:57:04,711 - INFO - Saved voting_minutes_2024-02-01_v10.pdf
2026-05-18 00:57:04,809 - INFO - Saved voting_minutes_2024-02-08_v10.pdf
2026-05-18 00:57:04,875 - INFO - Saved voting_minutes_2024-02-29_v10.pdf
2026-05-18 00:57:04,950 - INFO - Saved voting_minutes_2024-03-07_v10.pdf
2026-05-18 00:57:05,212 - INFO - Saved voting_minutes_2024-03-28_v10.pdf
2026-05-18 00:57:05,288 - INFO - Saved voting_minutes_2024-04-04_v10.pdf
2026-05-18 00:57:05,366 - INFO - Saved voting_minutes_2024-04-25_v10.pdf
2026-05-18 00:57:05,439 - INFO - Saved voting_minutes_2024-05-01_v10.pdf
2026-05-18 00:57:05,521 - INFO - Saved voting_minutes_2024-05-23_v10.pdf
2026-05-18 00:57:05,577 - INFO - Saved voting_minutes_2024-06-06_v10.pdf
2026-05-18 00:57:05,638 - INFO - Saved voting_minutes_2024-06-26_v10.pdf
2026-05-18 00:57:05,726 - INFO - Saved voting_minutes_2024-07-11_v10.pdf
2026-05-18 00:57:05,817 - INFO - Saved voting_minutes_2024-08-01_v10.pdf
2026-05-18 00:57:05,879 - INFO - Saved voting_minutes_2024-08-08_v10.pdf
2026-05-18 00:57:05,971 - INFO - Saved voting_minutes_2024-08-22_v10.pdf
2026-05-18 00:57:06,041 - INFO - Saved voting_minutes_2024-09-12_v10.pdf
2026-05-18 00:57:06,117 - INFO - Saved voting_minutes_2024-09-26_v10.pdf
2026-05-18 00:57:06,189 - INFO - Saved voting_minutes_2024-10-17_v10.pdf
2026-05-18 00:57:06,260 - INFO - Saved voting_minutes_2024-10-31_v10.pdf
2026-05-18 00:57:06,314 - INFO - Saved voting_minutes_2024-11-14_v10.pdf
2026-05-18 00:57:06,420 - INFO - Saved voting_minutes_2024-11-21_v10.pdf
2026-05-18 00:57:06,495 - INFO - Saved voting_minutes_2024-12-12_v10.pdf
2026-05-18 00:57:06,564 - INFO - Saved voting_minutes_2023-01-05_v10.pdf
2026-05-18 00:57:06,623 - INFO - Saved voting_minutes_2023-01-25_v10.pdf
2026-05-18 00:57:06,731 - INFO - Saved voting_minutes_2023-02-02_v10.pdf
2026-05-18 00:57:06,801 - INFO - Saved voting_minutes_2023-02-16_v10.pdf
2026-05-18 00:57:06,860 - INFO - Saved voting_minutes_2023-03-08_v10.pdf
2026-05-18 00:57:06,927 - INFO - Saved voting_minutes_2023-03-30_v10.pdf
2026-05-18 00:57:06,993 - INFO - Saved voting_minutes_2023-04-06_v10.pdf
2026-05-18 00:57:07,061 - INFO - Saved voting_minutes_2023-04-27_v10.pdf
2026-05-18 00:57:07,132 - INFO - Saved voting_minutes_2023-05-04_v10.pdf
2026-05-18 00:57:07,210 - INFO - Saved voting_minutes_2023-05-25_v10.pdf
2026-05-18 00:57:07,279 - INFO - Saved voting_minutes_2023-06-08_v10.pdf
2026-05-18 00:57:07,363 - INFO - Saved voting_minutes_2023-06-29_v10.pdf
2026-05-18 00:57:07,452 - INFO - Saved voting_minutes_2023-07-20_v10.pdf
2026-05-18 00:57:07,530 - INFO - Saved voting_minutes_2023-08-17_v10.pdf
2026-05-18 00:57:07,591 - INFO - Saved voting_minutes_2023-09-14_v10.pdf
2026-05-18 00:57:07,662 - INFO - Saved voting_minutes_2023-09-28_v10.pdf
2026-05-18 00:57:07,715 - INFO - Saved voting_minutes_2023-10-04_v10.pdf
2026-05-18 00:57:07,774 - INFO - Saved voting_minutes_2023-10-26_v10.pdf
2026-05-18 00:57:07,839 - INFO - Saved voting_minutes_2023-11-02_v10.pdf
2026-05-18 00:57:07,910 - INFO - Saved voting_minutes_2023-11-16_v10.pdf
2026-05-18 00:57:07,984 - INFO - Saved voting_minutes_2023-12-14_v10.pdf
2026-05-18 00:57:08,039 - INFO - Saved voting_minutes_2022-01-06_v10.pdf
2026-05-18 00:57:08,153 - INFO - Saved voting_minutes_2022-01-20_v10.pdf
2026-05-18 00:57:08,211 - INFO - Saved voting_minutes_2022-01-27_v10.pdf
2026-05-18 00:57:08,273 - INFO - Saved voting_minutes_2022-02-03_v10.pdf
2026-05-18 00:57:08,363 - INFO - Saved voting_minutes_2022-02-17_v10.pdf
2026-05-18 00:57:08,427 - INFO - Saved voting_minutes_2022-03-03_v10.pdf
2026-05-18 00:57:08,490 - INFO - Saved voting_minutes_2022-03-24_v10.pdf
2026-05-18 00:57:08,554 - INFO - Saved voting_minutes_2022-04-07_v10.pdf
2026-05-18 00:57:08,614 - INFO - Saved voting_minutes_2022-04-28_v10.pdf
2026-05-18 00:57:08,678 - INFO - Saved voting_minutes_2022-05-05_v10.pdf
2026-05-18 00:57:08,746 - INFO - Saved voting_minutes_2022-05-26_v10.pdf
2026-05-18 00:57:08,828 - INFO - Saved voting_minutes_2022-06-08_v10.pdf
2026-05-18 00:57:08,889 - INFO - Saved voting_minutes_2022-06-30_v10.pdf
2026-05-18 00:57:08,987 - INFO - Saved voting_minutes_2022-07-14_v10.pdf
2026-05-18 00:57:09,071 - INFO - Saved voting_minutes_2022-07-28_v10.pdf
2026-05-18 00:57:09,162 - INFO - Saved voting_minutes_2022-08-04_v10.pdf
2026-05-18 00:57:09,222 - INFO - Saved voting_minutes_2022-08-25_v10.pdf
2026-05-18 00:57:09,282 - INFO - Saved voting_minutes_2022-09-15_v10.pdf
2026-05-18 00:57:09,345 - INFO - Saved voting_minutes_2022-09-29_v10.pdf
2026-05-18 00:57:09,405 - INFO - Saved voting_minutes_2022-10-06_v10.pdf
2026-05-18 00:57:09,474 - INFO - Saved voting_minutes_2022-10-26_v10.pdf
2026-05-18 00:57:09,536 - INFO - Saved voting_minutes_2022-11-03_v10.pdf
2026-05-18 00:57:09,593 - INFO - Saved voting_minutes_2022-11-17_v10.pdf
2026-05-18 00:57:09,659 - INFO - Saved voting_minutes_2022-12-15_v10.pdf
2026-05-18 00:57:09,733 - INFO - Saved voting_minutes_2021-01-21_v10.pdf
2026-05-18 00:57:09,858 - INFO - Saved voting_minutes_2021-01-28_v10.pdf
2026-05-18 00:57:09,922 - INFO - Saved voting_minutes_2021-02-04_v10.pdf
2026-05-18 00:57:10,011 - INFO - Saved voting_minutes_2021-02-25_v10.pdf
2026-05-18 00:57:10,068 - INFO - Saved voting_minutes_2021-03-04_v10.pdf
2026-05-18 00:57:10,128 - INFO - Saved voting_minutes_2021-04-01_v10.pdf
2026-05-18 00:57:10,220 - INFO - Saved voting_minutes_yyyy-mm-dd_v10.pdf
2026-05-18 00:57:10,277 - INFO - Saved voting_minutes_2021-04-08_v10.pdf
2026-05-18 00:57:10,339 - INFO - Duplicate content - matches voting_minutes_yyyy-mm-dd_v10.pdf
2026-05-18 00:57:10,411 - INFO - Saved voting_minutes_2021-04-20_v10.pdf
2026-05-18 00:57:10,484 - INFO - Saved voting_minutes_2021-04-29_v10.pdf
2026-05-18 00:57:10,554 - INFO - Saved voting_minutes_2021-05-06_v10.pdf
2026-05-18 00:57:10,687 - INFO - Saved voting_minutes_2021-05-27_v10.pdf
2026-05-18 00:57:10,748 - INFO - Saved voting_minutes_2021-06-03_v10.pdf
2026-05-18 00:57:10,843 - INFO - Saved voting_minutes_2021-06-24_v10.pdf
2026-05-18 00:57:10,902 - INFO - Saved voting_minutes_2021-07-01_v10.pdf
2026-05-18 00:57:10,975 - INFO - Saved voting_minutes_2021-07-29_v10.pdf
2026-05-18 00:57:11,045 - INFO - Saved voting_minutes_2021-08-09_v10.pdf
2026-05-18 00:57:11,142 - INFO - Saved voting_minutes_2021-08-26_v10.pdf
2026-05-18 00:57:11,202 - INFO - Saved voting_minutes_2021-09-02_v10.pdf
2026-05-18 00:57:11,276 - INFO - Saved voting_minutes_2021-09-30_v10.pdf
2026-05-18 00:57:11,347 - INFO - Saved voting_minutes_2021-10-07_v10.pdf
2026-05-18 00:57:11,408 - INFO - Saved voting_minutes_2021-10-28_v10.pdf
2026-05-18 00:57:11,469 - INFO - Saved voting_minutes_2021-11-04_v10.pdf
2026-05-18 00:57:11,529 - INFO - Saved voting_minutes_2021-11-18_v10.pdf
2026-05-18 00:57:11,581 - INFO - Saved voting_minutes_2021-12-02_v10.pdf
2026-05-18 00:57:11,647 - INFO - Saved voting_minutes_2021-12-16_v10.pdf
2026-05-18 00:57:11,718 - INFO - Saved voting_minutes_2020-12-23_v10.pdf
2026-05-18 00:57:11,800 - INFO - Saved voting_minutes_2020-12-03_v10.pdf
2026-05-18 00:57:11,866 - INFO - Saved voting_minutes_2020-11-05_v10.pdf
2026-05-18 00:57:11,929 - INFO - Saved voting_minutes_2020-10-29_v10.pdf
2026-05-18 00:57:11,992 - INFO - Saved voting_minutes_2020-10-08_v10.pdf
2026-05-18 00:57:12,065 - INFO - Saved voting_minutes_2020-10-01_v10.pdf
2026-05-18 00:57:12,125 - INFO - Saved voting_minutes_2020-09-17_v10.pdf
2026-05-18 00:57:12,190 - INFO - Saved voting_minutes_2020-09-10_v10.pdf
2026-05-18 00:57:12,276 - INFO - Duplicate content - matches voting_minutes_2020-09-10_v10.pdf
2026-05-18 00:57:12,338 - INFO - Saved voting_minutes_2020-08-20_v10.pdf
2026-05-18 00:57:12,399 - INFO - Saved voting_minutes_2020-08-13_v10.pdf
2026-05-18 00:57:12,510 - INFO - Saved voting_minutes_2020-07-30_v10.pdf
2026-05-18 00:57:12,586 - INFO - Saved voting_minutes_2020-07-16_v10.pdf
2026-05-18 00:57:12,647 - INFO - Saved voting_minutes_2020-06-04_v10.pdf
2026-05-18 00:57:12,708 - INFO - Saved voting_minutes_2020-05-28_v10.pdf
2026-05-18 00:57:12,767 - INFO - Saved voting_minutes_2020-05-21_v10.pdf
2026-05-18 00:57:12,836 - INFO - Saved voting_minutes_2020-05-14_v10.pdf
2026-05-18 00:57:12,908 - INFO - Saved voting_minutes_2020-05-07_v10.pdf
2026-05-18 00:57:12,988 - INFO - Saved voting_minutes_2020-04-23_v10.pdf
2026-05-18 00:57:13,056 - INFO - Saved voting_minutes_2020-04-30_v10.pdf
2026-05-18 00:57:13,057 - INFO - Download process completed.
2026-05-18 00:57:13,057 - INFO - Application finished successfully.
2026-05-18 00:57:13,057 - INFO - Total runtime: 0 minutes 15.47 seconds
2026-06-01 01:05:12,545 - INFO - Starting Licensing Board Scraper Application
2026-06-01 01:05:12,545 - INFO - Initializing Scraper Service...
2026-06-01 01:05:12,545 - INFO - Fetching https://www.boston.gov/departments/licensing-board/licensing-board-information-and-members...
2026-06-01 01:05:14,480 - INFO - Parsing links...
2026-06-01 01:05:14,546 - INFO - Saving 425 video links to /home/runner/work/boston-liquor-license-tracker/boston-liquor-license-tracker/scraper/scrape/data/hearing_video_links.json...
2026-06-01 01:05:14,548 - INFO - Saved data to /home/runner/work/boston-liquor-license-tracker/boston-liquor-license-tracker/scraper/scrape/data/hearing_video_links.json
2026-06-01 01:05:14,548 - INFO - Extracting dates...
2026-06-01 01:05:14,550 - INFO - Saving 148 minutes links...
2026-06-01 01:05:14,551 - INFO - Saved data to /home/runner/work/boston-liquor-license-tracker/boston-liquor-license-tracker/scraper/scrape/data/voting_minutes_links.json
2026-06-01 01:05:14,551 - INFO - Link stats:
2026-06-01 01:05:14,551 - INFO - total_links: 633
2026-06-01 01:05:14,551 - INFO - client_side_links: 15
2026-06-01 01:05:14,551 - INFO - excluded_links: 45
2026-06-01 01:05:14,551 - INFO - video_links: 425
2026-06-01 01:05:14,551 - INFO - minutes_links: 148
2026-06-01 01:05:14,551 - INFO - Stats logged to /home/runner/work/boston-liquor-license-tracker/boston-liquor-license-tracker/scraper/scrape/data/link_stats_log.csv
2026-06-01 01:05:14,552 - INFO - Scraping completed.
2026-06-01 01:05:14,552 - INFO - Initializing Downloader Service with download_dir: ./data/voting_minutes_pdfs
2026-06-01 01:05:14,552 - INFO - Starting download process...
2026-06-01 01:05:14,838 - INFO - Saved voting_minutes_2026-01-08_v11.pdf
2026-06-01 01:05:15,082 - INFO - Saved voting_minutes_2026-01-29_v11.pdf
2026-06-01 01:05:15,382 - INFO - Saved voting_minutes_2026-02-12_v11.pdf
2026-06-01 01:05:15,632 - INFO - Saved voting_minutes_2026-03-05_v11.pdf
2026-06-01 01:05:15,919 - INFO - Saved voting_minutes_2026-03-26_v9.pdf
2026-06-01 01:05:16,104 - INFO - Saved voting_minutes_2026-04-09_v7.pdf
2026-06-01 01:05:16,270 - INFO - Saved voting_minutes_2026-04-30_v4.pdf
2026-06-01 01:05:16,490 - INFO - Saved voting_minutes_2026-05-07_v3.pdf
2026-06-01 01:05:16,693 - INFO - Saved voting_minutes_2026-05-21.pdf
2026-06-01 01:05:16,848 - INFO - Saved voting_minutes_2025-01-09_v11.pdf
2026-06-01 01:05:17,009 - INFO - Saved voting_minutes_2025-01-16_v11.pdf
2026-06-01 01:05:17,198 - INFO - Saved voting_minutes_2025-01-23_v11.pdf
2026-06-01 01:05:17,484 - INFO - Saved voting_minutes_2025-02-13_v11.pdf
2026-06-01 01:05:17,726 - INFO - Saved voting_minutes_2025-02-27_v11.pdf
2026-06-01 01:05:17,931 - INFO - Saved voting_minutes_2025-03-06_v11.pdf
2026-06-01 01:05:18,168 - INFO - Saved voting_minutes_2025-03-27_v11.pdf
2026-06-01 01:05:18,481 - INFO - Saved voting_minutes_2025-04-03_v11.pdf
2026-06-01 01:05:18,799 - INFO - Saved voting_minutes_2025-04-17_v11.pdf
2026-06-01 01:05:19,031 - INFO - Saved voting_minutes_2025-05-01_v11.pdf
2026-06-01 01:05:19,218 - INFO - Saved voting_minutes_2025-05-15_v11.pdf
2026-06-01 01:05:19,446 - INFO - Saved voting_minutes_2025-05-29_v11.pdf
2026-06-01 01:05:19,693 - INFO - Saved voting_minutes_2025-06-05_v11.pdf
2026-06-01 01:05:19,975 - INFO - Saved voting_minutes_2025-06-26_v11.pdf
2026-06-01 01:05:20,126 - INFO - Saved voting_minutes_2025-07-17_v11.pdf
2026-06-01 01:05:20,311 - INFO - Saved voting_minutes_2025-07-31_v11.pdf
2026-06-01 01:05:20,511 - INFO - Saved voting_minutes_2025-08-07_v11.pdf
2026-06-01 01:05:20,750 - INFO - Saved voting_minutes_2025-08-28_v11.pdf
2026-06-01 01:05:21,055 - INFO - Saved voting_minutes_2025-09-18_v11.pdf
2026-06-01 01:05:21,257 - INFO - Saved voting_minutes_2025-10-23_v11.pdf
2026-06-01 01:05:22,859 - INFO - Saved voting_minutes_yyyy-11-06_v5.pdf
2026-06-01 01:05:24,385 - INFO - Saved voting_minutes_yyyy-11-20_v5.pdf
2026-06-01 01:05:24,570 - INFO - Saved voting_minutes_2025-12-04_v11.pdf
2026-06-01 01:05:24,932 - INFO - Saved voting_minutes_2025-12-18_v11.pdf
2026-06-01 01:05:25,124 - INFO - Saved voting_minutes_2024-01-04_v11.pdf
2026-06-01 01:05:25,503 - INFO - Saved voting_minutes_2024-02-01_v11.pdf
2026-06-01 01:05:25,678 - INFO - Saved voting_minutes_2024-02-08_v11.pdf
2026-06-01 01:05:25,863 - INFO - Saved voting_minutes_2024-02-29_v11.pdf
2026-06-01 01:05:26,097 - INFO - Saved voting_minutes_2024-03-07_v11.pdf
2026-06-01 01:05:26,266 - INFO - Saved voting_minutes_2024-03-28_v11.pdf
2026-06-01 01:05:26,412 - INFO - Saved voting_minutes_2024-04-04_v11.pdf
2026-06-01 01:05:26,597 - INFO - Saved voting_minutes_2024-04-25_v11.pdf
2026-06-01 01:05:26,791 - INFO - Saved voting_minutes_2024-05-01_v11.pdf
2026-06-01 01:05:27,067 - INFO - Saved voting_minutes_2024-05-23_v11.pdf
2026-06-01 01:05:27,269 - INFO - Saved voting_minutes_2024-06-06_v11.pdf
2026-06-01 01:05:27,437 - INFO - Saved voting_minutes_2024-06-26_v11.pdf
2026-06-01 01:05:27,792 - INFO - Saved voting_minutes_2024-07-11_v11.pdf
2026-06-01 01:05:27,981 - INFO - Saved voting_minutes_2024-08-01_v11.pdf
2026-06-01 01:05:28,174 - INFO - Saved voting_minutes_2024-08-08_v11.pdf
2026-06-01 01:05:28,352 - INFO - Saved voting_minutes_2024-08-22_v11.pdf
2026-06-01 01:05:28,549 - INFO - Saved voting_minutes_2024-09-12_v11.pdf
2026-06-01 01:05:28,731 - INFO - Saved voting_minutes_2024-09-26_v11.pdf
2026-06-01 01:05:28,889 - INFO - Saved voting_minutes_2024-10-17_v11.pdf
2026-06-01 01:05:29,090 - INFO - Saved voting_minutes_2024-10-31_v11.pdf
2026-06-01 01:05:29,363 - INFO - Saved voting_minutes_2024-11-14_v11.pdf
2026-06-01 01:05:29,560 - INFO - Saved voting_minutes_2024-11-21_v11.pdf
2026-06-01 01:05:29,745 - INFO - Saved voting_minutes_2024-12-12_v11.pdf
2026-06-01 01:05:29,925 - INFO - Saved voting_minutes_2023-01-05_v11.pdf
2026-06-01 01:05:30,087 - INFO - Saved voting_minutes_2023-01-25_v11.pdf
2026-06-01 01:05:30,292 - INFO - Saved voting_minutes_2023-02-02_v11.pdf
2026-06-01 01:05:30,471 - INFO - Saved voting_minutes_2023-02-16_v11.pdf
2026-06-01 01:05:30,657 - INFO - Saved voting_minutes_2023-03-08_v11.pdf
2026-06-01 01:05:30,854 - INFO - Saved voting_minutes_2023-03-30_v11.pdf
2026-06-01 01:05:31,149 - INFO - Saved voting_minutes_2023-04-06_v11.pdf
2026-06-01 01:05:31,341 - INFO - Saved voting_minutes_2023-04-27_v11.pdf
2026-06-01 01:05:31,544 - INFO - Saved voting_minutes_2023-05-04_v11.pdf
2026-06-01 01:05:31,690 - INFO - Saved voting_minutes_2023-05-25_v11.pdf
2026-06-01 01:05:32,011 - INFO - Saved voting_minutes_2023-06-08_v11.pdf
2026-06-01 01:05:32,200 - INFO - Saved voting_minutes_2023-06-29_v11.pdf
2026-06-01 01:05:32,375 - INFO - Saved voting_minutes_2023-07-20_v11.pdf
2026-06-01 01:05:32,553 - INFO - Saved voting_minutes_2023-08-17_v11.pdf
2026-06-01 01:05:32,756 - INFO - Saved voting_minutes_2023-09-14_v11.pdf
2026-06-01 01:05:32,944 - INFO - Saved voting_minutes_2023-09-28_v11.pdf
2026-06-01 01:05:33,119 - INFO - Saved voting_minutes_2023-10-04_v11.pdf
2026-06-01 01:05:33,262 - INFO - Saved voting_minutes_2023-10-26_v11.pdf
2026-06-01 01:05:33,478 - INFO - Saved voting_minutes_2023-11-02_v11.pdf
2026-06-01 01:05:33,718 - INFO - Saved voting_minutes_2023-11-16_v11.pdf
2026-06-01 01:05:33,931 - INFO - Saved voting_minutes_2023-12-14_v11.pdf
2026-06-01 01:05:34,108 - INFO - Saved voting_minutes_2022-01-06_v11.pdf
2026-06-01 01:05:34,271 - INFO - Saved voting_minutes_2022-01-20_v11.pdf
2026-06-01 01:05:34,581 - INFO - Saved voting_minutes_2022-01-27_v11.pdf
2026-06-01 01:05:34,751 - INFO - Saved voting_minutes_2022-02-03_v11.pdf
2026-06-01 01:05:34,928 - INFO - Saved voting_minutes_2022-02-17_v11.pdf
2026-06-01 01:05:35,084 - INFO - Saved voting_minutes_2022-03-03_v11.pdf
2026-06-01 01:05:35,274 - INFO - Saved voting_minutes_2022-03-24_v11.pdf
2026-06-01 01:05:35,463 - INFO - Saved voting_minutes_2022-04-07_v11.pdf
2026-06-01 01:05:35,657 - INFO - Saved voting_minutes_2022-04-28_v11.pdf
2026-06-01 01:05:35,833 - INFO - Saved voting_minutes_2022-05-05_v11.pdf
2026-06-01 01:05:35,982 - INFO - Saved voting_minutes_2022-05-26_v11.pdf
2026-06-01 01:05:36,145 - INFO - Saved voting_minutes_2022-06-08_v11.pdf
2026-06-01 01:05:36,319 - INFO - Saved voting_minutes_2022-06-30_v11.pdf
2026-06-01 01:05:36,723 - INFO - Saved voting_minutes_2022-07-14_v11.pdf
2026-06-01 01:05:36,906 - INFO - Saved voting_minutes_2022-07-28_v11.pdf
2026-06-01 01:05:37,085 - INFO - Saved voting_minutes_2022-08-04_v11.pdf
2026-06-01 01:05:37,274 - INFO - Saved voting_minutes_2022-08-25_v11.pdf
2026-06-01 01:05:37,491 - INFO - Saved voting_minutes_2022-09-15_v11.pdf
2026-06-01 01:05:37,684 - INFO - Saved voting_minutes_2022-09-29_v11.pdf
2026-06-01 01:05:37,846 - INFO - Saved voting_minutes_2022-10-06_v11.pdf
2026-06-01 01:05:38,030 - INFO - Saved voting_minutes_2022-10-26_v11.pdf
2026-06-01 01:05:38,197 - INFO - Saved voting_minutes_2022-11-03_v11.pdf
2026-06-01 01:05:38,378 - INFO - Saved voting_minutes_2022-11-17_v11.pdf
2026-06-01 01:05:38,588 - INFO - Saved voting_minutes_2022-12-15_v11.pdf
2026-06-01 01:05:38,743 - INFO - Saved voting_minutes_2021-01-21_v11.pdf
2026-06-01 01:05:38,887 - INFO - Saved voting_minutes_2021-01-28_v11.pdf
2026-06-01 01:05:39,053 - INFO - Saved voting_minutes_2021-02-04_v11.pdf
2026-06-01 01:05:39,226 - INFO - Saved voting_minutes_2021-02-25_v11.pdf
2026-06-01 01:05:39,392 - INFO - Saved voting_minutes_2021-03-04_v11.pdf
2026-06-01 01:05:39,572 - INFO - Saved voting_minutes_2021-04-01_v11.pdf
2026-06-01 01:05:39,723 - INFO - Saved voting_minutes_yyyy-mm-dd_v11.pdf
2026-06-01 01:05:39,885 - INFO - Saved voting_minutes_2021-04-08_v11.pdf
2026-06-01 01:05:40,075 - INFO - Duplicate content - matches voting_minutes_yyyy-mm-dd_v11.pdf
2026-06-01 01:05:40,208 - INFO - Saved voting_minutes_2021-04-20_v11.pdf
2026-06-01 01:05:40,344 - INFO - Saved voting_minutes_2021-04-29_v11.pdf
2026-06-01 01:05:40,496 - INFO - Saved voting_minutes_2021-05-06_v11.pdf
2026-06-01 01:05:40,673 - INFO - Saved voting_minutes_2021-05-27_v11.pdf
2026-06-01 01:05:40,859 - INFO - Saved voting_minutes_2021-06-03_v11.pdf
2026-06-01 01:05:41,072 - INFO - Saved voting_minutes_2021-06-24_v11.pdf
2026-06-01 01:05:41,245 - INFO - Saved voting_minutes_2021-07-01_v11.pdf
2026-06-01 01:05:41,455 - INFO - Saved voting_minutes_2021-07-29_v11.pdf
2026-06-01 01:05:41,607 - INFO - Saved voting_minutes_2021-08-09_v11.pdf
2026-06-01 01:05:41,929 - INFO - Saved voting_minutes_2021-08-26_v11.pdf
2026-06-01 01:05:42,180 - INFO - Saved voting_minutes_2021-09-02_v11.pdf
2026-06-01 01:05:42,358 - INFO - Saved voting_minutes_2021-09-30_v11.pdf
2026-06-01 01:05:42,529 - INFO - Saved voting_minutes_2021-10-07_v11.pdf
2026-06-01 01:05:42,692 - INFO - Saved voting_minutes_2021-10-28_v11.pdf
2026-06-01 01:05:42,928 - INFO - Saved voting_minutes_2021-11-04_v11.pdf
2026-06-01 01:05:43,114 - INFO - Saved voting_minutes_2021-11-18_v11.pdf
2026-06-01 01:05:43,254 - INFO - Saved voting_minutes_2021-12-02_v11.pdf
2026-06-01 01:05:43,401 - INFO - Saved voting_minutes_2021-12-16_v11.pdf
2026-06-01 01:05:43,586 - INFO - Saved voting_minutes_2020-12-23_v11.pdf
2026-06-01 01:05:43,753 - INFO - Saved voting_minutes_2020-12-03_v11.pdf
2026-06-01 01:05:43,902 - INFO - Saved voting_minutes_2020-11-05_v11.pdf
2026-06-01 01:05:44,123 - INFO - Saved voting_minutes_2020-10-29_v11.pdf
2026-06-01 01:05:44,299 - INFO - Saved voting_minutes_2020-10-08_v11.pdf
2026-06-01 01:05:44,496 - INFO - Saved voting_minutes_2020-10-01_v11.pdf
2026-06-01 01:05:44,683 - INFO - Saved voting_minutes_2020-09-17_v11.pdf
2026-06-01 01:05:44,832 - INFO - Saved voting_minutes_2020-09-10_v11.pdf
2026-06-01 01:05:45,017 - INFO - Duplicate content - matches voting_minutes_2020-09-10_v11.pdf
2026-06-01 01:05:45,197 - INFO - Saved voting_minutes_2020-08-20_v11.pdf
2026-06-01 01:05:45,331 - INFO - Saved voting_minutes_2020-08-13_v11.pdf
2026-06-01 01:05:45,562 - INFO - Saved voting_minutes_2020-07-30_v11.pdf
2026-06-01 01:05:45,743 - INFO - Saved voting_minutes_2020-07-16_v11.pdf
2026-06-01 01:05:45,908 - INFO - Saved voting_minutes_2020-06-04_v11.pdf
2026-06-01 01:05:46,107 - INFO - Saved voting_minutes_2020-05-28_v11.pdf
2026-06-01 01:05:46,290 - INFO - Saved voting_minutes_2020-05-21_v11.pdf
2026-06-01 01:05:46,425 - INFO - Saved voting_minutes_2020-05-14_v11.pdf
2026-06-01 01:05:46,569 - INFO - Saved voting_minutes_2020-05-07_v11.pdf
2026-06-01 01:05:46,765 - INFO - Saved voting_minutes_2020-04-23_v11.pdf
2026-06-01 01:05:46,934 - INFO - Saved voting_minutes_2020-04-30_v11.pdf
2026-06-01 01:05:46,935 - INFO - Download process completed.
2026-06-01 01:05:46,935 - INFO - Application finished successfully.
2026-06-01 01:05:46,935 - INFO - Total runtime: 0 minutes 34.39 seconds
2026-06-08 01:04:50,169 - INFO - Starting Licensing Board Scraper Application
2026-06-08 01:04:50,169 - INFO - Initializing Scraper Service...
2026-06-08 01:04:50,169 - INFO - Fetching https://www.boston.gov/departments/licensing-board/licensing-board-information-and-members...
2026-06-08 01:04:52,136 - INFO - Parsing links...
2026-06-08 01:04:52,211 - INFO - Saving 427 video links to /home/runner/work/boston-liquor-license-tracker/boston-liquor-license-tracker/scraper/scrape/data/hearing_video_links.json...
2026-06-08 01:04:52,213 - INFO - Saved data to /home/runner/work/boston-liquor-license-tracker/boston-liquor-license-tracker/scraper/scrape/data/hearing_video_links.json
2026-06-08 01:04:52,213 - INFO - Extracting dates...
2026-06-08 01:04:52,215 - INFO - Saving 149 minutes links...
2026-06-08 01:04:52,215 - INFO - Saved data to /home/runner/work/boston-liquor-license-tracker/boston-liquor-license-tracker/scraper/scrape/data/voting_minutes_links.json
2026-06-08 01:04:52,216 - INFO - Link stats:
2026-06-08 01:04:52,216 - INFO - total_links: 636
2026-06-08 01:04:52,216 - INFO - client_side_links: 15
2026-06-08 01:04:52,216 - INFO - excluded_links: 45
2026-06-08 01:04:52,216 - INFO - video_links: 427
2026-06-08 01:04:52,216 - INFO - minutes_links: 149
2026-06-08 01:04:52,216 - INFO - Stats logged to /home/runner/work/boston-liquor-license-tracker/boston-liquor-license-tracker/scraper/scrape/data/link_stats_log.csv
2026-06-08 01:04:52,216 - INFO - Scraping completed.
2026-06-08 01:04:52,216 - INFO - Initializing Downloader Service with download_dir: ./data/voting_minutes_pdfs
2026-06-08 01:04:52,216 - INFO - Starting download process...
2026-06-08 01:04:52,422 - INFO - Saved voting_minutes_2026-01-08_v12.pdf
2026-06-08 01:04:52,607 - INFO - Saved voting_minutes_2026-01-29_v12.pdf
2026-06-08 01:04:52,833 - INFO - Saved voting_minutes_2026-02-12_v12.pdf
2026-06-08 01:04:53,066 - INFO - Saved voting_minutes_2026-03-05_v12.pdf
2026-06-08 01:04:53,294 - INFO - Saved voting_minutes_2026-03-26_v10.pdf
2026-06-08 01:04:53,516 - INFO - Saved voting_minutes_2026-04-09_v8.pdf
2026-06-08 01:04:53,697 - INFO - Saved voting_minutes_2026-04-30_v5.pdf
2026-06-08 01:04:53,851 - INFO - Saved voting_minutes_2026-05-07_v4.pdf
2026-06-08 01:04:54,055 - INFO - Saved voting_minutes_2026-05-21_v2.pdf
2026-06-08 01:04:54,281 - INFO - Saved voting_minutes_2026-06-04.pdf
2026-06-08 01:04:54,498 - INFO - Saved voting_minutes_2025-01-09_v12.pdf
2026-06-08 01:04:54,694 - INFO - Saved voting_minutes_2025-01-16_v12.pdf
2026-06-08 01:04:54,890 - INFO - Saved voting_minutes_2025-01-23_v12.pdf
2026-06-08 01:04:55,155 - INFO - Saved voting_minutes_2025-02-13_v12.pdf
2026-06-08 01:04:55,360 - INFO - Saved voting_minutes_2025-02-27_v12.pdf
2026-06-08 01:04:55,584 - INFO - Saved voting_minutes_2025-03-06_v12.pdf
2026-06-08 01:04:55,779 - INFO - Saved voting_minutes_2025-03-27_v12.pdf
2026-06-08 01:04:55,999 - INFO - Saved voting_minutes_2025-04-03_v12.pdf
2026-06-08 01:04:56,188 - INFO - Saved voting_minutes_2025-04-17_v12.pdf
2026-06-08 01:04:56,377 - INFO - Saved voting_minutes_2025-05-01_v12.pdf
2026-06-08 01:04:56,586 - INFO - Saved voting_minutes_2025-05-15_v12.pdf
2026-06-08 01:04:56,791 - INFO - Saved voting_minutes_2025-05-29_v12.pdf
2026-06-08 01:04:56,956 - INFO - Saved voting_minutes_2025-06-05_v12.pdf
2026-06-08 01:04:57,165 - INFO - Saved voting_minutes_2025-06-26_v12.pdf
2026-06-08 01:04:57,399 - INFO - Saved voting_minutes_2025-07-17_v12.pdf
2026-06-08 01:04:57,580 - INFO - Saved voting_minutes_2025-07-31_v12.pdf
2026-06-08 01:04:57,767 - INFO - Saved voting_minutes_2025-08-07_v12.pdf
2026-06-08 01:04:58,028 - INFO - Saved voting_minutes_2025-08-28_v12.pdf
2026-06-08 01:04:58,219 - INFO - Saved voting_minutes_2025-09-18_v12.pdf
2026-06-08 01:04:58,436 - INFO - Saved voting_minutes_2025-10-23_v12.pdf
2026-06-08 01:04:59,870 - INFO - Saved voting_minutes_yyyy-11-06_v6.pdf
2026-06-08 01:05:01,140 - INFO - Saved voting_minutes_yyyy-11-20_v6.pdf
2026-06-08 01:05:01,336 - INFO - Saved voting_minutes_2025-12-04_v12.pdf
2026-06-08 01:05:01,538 - INFO - Saved voting_minutes_2025-12-18_v12.pdf
2026-06-08 01:05:01,716 - INFO - Saved voting_minutes_2024-01-04_v12.pdf
2026-06-08 01:05:01,883 - INFO - Saved voting_minutes_2024-02-01_v12.pdf
2026-06-08 01:05:02,064 - INFO - Saved voting_minutes_2024-02-08_v12.pdf
2026-06-08 01:05:02,260 - INFO - Saved voting_minutes_2024-02-29_v12.pdf
2026-06-08 01:05:02,427 - INFO - Saved voting_minutes_2024-03-07_v12.pdf
2026-06-08 01:05:02,601 - INFO - Saved voting_minutes_2024-03-28_v12.pdf
2026-06-08 01:05:02,807 - INFO - Saved voting_minutes_2024-04-04_v12.pdf
2026-06-08 01:05:03,006 - INFO - Saved voting_minutes_2024-04-25_v12.pdf
2026-06-08 01:05:03,202 - INFO - Saved voting_minutes_2024-05-01_v12.pdf
2026-06-08 01:05:03,394 - INFO - Saved voting_minutes_2024-05-23_v12.pdf
2026-06-08 01:05:03,589 - INFO - Saved voting_minutes_2024-06-06_v12.pdf
2026-06-08 01:05:03,757 - INFO - Saved voting_minutes_2024-06-26_v12.pdf
2026-06-08 01:05:03,943 - INFO - Saved voting_minutes_2024-07-11_v12.pdf
2026-06-08 01:05:04,164 - INFO - Saved voting_minutes_2024-08-01_v12.pdf
2026-06-08 01:05:04,333 - INFO - Saved voting_minutes_2024-08-08_v12.pdf
2026-06-08 01:05:04,520 - INFO - Saved voting_minutes_2024-08-22_v12.pdf
2026-06-08 01:05:04,690 - INFO - Saved voting_minutes_2024-09-12_v12.pdf
2026-06-08 01:05:04,870 - INFO - Saved voting_minutes_2024-09-26_v12.pdf
2026-06-08 01:05:05,073 - INFO - Saved voting_minutes_2024-10-17_v12.pdf
2026-06-08 01:05:05,284 - INFO - Saved voting_minutes_2024-10-31_v12.pdf
2026-06-08 01:05:05,539 - INFO - Saved voting_minutes_2024-11-14_v12.pdf
2026-06-08 01:05:05,725 - INFO - Saved voting_minutes_2024-11-21_v12.pdf
2026-06-08 01:05:05,969 - INFO - Saved voting_minutes_2024-12-12_v12.pdf
2026-06-08 01:05:06,145 - INFO - Saved voting_minutes_2023-01-05_v12.pdf
2026-06-08 01:05:06,330 - INFO - Saved voting_minutes_2023-01-25_v12.pdf
2026-06-08 01:05:06,516 - INFO - Saved voting_minutes_2023-02-02_v12.pdf
2026-06-08 01:05:06,699 - INFO - Saved voting_minutes_2023-02-16_v12.pdf
2026-06-08 01:05:07,092 - INFO - Saved voting_minutes_2023-03-08_v12.pdf
2026-06-08 01:05:07,403 - INFO - Saved voting_minutes_2023-03-30_v12.pdf
2026-06-08 01:05:07,797 - INFO - Saved voting_minutes_2023-04-06_v12.pdf
2026-06-08 01:05:08,077 - INFO - Saved voting_minutes_2023-04-27_v12.pdf
2026-06-08 01:05:08,381 - INFO - Saved voting_minutes_2023-05-04_v12.pdf
2026-06-08 01:05:08,609 - INFO - Saved voting_minutes_2023-05-25_v12.pdf
2026-06-08 01:05:08,884 - INFO - Saved voting_minutes_2023-06-08_v12.pdf
2026-06-08 01:05:09,089 - INFO - Saved voting_minutes_2023-06-29_v12.pdf
2026-06-08 01:05:09,308 - INFO - Saved voting_minutes_2023-07-20_v12.pdf
2026-06-08 01:05:09,478 - INFO - Saved voting_minutes_2023-08-17_v12.pdf
2026-06-08 01:05:09,656 - INFO - Saved voting_minutes_2023-09-14_v12.pdf
2026-06-08 01:05:09,917 - INFO - Saved voting_minutes_2023-09-28_v12.pdf
2026-06-08 01:05:10,087 - INFO - Saved voting_minutes_2023-10-04_v12.pdf
2026-06-08 01:05:10,358 - INFO - Saved voting_minutes_2023-10-26_v12.pdf
2026-06-08 01:05:10,574 - INFO - Saved voting_minutes_2023-11-02_v12.pdf
2026-06-08 01:05:10,782 - INFO - Saved voting_minutes_2023-11-16_v12.pdf
2026-06-08 01:05:11,051 - INFO - Saved voting_minutes_2023-12-14_v12.pdf
2026-06-08 01:05:11,349 - INFO - Saved voting_minutes_2022-01-06_v12.pdf
2026-06-08 01:05:11,540 - INFO - Saved voting_minutes_2022-01-20_v12.pdf
2026-06-08 01:05:11,721 - INFO - Saved voting_minutes_2022-01-27_v12.pdf
2026-06-08 01:05:11,891 - INFO - Saved voting_minutes_2022-02-03_v12.pdf
2026-06-08 01:05:12,069 - INFO - Saved voting_minutes_2022-02-17_v12.pdf
2026-06-08 01:05:12,252 - INFO - Saved voting_minutes_2022-03-03_v12.pdf
2026-06-08 01:05:12,415 - INFO - Saved voting_minutes_2022-03-24_v12.pdf
2026-06-08 01:05:12,600 - INFO - Saved voting_minutes_2022-04-07_v12.pdf
2026-06-08 01:05:12,780 - INFO - Saved voting_minutes_2022-04-28_v12.pdf
2026-06-08 01:05:12,958 - INFO - Saved voting_minutes_2022-05-05_v12.pdf
2026-06-08 01:05:13,164 - INFO - Saved voting_minutes_2022-05-26_v12.pdf
2026-06-08 01:05:13,369 - INFO - Saved voting_minutes_2022-06-08_v12.pdf
2026-06-08 01:05:13,572 - INFO - Saved voting_minutes_2022-06-30_v12.pdf
2026-06-08 01:05:13,773 - INFO - Saved voting_minutes_2022-07-14_v12.pdf
2026-06-08 01:05:13,942 - INFO - Saved voting_minutes_2022-07-28_v12.pdf
2026-06-08 01:05:14,151 - INFO - Saved voting_minutes_2022-08-04_v12.pdf
2026-06-08 01:05:14,363 - INFO - Saved voting_minutes_2022-08-25_v12.pdf
2026-06-08 01:05:14,550 - INFO - Saved voting_minutes_2022-09-15_v12.pdf
2026-06-08 01:05:14,811 - INFO - Saved voting_minutes_2022-09-29_v12.pdf
2026-06-08 01:05:15,007 - INFO - Saved voting_minutes_2022-10-06_v12.pdf
2026-06-08 01:05:15,195 - INFO - Saved voting_minutes_2022-10-26_v12.pdf
2026-06-08 01:05:15,383 - INFO - Saved voting_minutes_2022-11-03_v12.pdf
2026-06-08 01:05:15,578 - INFO - Saved voting_minutes_2022-11-17_v12.pdf
2026-06-08 01:05:15,784 - INFO - Saved voting_minutes_2022-12-15_v12.pdf
2026-06-08 01:05:16,119 - INFO - Saved voting_minutes_2021-01-21_v12.pdf
2026-06-08 01:05:16,267 - INFO - Saved voting_minutes_2021-01-28_v12.pdf
2026-06-08 01:05:16,417 - INFO - Saved voting_minutes_2021-02-04_v12.pdf
2026-06-08 01:05:16,572 - INFO - Saved voting_minutes_2021-02-25_v12.pdf
2026-06-08 01:05:16,729 - INFO - Saved voting_minutes_2021-03-04_v12.pdf
2026-06-08 01:05:16,882 - INFO - Saved voting_minutes_2021-04-01_v12.pdf
2026-06-08 01:05:17,153 - INFO - Saved voting_minutes_yyyy-mm-dd_v12.pdf
2026-06-08 01:05:17,302 - INFO - Saved voting_minutes_2021-04-08_v12.pdf
2026-06-08 01:05:17,471 - INFO - Duplicate content - matches voting_minutes_yyyy-mm-dd_v12.pdf
2026-06-08 01:05:17,637 - INFO - Saved voting_minutes_2021-04-20_v12.pdf
2026-06-08 01:05:17,782 - INFO - Saved voting_minutes_2021-04-29_v12.pdf
2026-06-08 01:05:17,933 - INFO - Saved voting_minutes_2021-05-06_v12.pdf
2026-06-08 01:05:18,098 - INFO - Saved voting_minutes_2021-05-27_v12.pdf
2026-06-08 01:05:18,238 - INFO - Saved voting_minutes_2021-06-03_v12.pdf
2026-06-08 01:05:18,412 - INFO - Saved voting_minutes_2021-06-24_v12.pdf
2026-06-08 01:05:18,576 - INFO - Saved voting_minutes_2021-07-01_v12.pdf
2026-06-08 01:05:18,764 - INFO - Saved voting_minutes_2021-07-29_v12.pdf
2026-06-08 01:05:18,917 - INFO - Saved voting_minutes_2021-08-09_v12.pdf
2026-06-08 01:05:19,192 - INFO - Saved voting_minutes_2021-08-26_v12.pdf
2026-06-08 01:05:19,353 - INFO - Saved voting_minutes_2021-09-02_v12.pdf
2026-06-08 01:05:19,527 - INFO - Saved voting_minutes_2021-09-30_v12.pdf
2026-06-08 01:05:19,671 - INFO - Saved voting_minutes_2021-10-07_v12.pdf
2026-06-08 01:05:19,817 - INFO - Saved voting_minutes_2021-10-28_v12.pdf
2026-06-08 01:05:20,005 - INFO - Saved voting_minutes_2021-11-04_v12.pdf
2026-06-08 01:05:20,162 - INFO - Saved voting_minutes_2021-11-18_v12.pdf
2026-06-08 01:05:20,317 - INFO - Saved voting_minutes_2021-12-02_v12.pdf
2026-06-08 01:05:20,496 - INFO - Saved voting_minutes_2021-12-16_v12.pdf
2026-06-08 01:05:20,684 - INFO - Saved voting_minutes_2020-12-23_v12.pdf
2026-06-08 01:05:20,872 - INFO - Saved voting_minutes_2020-12-03_v12.pdf
2026-06-08 01:05:21,026 - INFO - Saved voting_minutes_2020-11-05_v12.pdf
2026-06-08 01:05:21,180 - INFO - Saved voting_minutes_2020-10-29_v12.pdf
2026-06-08 01:05:21,324 - INFO - Saved voting_minutes_2020-10-08_v12.pdf
2026-06-08 01:05:21,595 - INFO - Saved voting_minutes_2020-10-01_v12.pdf
2026-06-08 01:05:21,764 - INFO - Saved voting_minutes_2020-09-17_v12.pdf
2026-06-08 01:05:21,916 - INFO - Saved voting_minutes_2020-09-10_v12.pdf
2026-06-08 01:05:22,066 - INFO - Duplicate content - matches voting_minutes_2020-09-10_v12.pdf
2026-06-08 01:05:22,226 - INFO - Saved voting_minutes_2020-08-20_v12.pdf
2026-06-08 01:05:22,370 - INFO - Saved voting_minutes_2020-08-13_v12.pdf
2026-06-08 01:05:22,534 - INFO - Saved voting_minutes_2020-07-30_v12.pdf
2026-06-08 01:05:22,700 - INFO - Saved voting_minutes_2020-07-16_v12.pdf
2026-06-08 01:05:22,857 - INFO - Saved voting_minutes_2020-06-04_v12.pdf
2026-06-08 01:05:23,005 - INFO - Saved voting_minutes_2020-05-28_v12.pdf
2026-06-08 01:05:23,144 - INFO - Saved voting_minutes_2020-05-21_v12.pdf
2026-06-08 01:05:23,297 - INFO - Saved voting_minutes_2020-05-14_v12.pdf
2026-06-08 01:05:23,444 - INFO - Saved voting_minutes_2020-05-07_v12.pdf
2026-06-08 01:05:23,596 - INFO - Saved voting_minutes_2020-04-23_v12.pdf
2026-06-08 01:05:23,782 - INFO - Saved voting_minutes_2020-04-30_v12.pdf
2026-06-08 01:05:23,783 - INFO - Download process completed.
2026-06-08 01:05:23,783 - INFO - Application finished successfully.
2026-06-08 01:05:23,783 - INFO - Total runtime: 0 minutes 33.61 seconds
2026-06-15 01:08:48,010 - INFO - Starting Licensing Board Scraper Application
2026-06-15 01:08:48,010 - INFO - Initializing Scraper Service...
2026-06-15 01:08:48,011 - INFO - Fetching https://www.boston.gov/departments/licensing-board/licensing-board-information-and-members...
2026-06-15 01:08:49,971 - INFO - Parsing links...
2026-06-15 01:08:50,014 - INFO - Saving 427 video links to /home/runner/work/boston-liquor-license-tracker/boston-liquor-license-tracker/scraper/scrape/data/hearing_video_links.json...
2026-06-15 01:08:50,016 - INFO - Saved data to /home/runner/work/boston-liquor-license-tracker/boston-liquor-license-tracker/scraper/scrape/data/hearing_video_links.json
2026-06-15 01:08:50,016 - INFO - Extracting dates...
2026-06-15 01:08:50,017 - INFO - Saving 149 minutes links...
2026-06-15 01:08:50,018 - INFO - Saved data to /home/runner/work/boston-liquor-license-tracker/boston-liquor-license-tracker/scraper/scrape/data/voting_minutes_links.json
2026-06-15 01:08:50,018 - INFO - Link stats:
2026-06-15 01:08:50,018 - INFO - total_links: 636
2026-06-15 01:08:50,018 - INFO - client_side_links: 15
2026-06-15 01:08:50,018 - INFO - excluded_links: 45
2026-06-15 01:08:50,018 - INFO - video_links: 427
2026-06-15 01:08:50,018 - INFO - minutes_links: 149
2026-06-15 01:08:50,018 - INFO - Stats logged to /home/runner/work/boston-liquor-license-tracker/boston-liquor-license-tracker/scraper/scrape/data/link_stats_log.csv
2026-06-15 01:08:50,018 - INFO - Scraping completed.
2026-06-15 01:08:50,018 - INFO - Initializing Downloader Service with download_dir: ./data/voting_minutes_pdfs
2026-06-15 01:08:50,018 - INFO - Starting download process...
2026-06-15 01:08:50,299 - INFO - Saved voting_minutes_2026-01-08_v13.pdf
2026-06-15 01:08:50,570 - INFO - Saved voting_minutes_2026-01-29_v13.pdf
2026-06-15 01:08:50,768 - INFO - Saved voting_minutes_2026-02-12_v13.pdf
2026-06-15 01:08:50,985 - INFO - Saved voting_minutes_2026-03-05_v13.pdf
2026-06-15 01:08:51,264 - INFO - Saved voting_minutes_2026-03-26_v11.pdf
2026-06-15 01:08:51,483 - INFO - Saved voting_minutes_2026-04-09_v9.pdf
2026-06-15 01:08:51,640 - INFO - Saved voting_minutes_2026-04-30_v6.pdf
2026-06-15 01:08:51,802 - INFO - Saved voting_minutes_2026-05-07_v5.pdf
2026-06-15 01:08:51,981 - INFO - Saved voting_minutes_2026-05-21_v3.pdf
2026-06-15 01:08:52,237 - INFO - Saved voting_minutes_2026-06-04_v2.pdf
2026-06-15 01:08:52,434 - INFO - Saved voting_minutes_2025-01-09_v13.pdf
2026-06-15 01:08:52,616 - INFO - Saved voting_minutes_2025-01-16_v13.pdf
2026-06-15 01:08:52,789 - INFO - Saved voting_minutes_2025-01-23_v13.pdf
2026-06-15 01:08:52,997 - INFO - Saved voting_minutes_2025-02-13_v13.pdf
2026-06-15 01:08:53,183 - INFO - Saved voting_minutes_2025-02-27_v13.pdf
2026-06-15 01:08:53,359 - INFO - Saved voting_minutes_2025-03-06_v13.pdf
2026-06-15 01:08:53,556 - INFO - Saved voting_minutes_2025-03-27_v13.pdf
2026-06-15 01:08:53,753 - INFO - Saved voting_minutes_2025-04-03_v13.pdf
2026-06-15 01:08:53,983 - INFO - Saved voting_minutes_2025-04-17_v13.pdf
2026-06-15 01:08:54,240 - INFO - Saved voting_minutes_2025-05-01_v13.pdf
2026-06-15 01:08:54,462 - INFO - Saved voting_minutes_2025-05-15_v13.pdf
2026-06-15 01:08:54,632 - INFO - Saved voting_minutes_2025-05-29_v13.pdf
2026-06-15 01:08:54,863 - INFO - Saved voting_minutes_2025-06-05_v13.pdf
2026-06-15 01:08:55,058 - INFO - Saved voting_minutes_2025-06-26_v13.pdf
2026-06-15 01:08:55,254 - INFO - Saved voting_minutes_2025-07-17_v13.pdf
2026-06-15 01:08:55,500 - INFO - Saved voting_minutes_2025-07-31_v13.pdf
2026-06-15 01:08:55,720 - INFO - Saved voting_minutes_2025-08-07_v13.pdf
2026-06-15 01:08:55,946 - INFO - Saved voting_minutes_2025-08-28_v13.pdf
2026-06-15 01:08:56,150 - INFO - Saved voting_minutes_2025-09-18_v13.pdf
2026-06-15 01:08:56,350 - INFO - Saved voting_minutes_2025-10-23_v13.pdf
2026-06-15 01:08:57,541 - INFO - Saved voting_minutes_yyyy-11-06_v7.pdf
2026-06-15 01:08:58,963 - INFO - Saved voting_minutes_yyyy-11-20_v7.pdf
2026-06-15 01:08:59,188 - INFO - Saved voting_minutes_2025-12-04_v13.pdf
2026-06-15 01:08:59,378 - INFO - Saved voting_minutes_2025-12-18_v13.pdf
2026-06-15 01:08:59,584 - INFO - Saved voting_minutes_2024-01-04_v13.pdf
2026-06-15 01:08:59,743 - INFO - Saved voting_minutes_2024-02-01_v13.pdf
2026-06-15 01:08:59,937 - INFO - Saved voting_minutes_2024-02-08_v13.pdf
2026-06-15 01:09:00,175 - INFO - Saved voting_minutes_2024-02-29_v13.pdf
2026-06-15 01:09:00,341 - INFO - Saved voting_minutes_2024-03-07_v13.pdf
2026-06-15 01:09:00,526 - INFO - Saved voting_minutes_2024-03-28_v13.pdf
2026-06-15 01:09:00,706 - INFO - Saved voting_minutes_2024-04-04_v13.pdf
2026-06-15 01:09:00,875 - INFO - Saved voting_minutes_2024-04-25_v13.pdf
2026-06-15 01:09:01,057 - INFO - Saved voting_minutes_2024-05-01_v13.pdf
2026-06-15 01:09:01,240 - INFO - Saved voting_minutes_2024-05-23_v13.pdf
2026-06-15 01:09:01,413 - INFO - Saved voting_minutes_2024-06-06_v13.pdf
2026-06-15 01:09:01,631 - INFO - Saved voting_minutes_2024-06-26_v13.pdf
2026-06-15 01:09:01,857 - INFO - Saved voting_minutes_2024-07-11_v13.pdf
2026-06-15 01:09:02,027 - INFO - Saved voting_minutes_2024-08-01_v13.pdf
2026-06-15 01:09:02,187 - INFO - Saved voting_minutes_2024-08-08_v13.pdf
2026-06-15 01:09:02,356 - INFO - Saved voting_minutes_2024-08-22_v13.pdf
2026-06-15 01:09:02,504 - INFO - Saved voting_minutes_2024-09-12_v13.pdf
2026-06-15 01:09:02,697 - INFO - Saved voting_minutes_2024-09-26_v13.pdf
2026-06-15 01:09:02,858 - INFO - Saved voting_minutes_2024-10-17_v13.pdf
2026-06-15 01:09:03,252 - INFO - Saved voting_minutes_2024-10-31_v13.pdf
2026-06-15 01:09:03,428 - INFO - Saved voting_minutes_2024-11-14_v13.pdf
2026-06-15 01:09:03,584 - INFO - Saved voting_minutes_2024-11-21_v13.pdf
2026-06-15 01:09:03,748 - INFO - Saved voting_minutes_2024-12-12_v13.pdf
2026-06-15 01:09:03,895 - INFO - Saved voting_minutes_2023-01-05_v13.pdf
2026-06-15 01:09:04,065 - INFO - Saved voting_minutes_2023-01-25_v13.pdf
2026-06-15 01:09:04,240 - INFO - Saved voting_minutes_2023-02-02_v13.pdf
2026-06-15 01:09:04,424 - INFO - Saved voting_minutes_2023-02-16_v13.pdf
2026-06-15 01:09:04,613 - INFO - Saved voting_minutes_2023-03-08_v13.pdf
2026-06-15 01:09:04,772 - INFO - Saved voting_minutes_2023-03-30_v13.pdf
2026-06-15 01:09:04,958 - INFO - Saved voting_minutes_2023-04-06_v13.pdf
2026-06-15 01:09:05,140 - INFO - Saved voting_minutes_2023-04-27_v13.pdf
2026-06-15 01:09:05,336 - INFO - Saved voting_minutes_2023-05-04_v13.pdf
2026-06-15 01:09:05,513 - INFO - Saved voting_minutes_2023-05-25_v13.pdf
2026-06-15 01:09:05,704 - INFO - Saved voting_minutes_2023-06-08_v13.pdf
2026-06-15 01:09:05,857 - INFO - Saved voting_minutes_2023-06-29_v13.pdf
2026-06-15 01:09:06,030 - INFO - Saved voting_minutes_2023-07-20_v13.pdf
2026-06-15 01:09:06,227 - INFO - Saved voting_minutes_2023-08-17_v13.pdf
2026-06-15 01:09:06,493 - INFO - Saved voting_minutes_2023-09-14_v13.pdf
2026-06-15 01:09:06,659 - INFO - Saved voting_minutes_2023-09-28_v13.pdf
2026-06-15 01:09:06,798 - INFO - Saved voting_minutes_2023-10-04_v13.pdf
2026-06-15 01:09:06,986 - INFO - Saved voting_minutes_2023-10-26_v13.pdf
2026-06-15 01:09:07,148 - INFO - Saved voting_minutes_2023-11-02_v13.pdf
2026-06-15 01:09:07,308 - INFO - Saved voting_minutes_2023-11-16_v13.pdf
2026-06-15 01:09:07,487 - INFO - Saved voting_minutes_2023-12-14_v13.pdf
2026-06-15 01:09:07,648 - INFO - Saved voting_minutes_2022-01-06_v13.pdf
2026-06-15 01:09:07,782 - INFO - Saved voting_minutes_2022-01-20_v13.pdf
2026-06-15 01:09:07,921 - INFO - Saved voting_minutes_2022-01-27_v13.pdf
2026-06-15 01:09:08,067 - INFO - Saved voting_minutes_2022-02-03_v13.pdf
2026-06-15 01:09:08,210 - INFO - Saved voting_minutes_2022-02-17_v13.pdf
2026-06-15 01:09:08,380 - INFO - Saved voting_minutes_2022-03-03_v13.pdf
2026-06-15 01:09:08,582 - INFO - Saved voting_minutes_2022-03-24_v13.pdf
2026-06-15 01:09:08,737 - INFO - Saved voting_minutes_2022-04-07_v13.pdf
2026-06-15 01:09:08,893 - INFO - Saved voting_minutes_2022-04-28_v13.pdf
2026-06-15 01:09:09,069 - INFO - Saved voting_minutes_2022-05-05_v13.pdf
2026-06-15 01:09:09,228 - INFO - Saved voting_minutes_2022-05-26_v13.pdf
2026-06-15 01:09:09,378 - INFO - Saved voting_minutes_2022-06-08_v13.pdf
2026-06-15 01:09:09,551 - INFO - Saved voting_minutes_2022-06-30_v13.pdf
2026-06-15 01:09:09,698 - INFO - Saved voting_minutes_2022-07-14_v13.pdf
2026-06-15 01:09:09,873 - INFO - Saved voting_minutes_2022-07-28_v13.pdf
2026-06-15 01:09:10,017 - INFO - Saved voting_minutes_2022-08-04_v13.pdf
2026-06-15 01:09:10,175 - INFO - Saved voting_minutes_2022-08-25_v13.pdf
2026-06-15 01:09:10,317 - INFO - Saved voting_minutes_2022-09-15_v13.pdf
2026-06-15 01:09:10,526 - INFO - Saved voting_minutes_2022-09-29_v13.pdf
2026-06-15 01:09:10,702 - INFO - Saved voting_minutes_2022-10-06_v13.pdf
2026-06-15 01:09:10,874 - INFO - Saved voting_minutes_2022-10-26_v13.pdf
2026-06-15 01:09:11,047 - INFO - Saved voting_minutes_2022-11-03_v13.pdf
2026-06-15 01:09:11,261 - INFO - Saved voting_minutes_2022-11-17_v13.pdf
2026-06-15 01:09:11,499 - INFO - Saved voting_minutes_2022-12-15_v13.pdf
2026-06-15 01:09:11,676 - INFO - Saved voting_minutes_2021-01-21_v13.pdf
2026-06-15 01:09:11,845 - INFO - Saved voting_minutes_2021-01-28_v13.pdf
2026-06-15 01:09:12,020 - INFO - Saved voting_minutes_2021-02-04_v13.pdf
2026-06-15 01:09:12,169 - INFO - Saved voting_minutes_2021-02-25_v13.pdf
2026-06-15 01:09:12,316 - INFO - Saved voting_minutes_2021-03-04_v13.pdf
2026-06-15 01:09:12,484 - INFO - Saved voting_minutes_2021-04-01_v13.pdf
2026-06-15 01:09:12,656 - INFO - Saved voting_minutes_yyyy-mm-dd_v13.pdf
2026-06-15 01:09:12,825 - INFO - Saved voting_minutes_2021-04-08_v13.pdf
2026-06-15 01:09:12,984 - INFO - Duplicate content - matches voting_minutes_yyyy-mm-dd_v13.pdf
2026-06-15 01:09:13,152 - INFO - Saved voting_minutes_2021-04-20_v13.pdf
2026-06-15 01:09:13,302 - INFO - Saved voting_minutes_2021-04-29_v13.pdf
2026-06-15 01:09:13,449 - INFO - Saved voting_minutes_2021-05-06_v13.pdf
2026-06-15 01:09:13,613 - INFO - Saved voting_minutes_2021-05-27_v13.pdf
2026-06-15 01:09:13,775 - INFO - Saved voting_minutes_2021-06-03_v13.pdf
2026-06-15 01:09:13,914 - INFO - Saved voting_minutes_2021-06-24_v13.pdf
2026-06-15 01:09:14,067 - INFO - Saved voting_minutes_2021-07-01_v13.pdf
2026-06-15 01:09:14,258 - INFO - Saved voting_minutes_2021-07-29_v13.pdf
2026-06-15 01:09:14,437 - INFO - Saved voting_minutes_2021-08-09_v13.pdf
2026-06-15 01:09:14,752 - INFO - Saved voting_minutes_2021-08-26_v13.pdf
2026-06-15 01:09:14,944 - INFO - Saved voting_minutes_2021-09-02_v13.pdf
2026-06-15 01:09:15,111 - INFO - Saved voting_minutes_2021-09-30_v13.pdf
2026-06-15 01:09:15,263 - INFO - Saved voting_minutes_2021-10-07_v13.pdf
2026-06-15 01:09:15,485 - INFO - Saved voting_minutes_2021-10-28_v13.pdf
2026-06-15 01:09:15,642 - INFO - Saved voting_minutes_2021-11-04_v13.pdf
2026-06-15 01:09:15,804 - INFO - Saved voting_minutes_2021-11-18_v13.pdf
2026-06-15 01:09:15,952 - INFO - Saved voting_minutes_2021-12-02_v13.pdf
2026-06-15 01:09:16,138 - INFO - Saved voting_minutes_2021-12-16_v13.pdf
2026-06-15 01:09:16,281 - INFO - Saved voting_minutes_2020-12-23_v13.pdf
2026-06-15 01:09:16,422 - INFO - Saved voting_minutes_2020-12-03_v13.pdf
2026-06-15 01:09:16,561 - INFO - Saved voting_minutes_2020-11-05_v13.pdf
2026-06-15 01:09:16,720 - INFO - Saved voting_minutes_2020-10-29_v13.pdf
2026-06-15 01:09:16,875 - INFO - Saved voting_minutes_2020-10-08_v13.pdf
2026-06-15 01:09:17,092 - INFO - Saved voting_minutes_2020-10-01_v13.pdf
2026-06-15 01:09:17,266 - INFO - Saved voting_minutes_2020-09-17_v13.pdf
2026-06-15 01:09:17,433 - INFO - Saved voting_minutes_2020-09-10_v13.pdf
2026-06-15 01:09:17,573 - INFO - Duplicate content - matches voting_minutes_2020-09-10_v13.pdf
2026-06-15 01:09:17,754 - INFO - Saved voting_minutes_2020-08-20_v13.pdf
2026-06-15 01:09:17,902 - INFO - Saved voting_minutes_2020-08-13_v13.pdf
2026-06-15 01:09:18,087 - INFO - Saved voting_minutes_2020-07-30_v13.pdf
2026-06-15 01:09:18,256 - INFO - Saved voting_minutes_2020-07-16_v13.pdf
2026-06-15 01:09:18,437 - INFO - Saved voting_minutes_2020-06-04_v13.pdf
2026-06-15 01:09:18,604 - INFO - Saved voting_minutes_2020-05-28_v13.pdf
2026-06-15 01:09:18,760 - INFO - Saved voting_minutes_2020-05-21_v13.pdf
2026-06-15 01:09:18,903 - INFO - Saved voting_minutes_2020-05-14_v13.pdf
2026-06-15 01:09:19,050 - INFO - Saved voting_minutes_2020-05-07_v13.pdf
2026-06-15 01:09:19,223 - INFO - Saved voting_minutes_2020-04-23_v13.pdf
2026-06-15 01:09:19,400 - INFO - Saved voting_minutes_2020-04-30_v13.pdf
2026-06-15 01:09:19,401 - INFO - Download process completed.
2026-06-15 01:09:19,401 - INFO - Application finished successfully.
2026-06-15 01:09:19,401 - INFO - Total runtime: 0 minutes 31.39 seconds
2026-06-22 01:07:40,215 - INFO - Starting Licensing Board Scraper Application
2026-06-22 01:07:40,215 - INFO - Initializing Scraper Service...
2026-06-22 01:07:40,215 - INFO - Fetching https://www.boston.gov/departments/licensing-board/licensing-board-information-and-members...
2026-06-22 01:07:42,443 - INFO - Parsing links...
2026-06-22 01:07:42,520 - INFO - Saving 427 video links to /home/runner/work/boston-liquor-license-tracker/boston-liquor-license-tracker/scraper/scrape/data/hearing_video_links.json...
2026-06-22 01:07:42,522 - INFO - Saved data to /home/runner/work/boston-liquor-license-tracker/boston-liquor-license-tracker/scraper/scrape/data/hearing_video_links.json
2026-06-22 01:07:42,522 - INFO - Extracting dates...
2026-06-22 01:07:42,524 - INFO - Saving 149 minutes links...
2026-06-22 01:07:42,525 - INFO - Saved data to /home/runner/work/boston-liquor-license-tracker/boston-liquor-license-tracker/scraper/scrape/data/voting_minutes_links.json
2026-06-22 01:07:42,525 - INFO - Link stats:
2026-06-22 01:07:42,525 - INFO - total_links: 636
2026-06-22 01:07:42,525 - INFO - client_side_links: 15
2026-06-22 01:07:42,525 - INFO - excluded_links: 45
2026-06-22 01:07:42,525 - INFO - video_links: 427
2026-06-22 01:07:42,525 - INFO - minutes_links: 149
2026-06-22 01:07:42,526 - INFO - Stats logged to /home/runner/work/boston-liquor-license-tracker/boston-liquor-license-tracker/scraper/scrape/data/link_stats_log.csv
2026-06-22 01:07:42,526 - INFO - Scraping completed.
2026-06-22 01:07:42,526 - INFO - Initializing Downloader Service with download_dir: ./data/voting_minutes_pdfs
2026-06-22 01:07:42,526 - INFO - Starting download process...
2026-06-22 01:07:42,835 - INFO - Saved voting_minutes_2026-01-08_v14.pdf
2026-06-22 01:07:43,089 - INFO - Saved voting_minutes_2026-01-29_v14.pdf
2026-06-22 01:07:43,372 - INFO - Saved voting_minutes_2026-02-12_v14.pdf
2026-06-22 01:07:43,629 - INFO - Saved voting_minutes_2026-03-05_v14.pdf
2026-06-22 01:07:43,896 - INFO - Saved voting_minutes_2026-03-26_v12.pdf
2026-06-22 01:07:44,181 - INFO - Saved voting_minutes_2026-04-09_v10.pdf
2026-06-22 01:07:44,413 - INFO - Saved voting_minutes_2026-04-30_v7.pdf
2026-06-22 01:07:44,618 - INFO - Saved voting_minutes_2026-05-07_v6.pdf
2026-06-22 01:07:44,898 - INFO - Saved voting_minutes_2026-05-21_v4.pdf
2026-06-22 01:07:45,137 - INFO - Saved voting_minutes_2026-06-04_v3.pdf
2026-06-22 01:07:45,382 - INFO - Saved voting_minutes_2025-01-09_v14.pdf
2026-06-22 01:07:45,638 - INFO - Saved voting_minutes_2025-01-16_v14.pdf
2026-06-22 01:07:45,918 - INFO - Saved voting_minutes_2025-01-23_v14.pdf
2026-06-22 01:07:46,209 - INFO - Saved voting_minutes_2025-02-13_v14.pdf
2026-06-22 01:07:46,463 - INFO - Saved voting_minutes_2025-02-27_v14.pdf
2026-06-22 01:07:46,697 - INFO - Saved voting_minutes_2025-03-06_v14.pdf
2026-06-22 01:07:46,949 - INFO - Saved voting_minutes_2025-03-27_v14.pdf
2026-06-22 01:07:47,230 - INFO - Saved voting_minutes_2025-04-03_v14.pdf
2026-06-22 01:07:47,489 - INFO - Saved voting_minutes_2025-04-17_v14.pdf
2026-06-22 01:07:47,778 - INFO - Saved voting_minutes_2025-05-01_v14.pdf
2026-06-22 01:07:48,072 - INFO - Saved voting_minutes_2025-05-15_v14.pdf
2026-06-22 01:07:48,323 - INFO - Saved voting_minutes_2025-05-29_v14.pdf
2026-06-22 01:07:48,546 - INFO - Saved voting_minutes_2025-06-05_v14.pdf
2026-06-22 01:07:48,826 - INFO - Saved voting_minutes_2025-06-26_v14.pdf
2026-06-22 01:07:49,080 - INFO - Saved voting_minutes_2025-07-17_v14.pdf
2026-06-22 01:07:49,344 - INFO - Saved voting_minutes_2025-07-31_v14.pdf
2026-06-22 01:07:49,615 - INFO - Saved voting_minutes_2025-08-07_v14.pdf
2026-06-22 01:07:49,921 - INFO - Saved voting_minutes_2025-08-28_v14.pdf
2026-06-22 01:07:50,200 - INFO - Saved voting_minutes_2025-09-18_v14.pdf
2026-06-22 01:07:50,462 - INFO - Saved voting_minutes_2025-10-23_v14.pdf
2026-06-22 01:07:51,993 - INFO - Saved voting_minutes_yyyy-11-06_v8.pdf
2026-06-22 01:07:53,373 - INFO - Saved voting_minutes_yyyy-11-20_v8.pdf
2026-06-22 01:07:53,598 - INFO - Saved voting_minutes_2025-12-04_v14.pdf
2026-06-22 01:07:53,816 - INFO - Saved voting_minutes_2025-12-18_v14.pdf
2026-06-22 01:07:54,019 - INFO - Saved voting_minutes_2024-01-04_v14.pdf
2026-06-22 01:07:54,247 - INFO - Saved voting_minutes_2024-02-01_v14.pdf
2026-06-22 01:07:54,447 - INFO - Saved voting_minutes_2024-02-08_v14.pdf
2026-06-22 01:07:54,676 - INFO - Saved voting_minutes_2024-02-29_v14.pdf
2026-06-22 01:07:54,892 - INFO - Saved voting_minutes_2024-03-07_v14.pdf
2026-06-22 01:07:55,154 - INFO - Saved voting_minutes_2024-03-28_v14.pdf
2026-06-22 01:07:55,431 - INFO - Saved voting_minutes_2024-04-04_v14.pdf
2026-06-22 01:07:55,638 - INFO - Saved voting_minutes_2024-04-25_v14.pdf
2026-06-22 01:07:55,839 - INFO - Saved voting_minutes_2024-05-01_v14.pdf
2026-06-22 01:07:56,070 - INFO - Saved voting_minutes_2024-05-23_v14.pdf
2026-06-22 01:07:56,300 - INFO - Saved voting_minutes_2024-06-06_v14.pdf
2026-06-22 01:07:56,516 - INFO - Saved voting_minutes_2024-06-26_v14.pdf
2026-06-22 01:07:56,725 - INFO - Saved voting_minutes_2024-07-11_v14.pdf
2026-06-22 01:07:56,970 - INFO - Saved voting_minutes_2024-08-01_v14.pdf
2026-06-22 01:07:57,205 - INFO - Saved voting_minutes_2024-08-08_v14.pdf
2026-06-22 01:07:57,413 - INFO - Saved voting_minutes_2024-08-22_v14.pdf
2026-06-22 01:07:57,609 - INFO - Saved voting_minutes_2024-09-12_v14.pdf
2026-06-22 01:07:57,844 - INFO - Saved voting_minutes_2024-09-26_v14.pdf
2026-06-22 01:07:58,126 - INFO - Saved voting_minutes_2024-10-17_v14.pdf
2026-06-22 01:07:58,356 - INFO - Saved voting_minutes_2024-10-31_v14.pdf
2026-06-22 01:07:58,562 - INFO - Saved voting_minutes_2024-11-14_v14.pdf
2026-06-22 01:07:58,795 - INFO - Saved voting_minutes_2024-11-21_v14.pdf
2026-06-22 01:07:59,039 - INFO - Saved voting_minutes_2024-12-12_v14.pdf
2026-06-22 01:07:59,250 - INFO - Saved voting_minutes_2023-01-05_v14.pdf
2026-06-22 01:07:59,455 - INFO - Saved voting_minutes_2023-01-25_v14.pdf
2026-06-22 01:07:59,666 - INFO - Saved voting_minutes_2023-02-02_v14.pdf
2026-06-22 01:07:59,859 - INFO - Saved voting_minutes_2023-02-16_v14.pdf
2026-06-22 01:08:00,105 - INFO - Saved voting_minutes_2023-03-08_v14.pdf
2026-06-22 01:08:00,330 - INFO - Saved voting_minutes_2023-03-30_v14.pdf
2026-06-22 01:08:00,529 - INFO - Saved voting_minutes_2023-04-06_v14.pdf
2026-06-22 01:08:00,755 - INFO - Saved voting_minutes_2023-04-27_v14.pdf
2026-06-22 01:08:01,004 - INFO - Saved voting_minutes_2023-05-04_v14.pdf
2026-06-22 01:08:01,236 - INFO - Saved voting_minutes_2023-05-25_v14.pdf
2026-06-22 01:08:01,439 - INFO - Saved voting_minutes_2023-06-08_v14.pdf
2026-06-22 01:08:01,669 - INFO - Saved voting_minutes_2023-06-29_v14.pdf
2026-06-22 01:08:01,934 - INFO - Saved voting_minutes_2023-07-20_v14.pdf
2026-06-22 01:08:02,160 - INFO - Saved voting_minutes_2023-08-17_v14.pdf
2026-06-22 01:08:02,382 - INFO - Saved voting_minutes_2023-09-14_v14.pdf
2026-06-22 01:08:02,607 - INFO - Saved voting_minutes_2023-09-28_v14.pdf
2026-06-22 01:08:02,810 - INFO - Saved voting_minutes_2023-10-04_v14.pdf
2026-06-22 01:08:03,061 - INFO - Saved voting_minutes_2023-10-26_v14.pdf
2026-06-22 01:08:03,284 - INFO - Saved voting_minutes_2023-11-02_v14.pdf
2026-06-22 01:08:03,517 - INFO - Saved voting_minutes_2023-11-16_v14.pdf
2026-06-22 01:08:03,740 - INFO - Saved voting_minutes_2023-12-14_v14.pdf
2026-06-22 01:08:03,950 - INFO - Saved voting_minutes_2022-01-06_v14.pdf
2026-06-22 01:08:04,205 - INFO - Saved voting_minutes_2022-01-20_v14.pdf
2026-06-22 01:08:04,419 - INFO - Saved voting_minutes_2022-01-27_v14.pdf
2026-06-22 01:08:04,726 - INFO - Saved voting_minutes_2022-02-03_v14.pdf
2026-06-22 01:08:04,965 - INFO - Saved voting_minutes_2022-02-17_v14.pdf
2026-06-22 01:08:05,187 - INFO - Saved voting_minutes_2022-03-03_v14.pdf
2026-06-22 01:08:05,403 - INFO - Saved voting_minutes_2022-03-24_v14.pdf
2026-06-22 01:08:05,632 - INFO - Saved voting_minutes_2022-04-07_v14.pdf
2026-06-22 01:08:05,829 - INFO - Saved voting_minutes_2022-04-28_v14.pdf
2026-06-22 01:08:06,034 - INFO - Saved voting_minutes_2022-05-05_v14.pdf
2026-06-22 01:08:06,261 - INFO - Saved voting_minutes_2022-05-26_v14.pdf
2026-06-22 01:08:06,465 - INFO - Saved voting_minutes_2022-06-08_v14.pdf
2026-06-22 01:08:06,688 - INFO - Saved voting_minutes_2022-06-30_v14.pdf
2026-06-22 01:08:06,911 - INFO - Saved voting_minutes_2022-07-14_v14.pdf
2026-06-22 01:08:07,162 - INFO - Saved voting_minutes_2022-07-28_v14.pdf
2026-06-22 01:08:07,435 - INFO - Saved voting_minutes_2022-08-04_v14.pdf
2026-06-22 01:08:07,664 - INFO - Saved voting_minutes_2022-08-25_v14.pdf
2026-06-22 01:08:07,863 - INFO - Saved voting_minutes_2022-09-15_v14.pdf
2026-06-22 01:08:08,064 - INFO - Saved voting_minutes_2022-09-29_v14.pdf
2026-06-22 01:08:08,266 - INFO - Saved voting_minutes_2022-10-06_v14.pdf
2026-06-22 01:08:08,547 - INFO - Saved voting_minutes_2022-10-26_v14.pdf
2026-06-22 01:08:08,751 - INFO - Saved voting_minutes_2022-11-03_v14.pdf
2026-06-22 01:08:08,965 - INFO - Saved voting_minutes_2022-11-17_v14.pdf
2026-06-22 01:08:09,187 - INFO - Saved voting_minutes_2022-12-15_v14.pdf
2026-06-22 01:08:09,370 - INFO - Saved voting_minutes_2021-01-21_v14.pdf
2026-06-22 01:08:09,555 - INFO - Saved voting_minutes_2021-01-28_v14.pdf
2026-06-22 01:08:09,751 - INFO - Saved voting_minutes_2021-02-04_v14.pdf
2026-06-22 01:08:09,954 - INFO - Saved voting_minutes_2021-02-25_v14.pdf
2026-06-22 01:08:10,160 - INFO - Saved voting_minutes_2021-03-04_v14.pdf
2026-06-22 01:08:10,366 - INFO - Saved voting_minutes_2021-04-01_v14.pdf
2026-06-22 01:08:10,567 - INFO - Saved voting_minutes_yyyy-mm-dd_v14.pdf
2026-06-22 01:08:10,741 - INFO - Saved voting_minutes_2021-04-08_v14.pdf
2026-06-22 01:08:10,956 - INFO - Duplicate content - matches voting_minutes_yyyy-mm-dd_v14.pdf
2026-06-22 01:08:11,161 - INFO - Saved voting_minutes_2021-04-20_v14.pdf
2026-06-22 01:08:11,375 - INFO - Saved voting_minutes_2021-04-29_v14.pdf
2026-06-22 01:08:11,580 - INFO - Saved voting_minutes_2021-05-06_v14.pdf
2026-06-22 01:08:11,785 - INFO - Saved voting_minutes_2021-05-27_v14.pdf
2026-06-22 01:08:11,976 - INFO - Saved voting_minutes_2021-06-03_v14.pdf
2026-06-22 01:08:12,182 - INFO - Saved voting_minutes_2021-06-24_v14.pdf
2026-06-22 01:08:12,384 - INFO - Saved voting_minutes_2021-07-01_v14.pdf
2026-06-22 01:08:12,640 - INFO - Saved voting_minutes_2021-07-29_v14.pdf
2026-06-22 01:08:12,843 - INFO - Saved voting_minutes_2021-08-09_v14.pdf
2026-06-22 01:08:13,248 - INFO - Saved voting_minutes_2021-08-26_v14.pdf
2026-06-22 01:08:13,471 - INFO - Saved voting_minutes_2021-09-02_v14.pdf
2026-06-22 01:08:13,703 - INFO - Saved voting_minutes_2021-09-30_v14.pdf
2026-06-22 01:08:13,906 - INFO - Saved voting_minutes_2021-10-07_v14.pdf
2026-06-22 01:08:14,191 - INFO - Saved voting_minutes_2021-10-28_v14.pdf
2026-06-22 01:08:14,393 - INFO - Saved voting_minutes_2021-11-04_v14.pdf
2026-06-22 01:08:14,652 - INFO - Saved voting_minutes_2021-11-18_v14.pdf
2026-06-22 01:08:14,845 - INFO - Saved voting_minutes_2021-12-02_v14.pdf
2026-06-22 01:08:15,041 - INFO - Saved voting_minutes_2021-12-16_v14.pdf
2026-06-22 01:08:15,251 - INFO - Saved voting_minutes_2020-12-23_v14.pdf
2026-06-22 01:08:15,456 - INFO - Saved voting_minutes_2020-12-03_v14.pdf
2026-06-22 01:08:15,703 - INFO - Saved voting_minutes_2020-11-05_v14.pdf
2026-06-22 01:08:15,898 - INFO - Saved voting_minutes_2020-10-29_v14.pdf
2026-06-22 01:08:16,100 - INFO - Saved voting_minutes_2020-10-08_v14.pdf
2026-06-22 01:08:16,319 - INFO - Saved voting_minutes_2020-10-01_v14.pdf
2026-06-22 01:08:16,532 - INFO - Saved voting_minutes_2020-09-17_v14.pdf
2026-06-22 01:08:16,740 - INFO - Saved voting_minutes_2020-09-10_v14.pdf
2026-06-22 01:08:16,976 - INFO - Duplicate content - matches voting_minutes_2020-09-10_v14.pdf
2026-06-22 01:08:17,187 - INFO - Saved voting_minutes_2020-08-20_v14.pdf
2026-06-22 01:08:17,394 - INFO - Saved voting_minutes_2020-08-13_v14.pdf
2026-06-22 01:08:17,621 - INFO - Saved voting_minutes_2020-07-30_v14.pdf
2026-06-22 01:08:17,830 - INFO - Saved voting_minutes_2020-07-16_v14.pdf
2026-06-22 01:08:18,030 - INFO - Saved voting_minutes_2020-06-04_v14.pdf
2026-06-22 01:08:18,432 - INFO - Saved voting_minutes_2020-05-28_v14.pdf
2026-06-22 01:08:18,648 - INFO - Saved voting_minutes_2020-05-21_v14.pdf
2026-06-22 01:08:18,882 - INFO - Saved voting_minutes_2020-05-14_v14.pdf
2026-06-22 01:08:19,107 - INFO - Saved voting_minutes_2020-05-07_v14.pdf
2026-06-22 01:08:19,320 - INFO - Saved voting_minutes_2020-04-23_v14.pdf
2026-06-22 01:08:19,529 - INFO - Saved voting_minutes_2020-04-30_v14.pdf
2026-06-22 01:08:19,530 - INFO - Download process completed.
2026-06-22 01:08:19,530 - INFO - Application finished successfully.
2026-06-22 01:08:19,530 - INFO - Total runtime: 0 minutes 39.31 seconds
2026-06-29 01:02:34,175 - INFO - Starting Licensing Board Scraper Application
2026-06-29 01:02:34,175 - INFO - Initializing Scraper Service...
2026-06-29 01:02:34,176 - INFO - Fetching https://www.boston.gov/departments/licensing-board/licensing-board-information-and-members...
2026-06-29 01:02:35,482 - INFO - Parsing links...
2026-06-29 01:02:35,539 - INFO - Saving 431 video links to /home/runner/work/boston-liquor-license-tracker/boston-liquor-license-tracker/scraper/scrape/data/hearing_video_links.json...
2026-06-29 01:02:35,541 - INFO - Saved data to /home/runner/work/boston-liquor-license-tracker/boston-liquor-license-tracker/scraper/scrape/data/hearing_video_links.json
2026-06-29 01:02:35,541 - INFO - Extracting dates...
2026-06-29 01:02:35,543 - INFO - Saving 150 minutes links...
2026-06-29 01:02:35,544 - INFO - Saved data to /home/runner/work/boston-liquor-license-tracker/boston-liquor-license-tracker/scraper/scrape/data/voting_minutes_links.json
2026-06-29 01:02:35,544 - INFO - Link stats:
2026-06-29 01:02:35,544 - INFO - total_links: 641
2026-06-29 01:02:35,544 - INFO - client_side_links: 15
2026-06-29 01:02:35,544 - INFO - excluded_links: 45
2026-06-29 01:02:35,544 - INFO - video_links: 431
2026-06-29 01:02:35,544 - INFO - minutes_links: 150
2026-06-29 01:02:35,544 - INFO - Stats logged to /home/runner/work/boston-liquor-license-tracker/boston-liquor-license-tracker/scraper/scrape/data/link_stats_log.csv
2026-06-29 01:02:35,544 - INFO - Scraping completed.
2026-06-29 01:02:35,544 - INFO - Initializing Downloader Service with download_dir: ./data/voting_minutes_pdfs
2026-06-29 01:02:35,544 - INFO - Starting download process...
2026-06-29 01:02:35,623 - INFO - Saved voting_minutes_2026-01-08_v15.pdf
2026-06-29 01:02:35,689 - INFO - Saved voting_minutes_2026-01-29_v15.pdf
2026-06-29 01:02:35,781 - INFO - Saved voting_minutes_2026-02-12_v15.pdf
2026-06-29 01:02:35,890 - INFO - Saved voting_minutes_2026-03-05_v15.pdf
2026-06-29 01:02:35,986 - INFO - Saved voting_minutes_2026-03-26_v13.pdf
2026-06-29 01:02:36,062 - INFO - Saved voting_minutes_2026-04-09_v11.pdf
2026-06-29 01:02:36,157 - INFO - Saved voting_minutes_2026-04-30_v8.pdf
2026-06-29 01:02:36,231 - INFO - Saved voting_minutes_2026-05-07_v7.pdf
2026-06-29 01:02:36,329 - INFO - Saved voting_minutes_2026-05-21_v5.pdf
2026-06-29 01:02:36,403 - INFO - Saved voting_minutes_2026-06-04_v4.pdf
2026-06-29 01:02:36,485 - INFO - Saved voting_minutes_2026-06-25.pdf
2026-06-29 01:02:36,585 - INFO - Saved voting_minutes_2025-01-09_v15.pdf
2026-06-29 01:02:36,668 - INFO - Saved voting_minutes_2025-01-16_v15.pdf
2026-06-29 01:02:36,755 - INFO - Saved voting_minutes_2025-01-23_v15.pdf
2026-06-29 01:02:36,838 - INFO - Saved voting_minutes_2025-02-13_v15.pdf
2026-06-29 01:02:36,999 - INFO - Saved voting_minutes_2025-02-27_v15.pdf
2026-06-29 01:02:37,076 - INFO - Saved voting_minutes_2025-03-06_v15.pdf
2026-06-29 01:02:37,147 - INFO - Saved voting_minutes_2025-03-27_v15.pdf
2026-06-29 01:02:37,457 - INFO - Saved voting_minutes_2025-04-03_v15.pdf
2026-06-29 01:02:37,559 - INFO - Saved voting_minutes_2025-04-17_v15.pdf
2026-06-29 01:02:37,657 - INFO - Saved voting_minutes_2025-05-01_v15.pdf
2026-06-29 01:02:37,914 - INFO - Saved voting_minutes_2025-05-15_v15.pdf
2026-06-29 01:02:38,011 - INFO - Saved voting_minutes_2025-05-29_v15.pdf
2026-06-29 01:02:38,177 - INFO - Saved voting_minutes_2025-06-05_v15.pdf
2026-06-29 01:02:38,268 - INFO - Saved voting_minutes_2025-06-26_v15.pdf
2026-06-29 01:02:38,332 - INFO - Saved voting_minutes_2025-07-17_v15.pdf
2026-06-29 01:02:38,461 - INFO - Saved voting_minutes_2025-07-31_v15.pdf
2026-06-29 01:02:38,552 - INFO - Saved voting_minutes_2025-08-07_v15.pdf
2026-06-29 01:02:38,681 - INFO - Saved voting_minutes_2025-08-28_v15.pdf
2026-06-29 01:02:38,767 - INFO - Saved voting_minutes_2025-09-18_v15.pdf
2026-06-29 01:02:38,835 - INFO - Saved voting_minutes_2025-10-23_v15.pdf
2026-06-29 01:02:40,237 - INFO - Saved voting_minutes_yyyy-11-06_v9.pdf
2026-06-29 01:02:41,650 - INFO - Saved voting_minutes_yyyy-11-20_v9.pdf
2026-06-29 01:02:41,734 - INFO - Saved voting_minutes_2025-12-04_v15.pdf
2026-06-29 01:02:41,952 - INFO - Saved voting_minutes_2025-12-18_v15.pdf
2026-06-29 01:02:42,021 - INFO - Saved voting_minutes_2024-01-04_v15.pdf
2026-06-29 01:02:42,085 - INFO - Saved voting_minutes_2024-02-01_v15.pdf
2026-06-29 01:02:42,155 - INFO - Saved voting_minutes_2024-02-08_v15.pdf
2026-06-29 01:02:42,240 - INFO - Saved voting_minutes_2024-02-29_v15.pdf
2026-06-29 01:02:42,316 - INFO - Saved voting_minutes_2024-03-07_v15.pdf
2026-06-29 01:02:42,386 - INFO - Saved voting_minutes_2024-03-28_v15.pdf
2026-06-29 01:02:42,460 - INFO - Saved voting_minutes_2024-04-04_v15.pdf
2026-06-29 01:02:42,587 - INFO - Saved voting_minutes_2024-04-25_v15.pdf
2026-06-29 01:02:42,667 - INFO - Saved voting_minutes_2024-05-01_v15.pdf
2026-06-29 01:02:42,732 - INFO - Saved voting_minutes_2024-05-23_v15.pdf
2026-06-29 01:02:42,809 - INFO - Saved voting_minutes_2024-06-06_v15.pdf
2026-06-29 01:02:42,888 - INFO - Saved voting_minutes_2024-06-26_v15.pdf
2026-06-29 01:02:42,975 - INFO - Saved voting_minutes_2024-07-11_v15.pdf
2026-06-29 01:02:43,039 - INFO - Saved voting_minutes_2024-08-01_v15.pdf
2026-06-29 01:02:43,102 - INFO - Saved voting_minutes_2024-08-08_v15.pdf
2026-06-29 01:02:43,205 - INFO - Saved voting_minutes_2024-08-22_v15.pdf
2026-06-29 01:02:43,265 - INFO - Saved voting_minutes_2024-09-12_v15.pdf
2026-06-29 01:02:43,345 - INFO - Saved voting_minutes_2024-09-26_v15.pdf
2026-06-29 01:02:43,409 - INFO - Saved voting_minutes_2024-10-17_v15.pdf
2026-06-29 01:02:43,485 - INFO - Saved voting_minutes_2024-10-31_v15.pdf
2026-06-29 01:02:43,565 - INFO - Saved voting_minutes_2024-11-14_v15.pdf
2026-06-29 01:02:43,637 - INFO - Saved voting_minutes_2024-11-21_v15.pdf
2026-06-29 01:02:43,754 - INFO - Saved voting_minutes_2024-12-12_v15.pdf
2026-06-29 01:02:43,844 - INFO - Saved voting_minutes_2023-01-05_v15.pdf
2026-06-29 01:02:43,926 - INFO - Saved voting_minutes_2023-01-25_v15.pdf
2026-06-29 01:02:44,013 - INFO - Saved voting_minutes_2023-02-02_v15.pdf
2026-06-29 01:02:44,109 - INFO - Saved voting_minutes_2023-02-16_v15.pdf
2026-06-29 01:02:44,179 - INFO - Saved voting_minutes_2023-03-08_v15.pdf
2026-06-29 01:02:44,266 - INFO - Saved voting_minutes_2023-03-30_v15.pdf
2026-06-29 01:02:44,343 - INFO - Saved voting_minutes_2023-04-06_v15.pdf
2026-06-29 01:02:44,428 - INFO - Saved voting_minutes_2023-04-27_v15.pdf
2026-06-29 01:02:44,501 - INFO - Saved voting_minutes_2023-05-04_v15.pdf
2026-06-29 01:02:44,576 - INFO - Saved voting_minutes_2023-05-25_v15.pdf
2026-06-29 01:02:44,647 - INFO - Saved voting_minutes_2023-06-08_v15.pdf
2026-06-29 01:02:44,726 - INFO - Saved voting_minutes_2023-06-29_v15.pdf
2026-06-29 01:02:44,825 - INFO - Saved voting_minutes_2023-07-20_v15.pdf
2026-06-29 01:02:44,900 - INFO - Saved voting_minutes_2023-08-17_v15.pdf
2026-06-29 01:02:44,976 - INFO - Saved voting_minutes_2023-09-14_v15.pdf
2026-06-29 01:02:45,049 - INFO - Saved voting_minutes_2023-09-28_v15.pdf
2026-06-29 01:02:45,115 - INFO - Saved voting_minutes_2023-10-04_v15.pdf
2026-06-29 01:02:45,189 - INFO - Saved voting_minutes_2023-10-26_v15.pdf
2026-06-29 01:02:45,257 - INFO - Saved voting_minutes_2023-11-02_v15.pdf
2026-06-29 01:02:45,314 - INFO - Saved voting_minutes_2023-11-16_v15.pdf
2026-06-29 01:02:45,454 - INFO - Saved voting_minutes_2023-12-14_v15.pdf
2026-06-29 01:02:45,531 - INFO - Saved voting_minutes_2022-01-06_v15.pdf
2026-06-29 01:02:45,625 - INFO - Saved voting_minutes_2022-01-20_v15.pdf
2026-06-29 01:02:45,693 - INFO - Saved voting_minutes_2022-01-27_v15.pdf
2026-06-29 01:02:45,764 - INFO - Saved voting_minutes_2022-02-03_v15.pdf
2026-06-29 01:02:45,829 - INFO - Saved voting_minutes_2022-02-17_v15.pdf
2026-06-29 01:02:45,888 - INFO - Saved voting_minutes_2022-03-03_v15.pdf
2026-06-29 01:02:45,955 - INFO - Saved voting_minutes_2022-03-24_v15.pdf
2026-06-29 01:02:46,036 - INFO - Saved voting_minutes_2022-04-07_v15.pdf
2026-06-29 01:02:46,114 - INFO - Saved voting_minutes_2022-04-28_v15.pdf
2026-06-29 01:02:46,191 - INFO - Saved voting_minutes_2022-05-05_v15.pdf
2026-06-29 01:02:46,338 - INFO - Saved voting_minutes_2022-05-26_v15.pdf
2026-06-29 01:02:46,450 - INFO - Saved voting_minutes_2022-06-08_v15.pdf
2026-06-29 01:02:46,531 - INFO - Saved voting_minutes_2022-06-30_v15.pdf
2026-06-29 01:02:46,609 - INFO - Saved voting_minutes_2022-07-14_v15.pdf
2026-06-29 01:02:46,680 - INFO - Saved voting_minutes_2022-07-28_v15.pdf
2026-06-29 01:02:46,751 - INFO - Saved voting_minutes_2022-08-04_v15.pdf
2026-06-29 01:02:46,816 - INFO - Saved voting_minutes_2022-08-25_v15.pdf
2026-06-29 01:02:46,880 - INFO - Saved voting_minutes_2022-09-15_v15.pdf
2026-06-29 01:02:46,944 - INFO - Saved voting_minutes_2022-09-29_v15.pdf
2026-06-29 01:02:47,020 - INFO - Saved voting_minutes_2022-10-06_v15.pdf
2026-06-29 01:02:47,083 - INFO - Saved voting_minutes_2022-10-26_v15.pdf
2026-06-29 01:02:47,145 - INFO - Saved voting_minutes_2022-11-03_v15.pdf
2026-06-29 01:02:47,276 - INFO - Saved voting_minutes_2022-11-17_v15.pdf
2026-06-29 01:02:47,361 - INFO - Saved voting_minutes_2022-12-15_v15.pdf
2026-06-29 01:02:47,439 - INFO - Saved voting_minutes_2021-01-21_v15.pdf
2026-06-29 01:02:47,509 - INFO - Saved voting_minutes_2021-01-28_v15.pdf
2026-06-29 01:02:47,615 - INFO - Saved voting_minutes_2021-02-04_v15.pdf
2026-06-29 01:02:47,684 - INFO - Saved voting_minutes_2021-02-25_v15.pdf
2026-06-29 01:02:47,762 - INFO - Saved voting_minutes_2021-03-04_v15.pdf
2026-06-29 01:02:47,828 - INFO - Saved voting_minutes_2021-04-01_v15.pdf
2026-06-29 01:02:47,891 - INFO - Saved voting_minutes_yyyy-mm-dd_v15.pdf
2026-06-29 01:02:47,960 - INFO - Saved voting_minutes_2021-04-08_v15.pdf
2026-06-29 01:02:48,022 - INFO - Duplicate content - matches voting_minutes_yyyy-mm-dd_v15.pdf
2026-06-29 01:02:48,078 - INFO - Saved voting_minutes_2021-04-20_v15.pdf
2026-06-29 01:02:48,136 - INFO - Saved voting_minutes_2021-04-29_v15.pdf
2026-06-29 01:02:48,227 - INFO - Saved voting_minutes_2021-05-06_v15.pdf
2026-06-29 01:02:48,308 - INFO - Saved voting_minutes_2021-05-27_v15.pdf
2026-06-29 01:02:48,390 - INFO - Saved voting_minutes_2021-06-03_v15.pdf
2026-06-29 01:02:48,459 - INFO - Saved voting_minutes_2021-06-24_v15.pdf
2026-06-29 01:02:48,567 - INFO - Saved voting_minutes_2021-07-01_v15.pdf
2026-06-29 01:02:48,640 - INFO - Saved voting_minutes_2021-07-29_v15.pdf
2026-06-29 01:02:48,706 - INFO - Saved voting_minutes_2021-08-09_v15.pdf
2026-06-29 01:02:48,774 - INFO - Saved voting_minutes_2021-08-26_v15.pdf
2026-06-29 01:02:48,865 - INFO - Saved voting_minutes_2021-09-02_v15.pdf
2026-06-29 01:02:48,967 - INFO - Saved voting_minutes_2021-09-30_v15.pdf
2026-06-29 01:02:49,046 - INFO - Saved voting_minutes_2021-10-07_v15.pdf
2026-06-29 01:02:49,105 - INFO - Saved voting_minutes_2021-10-28_v15.pdf
2026-06-29 01:02:49,176 - INFO - Saved voting_minutes_2021-11-04_v15.pdf
2026-06-29 01:02:49,230 - INFO - Saved voting_minutes_2021-11-18_v15.pdf
2026-06-29 01:02:49,296 - INFO - Saved voting_minutes_2021-12-02_v15.pdf
2026-06-29 01:02:49,358 - INFO - Saved voting_minutes_2021-12-16_v15.pdf
2026-06-29 01:02:49,438 - INFO - Saved voting_minutes_2020-12-23_v15.pdf
2026-06-29 01:02:49,496 - INFO - Saved voting_minutes_2020-12-03_v15.pdf
2026-06-29 01:02:49,605 - INFO - Saved voting_minutes_2020-11-05_v15.pdf
2026-06-29 01:02:49,674 - INFO - Saved voting_minutes_2020-10-29_v15.pdf
2026-06-29 01:02:49,772 - INFO - Saved voting_minutes_2020-10-08_v15.pdf
2026-06-29 01:02:49,844 - INFO - Saved voting_minutes_2020-10-01_v15.pdf
2026-06-29 01:02:49,912 - INFO - Saved voting_minutes_2020-09-17_v15.pdf
2026-06-29 01:02:49,974 - INFO - Saved voting_minutes_2020-09-10_v15.pdf
2026-06-29 01:02:50,058 - INFO - Duplicate content - matches voting_minutes_2020-09-10_v15.pdf
2026-06-29 01:02:50,117 - INFO - Saved voting_minutes_2020-08-20_v15.pdf
2026-06-29 01:02:50,173 - INFO - Saved voting_minutes_2020-08-13_v15.pdf
2026-06-29 01:02:50,271 - INFO - Saved voting_minutes_2020-07-30_v15.pdf
2026-06-29 01:02:50,359 - INFO - Saved voting_minutes_2020-07-16_v15.pdf
2026-06-29 01:02:50,447 - INFO - Saved voting_minutes_2020-06-04_v15.pdf
2026-06-29 01:02:50,531 - INFO - Saved voting_minutes_2020-05-28_v15.pdf
2026-06-29 01:02:50,627 - INFO - Saved voting_minutes_2020-05-21_v15.pdf
2026-06-29 01:02:50,685 - INFO - Saved voting_minutes_2020-05-14_v15.pdf
2026-06-29 01:02:50,748 - INFO - Saved voting_minutes_2020-05-07_v15.pdf
2026-06-29 01:02:51,075 - INFO - Saved voting_minutes_2020-04-23_v15.pdf
2026-06-29 01:02:51,138 - INFO - Saved voting_minutes_2020-04-30_v15.pdf
2026-06-29 01:02:51,139 - INFO - Download process completed.
2026-06-29 01:02:51,139 - INFO - Application finished successfully.
2026-06-29 01:02:51,139 - INFO - Total runtime: 0 minutes 16.96 seconds
2026-07-06 00:49:29,991 - INFO - Starting Licensing Board Scraper Application
2026-07-06 00:49:29,991 - INFO - Initializing Scraper Service...
2026-07-06 00:49:29,991 - INFO - Fetching https://www.boston.gov/departments/licensing-board/licensing-board-information-and-members...
2026-07-06 00:49:31,720 - INFO - Parsing links...
2026-07-06 00:49:31,798 - INFO - Saving 431 video links to /home/runner/work/boston-liquor-license-tracker/boston-liquor-license-tracker/scraper/scrape/data/hearing_video_links.json...
2026-07-06 00:49:31,799 - INFO - Saved data to /home/runner/work/boston-liquor-license-tracker/boston-liquor-license-tracker/scraper/scrape/data/hearing_video_links.json
2026-07-06 00:49:31,800 - INFO - Extracting dates...
2026-07-06 00:49:31,801 - INFO - Saving 150 minutes links...
2026-07-06 00:49:31,802 - INFO - Saved data to /home/runner/work/boston-liquor-license-tracker/boston-liquor-license-tracker/scraper/scrape/data/voting_minutes_links.json
2026-07-06 00:49:31,802 - INFO - Link stats:
2026-07-06 00:49:31,802 - INFO - total_links: 641
2026-07-06 00:49:31,803 - INFO - client_side_links: 15
2026-07-06 00:49:31,803 - INFO - excluded_links: 45
2026-07-06 00:49:31,803 - INFO - video_links: 431
2026-07-06 00:49:31,803 - INFO - minutes_links: 150
2026-07-06 00:49:31,803 - INFO - Stats logged to /home/runner/work/boston-liquor-license-tracker/boston-liquor-license-tracker/scraper/scrape/data/link_stats_log.csv
2026-07-06 00:49:31,803 - INFO - Scraping completed.
2026-07-06 00:49:31,803 - INFO - Initializing Downloader Service with download_dir: ./data/voting_minutes_pdfs
2026-07-06 00:49:31,803 - INFO - Starting download process...
2026-07-06 00:49:31,900 - INFO - Saved voting_minutes_2026-01-08_v16.pdf
2026-07-06 00:49:32,009 - INFO - Saved voting_minutes_2026-01-29_v16.pdf
2026-07-06 00:49:32,136 - INFO - Saved voting_minutes_2026-02-12_v16.pdf
2026-07-06 00:49:32,249 - INFO - Saved voting_minutes_2026-03-05_v16.pdf
2026-07-06 00:49:32,405 - INFO - Saved voting_minutes_2026-03-26_v14.pdf
2026-07-06 00:49:32,515 - INFO - Saved voting_minutes_2026-04-09_v12.pdf
2026-07-06 00:49:32,623 - INFO - Saved voting_minutes_2026-04-30_v9.pdf
2026-07-06 00:49:32,701 - INFO - Saved voting_minutes_2026-05-07_v8.pdf
2026-07-06 00:49:32,812 - INFO - Saved voting_minutes_2026-05-21_v6.pdf
2026-07-06 00:49:32,931 - INFO - Saved voting_minutes_2026-06-04_v5.pdf
2026-07-06 00:49:33,046 - INFO - Saved voting_minutes_2026-06-25_v2.pdf
2026-07-06 00:49:33,144 - INFO - Saved voting_minutes_2025-01-09_v16.pdf
2026-07-06 00:49:33,278 - INFO - Saved voting_minutes_2025-01-16_v16.pdf
2026-07-06 00:49:33,387 - INFO - Saved voting_minutes_2025-01-23_v16.pdf
2026-07-06 00:49:33,542 - INFO - Saved voting_minutes_2025-02-13_v16.pdf
2026-07-06 00:49:33,659 - INFO - Saved voting_minutes_2025-02-27_v16.pdf
2026-07-06 00:49:34,084 - INFO - Saved voting_minutes_2025-03-06_v16.pdf
2026-07-06 00:49:34,179 - INFO - Saved voting_minutes_2025-03-27_v16.pdf
2026-07-06 00:49:34,270 - INFO - Saved voting_minutes_2025-04-03_v16.pdf
2026-07-06 00:49:34,389 - INFO - Saved voting_minutes_2025-04-17_v16.pdf
2026-07-06 00:49:34,503 - INFO - Saved voting_minutes_2025-05-01_v16.pdf
2026-07-06 00:49:34,646 - INFO - Saved voting_minutes_2025-05-15_v16.pdf
2026-07-06 00:49:34,930 - INFO - Saved voting_minutes_2025-05-29_v16.pdf
2026-07-06 00:49:35,035 - INFO - Saved voting_minutes_2025-06-05_v16.pdf
2026-07-06 00:49:35,139 - INFO - Saved voting_minutes_2025-06-26_v16.pdf
2026-07-06 00:49:35,244 - INFO - Saved voting_minutes_2025-07-17_v16.pdf
2026-07-06 00:49:35,435 - INFO - Saved voting_minutes_2025-07-31_v16.pdf
2026-07-06 00:49:35,539 - INFO - Saved voting_minutes_2025-08-07_v16.pdf
2026-07-06 00:49:35,672 - INFO - Saved voting_minutes_2025-08-28_v16.pdf
2026-07-06 00:49:35,773 - INFO - Saved voting_minutes_2025-09-18_v16.pdf
2026-07-06 00:49:36,133 - INFO - Saved voting_minutes_2025-10-23_v16.pdf
2026-07-06 00:49:37,344 - INFO - Saved voting_minutes_yyyy-11-06_v10.pdf
2026-07-06 00:49:38,740 - INFO - Saved voting_minutes_yyyy-11-20_v10.pdf
2026-07-06 00:49:38,840 - INFO - Saved voting_minutes_2025-12-04_v16.pdf
2026-07-06 00:49:38,936 - INFO - Saved voting_minutes_2025-12-18_v16.pdf
2026-07-06 00:49:39,025 - INFO - Saved voting_minutes_2024-01-04_v16.pdf
2026-07-06 00:49:39,116 - INFO - Saved voting_minutes_2024-02-01_v16.pdf
2026-07-06 00:49:39,215 - INFO - Saved voting_minutes_2024-02-08_v16.pdf
2026-07-06 00:49:39,318 - INFO - Saved voting_minutes_2024-02-29_v16.pdf
2026-07-06 00:49:39,446 - INFO - Saved voting_minutes_2024-03-07_v16.pdf
2026-07-06 00:49:39,534 - INFO - Saved voting_minutes_2024-03-28_v16.pdf
2026-07-06 00:49:39,628 - INFO - Saved voting_minutes_2024-04-04_v16.pdf
2026-07-06 00:49:39,742 - INFO - Saved voting_minutes_2024-04-25_v16.pdf
2026-07-06 00:49:39,829 - INFO - Saved voting_minutes_2024-05-01_v16.pdf
2026-07-06 00:49:39,919 - INFO - Saved voting_minutes_2024-05-23_v16.pdf
2026-07-06 00:49:40,009 - INFO - Saved voting_minutes_2024-06-06_v16.pdf
2026-07-06 00:49:40,097 - INFO - Saved voting_minutes_2024-06-26_v16.pdf
2026-07-06 00:49:40,188 - INFO - Saved voting_minutes_2024-07-11_v16.pdf
2026-07-06 00:49:40,320 - INFO - Saved voting_minutes_2024-08-01_v16.pdf
2026-07-06 00:49:40,418 - INFO - Saved voting_minutes_2024-08-08_v16.pdf
2026-07-06 00:49:40,497 - INFO - Saved voting_minutes_2024-08-22_v16.pdf
2026-07-06 00:49:40,590 - INFO - Saved voting_minutes_2024-09-12_v16.pdf
2026-07-06 00:49:40,803 - INFO - Saved voting_minutes_2024-09-26_v16.pdf
2026-07-06 00:49:40,942 - INFO - Saved voting_minutes_2024-10-17_v16.pdf
2026-07-06 00:49:41,042 - INFO - Saved voting_minutes_2024-10-31_v16.pdf
2026-07-06 00:49:41,123 - INFO - Saved voting_minutes_2024-11-14_v16.pdf
2026-07-06 00:49:41,228 - INFO - Saved voting_minutes_2024-11-21_v16.pdf
2026-07-06 00:49:41,327 - INFO - Saved voting_minutes_2024-12-12_v16.pdf
2026-07-06 00:49:41,509 - INFO - Saved voting_minutes_2023-01-05_v16.pdf
2026-07-06 00:49:41,593 - INFO - Saved voting_minutes_2023-01-25_v16.pdf
2026-07-06 00:49:41,682 - INFO - Saved voting_minutes_2023-02-02_v16.pdf
2026-07-06 00:49:41,773 - INFO - Saved voting_minutes_2023-02-16_v16.pdf
2026-07-06 00:49:41,870 - INFO - Saved voting_minutes_2023-03-08_v16.pdf
2026-07-06 00:49:41,963 - INFO - Saved voting_minutes_2023-03-30_v16.pdf
2026-07-06 00:49:42,055 - INFO - Saved voting_minutes_2023-04-06_v16.pdf
2026-07-06 00:49:42,155 - INFO - Saved voting_minutes_2023-04-27_v16.pdf
2026-07-06 00:49:42,277 - INFO - Saved voting_minutes_2023-05-04_v16.pdf
2026-07-06 00:49:42,363 - INFO - Saved voting_minutes_2023-05-25_v16.pdf
2026-07-06 00:49:42,459 - INFO - Saved voting_minutes_2023-06-08_v16.pdf
2026-07-06 00:49:42,555 - INFO - Saved voting_minutes_2023-06-29_v16.pdf
2026-07-06 00:49:42,662 - INFO - Saved voting_minutes_2023-07-20_v16.pdf
2026-07-06 00:49:42,745 - INFO - Saved voting_minutes_2023-08-17_v16.pdf
2026-07-06 00:49:43,004 - INFO - Saved voting_minutes_2023-09-14_v16.pdf
2026-07-06 00:49:43,099 - INFO - Saved voting_minutes_2023-09-28_v16.pdf
2026-07-06 00:49:43,184 - INFO - Saved voting_minutes_2023-10-04_v16.pdf
2026-07-06 00:49:43,285 - INFO - Saved voting_minutes_2023-10-26_v16.pdf
2026-07-06 00:49:43,379 - INFO - Saved voting_minutes_2023-11-02_v16.pdf
2026-07-06 00:49:43,593 - INFO - Saved voting_minutes_2023-11-16_v16.pdf
2026-07-06 00:49:43,687 - INFO - Saved voting_minutes_2023-12-14_v16.pdf
2026-07-06 00:49:43,768 - INFO - Saved voting_minutes_2022-01-06_v16.pdf
2026-07-06 00:49:44,039 - INFO - Saved voting_minutes_2022-01-20_v16.pdf
2026-07-06 00:49:44,121 - INFO - Saved voting_minutes_2022-01-27_v16.pdf
2026-07-06 00:49:44,202 - INFO - Saved voting_minutes_2022-02-03_v16.pdf
2026-07-06 00:49:44,304 - INFO - Saved voting_minutes_2022-02-17_v16.pdf
2026-07-06 00:49:44,392 - INFO - Saved voting_minutes_2022-03-03_v16.pdf
2026-07-06 00:49:44,479 - INFO - Saved voting_minutes_2022-03-24_v16.pdf
2026-07-06 00:49:44,605 - INFO - Saved voting_minutes_2022-04-07_v16.pdf
2026-07-06 00:49:44,690 - INFO - Saved voting_minutes_2022-04-28_v16.pdf
2026-07-06 00:49:44,783 - INFO - Saved voting_minutes_2022-05-05_v16.pdf
2026-07-06 00:49:44,880 - INFO - Saved voting_minutes_2022-05-26_v16.pdf
2026-07-06 00:49:44,973 - INFO - Saved voting_minutes_2022-06-08_v16.pdf
2026-07-06 00:49:45,057 - INFO - Saved voting_minutes_2022-06-30_v16.pdf
2026-07-06 00:49:45,159 - INFO - Saved voting_minutes_2022-07-14_v16.pdf
2026-07-06 00:49:45,266 - INFO - Saved voting_minutes_2022-07-28_v16.pdf
2026-07-06 00:49:45,359 - INFO - Saved voting_minutes_2022-08-04_v16.pdf
2026-07-06 00:49:45,451 - INFO - Saved voting_minutes_2022-08-25_v16.pdf
2026-07-06 00:49:45,535 - INFO - Saved voting_minutes_2022-09-15_v16.pdf
2026-07-06 00:49:45,627 - INFO - Saved voting_minutes_2022-09-29_v16.pdf
2026-07-06 00:49:45,717 - INFO - Saved voting_minutes_2022-10-06_v16.pdf
2026-07-06 00:49:45,870 - INFO - Saved voting_minutes_2022-10-26_v16.pdf
2026-07-06 00:49:45,960 - INFO - Saved voting_minutes_2022-11-03_v16.pdf
2026-07-06 00:49:46,052 - INFO - Saved voting_minutes_2022-11-17_v16.pdf
2026-07-06 00:49:46,148 - INFO - Saved voting_minutes_2022-12-15_v16.pdf
2026-07-06 00:49:46,235 - INFO - Saved voting_minutes_2021-01-21_v16.pdf
2026-07-06 00:49:46,318 - INFO - Saved voting_minutes_2021-01-28_v16.pdf
2026-07-06 00:49:46,476 - INFO - Saved voting_minutes_2021-02-04_v16.pdf
2026-07-06 00:49:46,595 - INFO - Saved voting_minutes_2021-02-25_v16.pdf
2026-07-06 00:49:46,671 - INFO - Saved voting_minutes_2021-03-04_v16.pdf
2026-07-06 00:49:46,753 - INFO - Saved voting_minutes_2021-04-01_v16.pdf
2026-07-06 00:49:46,866 - INFO - Saved voting_minutes_yyyy-mm-dd_v16.pdf
2026-07-06 00:49:46,948 - INFO - Saved voting_minutes_2021-04-08_v16.pdf
2026-07-06 00:49:47,024 - INFO - Duplicate content - matches voting_minutes_yyyy-mm-dd_v16.pdf
2026-07-06 00:49:47,184 - INFO - Saved voting_minutes_2021-04-20_v16.pdf
2026-07-06 00:49:47,305 - INFO - Saved voting_minutes_2021-04-29_v16.pdf
2026-07-06 00:49:47,406 - INFO - Saved voting_minutes_2021-05-06_v16.pdf
2026-07-06 00:49:47,546 - INFO - Saved voting_minutes_2021-05-27_v16.pdf
2026-07-06 00:49:47,647 - INFO - Saved voting_minutes_2021-06-03_v16.pdf
2026-07-06 00:49:47,749 - INFO - Saved voting_minutes_2021-06-24_v16.pdf
2026-07-06 00:49:47,835 - INFO - Saved voting_minutes_2021-07-01_v16.pdf
2026-07-06 00:49:47,968 - INFO - Saved voting_minutes_2021-07-29_v16.pdf
2026-07-06 00:49:48,069 - INFO - Saved voting_minutes_2021-08-09_v16.pdf
2026-07-06 00:49:48,197 - INFO - Saved voting_minutes_2021-08-26_v16.pdf
2026-07-06 00:49:48,285 - INFO - Saved voting_minutes_2021-09-02_v16.pdf
2026-07-06 00:49:48,383 - INFO - Saved voting_minutes_2021-09-30_v16.pdf
2026-07-06 00:49:48,477 - INFO - Saved voting_minutes_2021-10-07_v16.pdf
2026-07-06 00:49:48,572 - INFO - Saved voting_minutes_2021-10-28_v16.pdf
2026-07-06 00:49:48,663 - INFO - Saved voting_minutes_2021-11-04_v16.pdf
2026-07-06 00:49:48,748 - INFO - Saved voting_minutes_2021-11-18_v16.pdf
2026-07-06 00:49:48,830 - INFO - Saved voting_minutes_2021-12-02_v16.pdf
2026-07-06 00:49:48,915 - INFO - Saved voting_minutes_2021-12-16_v16.pdf
2026-07-06 00:49:48,991 - INFO - Saved voting_minutes_2020-12-23_v16.pdf
2026-07-06 00:49:49,075 - INFO - Saved voting_minutes_2020-12-03_v16.pdf
2026-07-06 00:49:49,165 - INFO - Saved voting_minutes_2020-11-05_v16.pdf
2026-07-06 00:49:49,246 - INFO - Saved voting_minutes_2020-10-29_v16.pdf
2026-07-06 00:49:49,334 - INFO - Saved voting_minutes_2020-10-08_v16.pdf
2026-07-06 00:49:49,443 - INFO - Saved voting_minutes_2020-10-01_v16.pdf
2026-07-06 00:49:49,532 - INFO - Saved voting_minutes_2020-09-17_v16.pdf
2026-07-06 00:49:49,625 - INFO - Saved voting_minutes_2020-09-10_v16.pdf
2026-07-06 00:49:49,712 - INFO - Duplicate content - matches voting_minutes_2020-09-10_v16.pdf
2026-07-06 00:49:49,797 - INFO - Saved voting_minutes_2020-08-20_v16.pdf
2026-07-06 00:49:49,878 - INFO - Saved voting_minutes_2020-08-13_v16.pdf
2026-07-06 00:49:49,958 - INFO - Saved voting_minutes_2020-07-30_v16.pdf
2026-07-06 00:49:50,079 - INFO - Saved voting_minutes_2020-07-16_v16.pdf
2026-07-06 00:49:50,167 - INFO - Saved voting_minutes_2020-06-04_v16.pdf
2026-07-06 00:49:50,251 - INFO - Saved voting_minutes_2020-05-28_v16.pdf
2026-07-06 00:49:50,330 - INFO - Saved voting_minutes_2020-05-21_v16.pdf
2026-07-06 00:49:50,408 - INFO - Saved voting_minutes_2020-05-14_v16.pdf
2026-07-06 00:49:50,493 - INFO - Saved voting_minutes_2020-05-07_v16.pdf
2026-07-06 00:49:50,581 - INFO - Saved voting_minutes_2020-04-23_v16.pdf
2026-07-06 00:49:50,670 - INFO - Saved voting_minutes_2020-04-30_v16.pdf
2026-07-06 00:49:50,671 - INFO - Download process completed.
2026-07-06 00:49:50,671 - INFO - Application finished successfully.
2026-07-06 00:49:50,671 - INFO - Total runtime: 0 minutes 20.68 seconds
2026-07-13 00:43:03,388 - INFO - Starting Licensing Board Scraper Application
2026-07-13 00:43:03,389 - INFO - Initializing Scraper Service...
2026-07-13 00:43:03,389 - INFO - Fetching https://www.boston.gov/departments/licensing-board/licensing-board-information-and-members...
2026-07-13 00:43:05,406 - INFO - Parsing links...
2026-07-13 00:43:05,483 - INFO - Saving 431 video links to /home/runner/work/boston-liquor-license-tracker/boston-liquor-license-tracker/scraper/scrape/data/hearing_video_links.json...
2026-07-13 00:43:05,485 - INFO - Saved data to /home/runner/work/boston-liquor-license-tracker/boston-liquor-license-tracker/scraper/scrape/data/hearing_video_links.json
2026-07-13 00:43:05,485 - INFO - Extracting dates...
2026-07-13 00:43:05,487 - INFO - Saving 150 minutes links...
2026-07-13 00:43:05,488 - INFO - Saved data to /home/runner/work/boston-liquor-license-tracker/boston-liquor-license-tracker/scraper/scrape/data/voting_minutes_links.json
2026-07-13 00:43:05,488 - INFO - Link stats:
2026-07-13 00:43:05,488 - INFO - total_links: 641
2026-07-13 00:43:05,488 - INFO - client_side_links: 15
2026-07-13 00:43:05,488 - INFO - excluded_links: 45
2026-07-13 00:43:05,488 - INFO - video_links: 431
2026-07-13 00:43:05,488 - INFO - minutes_links: 150
2026-07-13 00:43:05,488 - INFO - Stats logged to /home/runner/work/boston-liquor-license-tracker/boston-liquor-license-tracker/scraper/scrape/data/link_stats_log.csv
2026-07-13 00:43:05,489 - INFO - Scraping completed.
2026-07-13 00:43:05,489 - INFO - Initializing Downloader Service with download_dir: ./data/voting_minutes_pdfs
2026-07-13 00:43:05,489 - INFO - Starting download process...
2026-07-13 00:43:06,044 - INFO - Saved voting_minutes_2026-01-08_v17.pdf
2026-07-13 00:43:06,619 - INFO - Saved voting_minutes_2026-01-29_v17.pdf
2026-07-13 00:43:07,224 - INFO - Saved voting_minutes_2026-02-12_v17.pdf
2026-07-13 00:43:07,991 - INFO - Saved voting_minutes_2026-03-05_v17.pdf
2026-07-13 00:43:08,596 - INFO - Saved voting_minutes_2026-03-26_v15.pdf
2026-07-13 00:43:09,259 - INFO - Saved voting_minutes_2026-04-09_v13.pdf
2026-07-13 00:43:09,408 - INFO - Saved voting_minutes_2026-04-30_v10.pdf
2026-07-13 00:43:09,764 - INFO - Saved voting_minutes_2026-05-07_v9.pdf
2026-07-13 00:43:10,237 - INFO - Saved voting_minutes_2026-05-21_v7.pdf
2026-07-13 00:43:10,749 - INFO - Saved voting_minutes_2026-06-04_v6.pdf
2026-07-13 00:43:11,319 - INFO - Saved voting_minutes_2026-06-25_v3.pdf
2026-07-13 00:43:11,501 - INFO - Saved voting_minutes_2025-01-09_v17.pdf
2026-07-13 00:43:11,944 - INFO - Saved voting_minutes_2025-01-16_v17.pdf
2026-07-13 00:43:12,158 - INFO - Saved voting_minutes_2025-01-23_v17.pdf
2026-07-13 00:43:12,599 - INFO - Saved voting_minutes_2025-02-13_v17.pdf
2026-07-13 00:43:13,034 - INFO - Saved voting_minutes_2025-02-27_v17.pdf
2026-07-13 00:43:13,475 - INFO - Saved voting_minutes_2025-03-06_v17.pdf
2026-07-13 00:43:13,959 - INFO - Saved voting_minutes_2025-03-27_v17.pdf
2026-07-13 00:43:14,415 - INFO - Saved voting_minutes_2025-04-03_v17.pdf
2026-07-13 00:43:14,643 - INFO - Saved voting_minutes_2025-04-17_v17.pdf
2026-07-13 00:43:15,072 - INFO - Saved voting_minutes_2025-05-01_v17.pdf
2026-07-13 00:43:15,669 - INFO - Saved voting_minutes_2025-05-15_v17.pdf
2026-07-13 00:43:16,097 - INFO - Saved voting_minutes_2025-05-29_v17.pdf
2026-07-13 00:43:16,249 - INFO - Saved voting_minutes_2025-06-05_v17.pdf
2026-07-13 00:43:16,658 - INFO - Saved voting_minutes_2025-06-26_v17.pdf
2026-07-13 00:43:17,092 - INFO - Saved voting_minutes_2025-07-17_v17.pdf
2026-07-13 00:43:17,525 - INFO - Saved voting_minutes_2025-07-31_v17.pdf
2026-07-13 00:43:17,967 - INFO - Saved voting_minutes_2025-08-07_v17.pdf
2026-07-13 00:43:18,187 - INFO - Saved voting_minutes_2025-08-28_v17.pdf
2026-07-13 00:43:18,597 - INFO - Saved voting_minutes_2025-09-18_v17.pdf
2026-07-13 00:43:18,804 - INFO - Saved voting_minutes_2025-10-23_v17.pdf
2026-07-13 00:43:20,230 - INFO - Saved voting_minutes_yyyy-11-06_v11.pdf
2026-07-13 00:43:22,171 - INFO - Saved voting_minutes_yyyy-11-20_v11.pdf
2026-07-13 00:43:22,604 - INFO - Saved voting_minutes_2025-12-04_v17.pdf
2026-07-13 00:43:23,018 - INFO - Saved voting_minutes_2025-12-18_v17.pdf
2026-07-13 00:43:23,153 - INFO - Saved voting_minutes_2024-01-04_v17.pdf
2026-07-13 00:43:23,514 - INFO - Saved voting_minutes_2024-02-01_v17.pdf
2026-07-13 00:43:23,905 - INFO - Saved voting_minutes_2024-02-08_v17.pdf
2026-07-13 00:43:24,245 - INFO - Saved voting_minutes_2024-02-29_v17.pdf
2026-07-13 00:43:24,588 - INFO - Saved voting_minutes_2024-03-07_v17.pdf
2026-07-13 00:43:24,948 - INFO - Saved voting_minutes_2024-03-28_v17.pdf
2026-07-13 00:43:25,292 - INFO - Saved voting_minutes_2024-04-04_v17.pdf
2026-07-13 00:43:25,643 - INFO - Saved voting_minutes_2024-04-25_v17.pdf
2026-07-13 00:43:26,020 - INFO - Saved voting_minutes_2024-05-01_v17.pdf
2026-07-13 00:43:26,359 - INFO - Saved voting_minutes_2024-05-23_v17.pdf
2026-07-13 00:43:26,716 - INFO - Saved voting_minutes_2024-06-06_v17.pdf
2026-07-13 00:43:27,057 - INFO - Saved voting_minutes_2024-06-26_v17.pdf
2026-07-13 00:43:27,411 - INFO - Saved voting_minutes_2024-07-11_v17.pdf
2026-07-13 00:43:27,617 - INFO - Saved voting_minutes_2024-08-01_v17.pdf
2026-07-13 00:43:27,967 - INFO - Saved voting_minutes_2024-08-08_v17.pdf
2026-07-13 00:43:28,330 - INFO - Saved voting_minutes_2024-08-22_v17.pdf
2026-07-13 00:43:28,553 - INFO - Saved voting_minutes_2024-09-12_v17.pdf
2026-07-13 00:43:28,893 - INFO - Saved voting_minutes_2024-09-26_v17.pdf
2026-07-13 00:43:29,313 - INFO - Saved voting_minutes_2024-10-17_v17.pdf
2026-07-13 00:43:29,682 - INFO - Saved voting_minutes_2024-10-31_v17.pdf
2026-07-13 00:43:30,030 - INFO - Saved voting_minutes_2024-11-14_v17.pdf
2026-07-13 00:43:30,166 - INFO - Saved voting_minutes_2024-11-21_v17.pdf
2026-07-13 00:43:30,543 - INFO - Saved voting_minutes_2024-12-12_v17.pdf
2026-07-13 00:43:30,897 - INFO - Saved voting_minutes_2023-01-05_v17.pdf
2026-07-13 00:43:31,246 - INFO - Saved voting_minutes_2023-01-25_v17.pdf
2026-07-13 00:43:31,388 - INFO - Saved voting_minutes_2023-02-02_v17.pdf
2026-07-13 00:43:31,727 - INFO - Saved voting_minutes_2023-02-16_v17.pdf
2026-07-13 00:43:32,072 - INFO - Saved voting_minutes_2023-03-08_v17.pdf
2026-07-13 00:43:32,437 - INFO - Saved voting_minutes_2023-03-30_v17.pdf
2026-07-13 00:43:32,665 - INFO - Saved voting_minutes_2023-04-06_v17.pdf
2026-07-13 00:43:33,029 - INFO - Saved voting_minutes_2023-04-27_v17.pdf
2026-07-13 00:43:33,385 - INFO - Saved voting_minutes_2023-05-04_v17.pdf
2026-07-13 00:43:33,736 - INFO - Saved voting_minutes_2023-05-25_v17.pdf
2026-07-13 00:43:33,933 - INFO - Saved voting_minutes_2023-06-08_v17.pdf
2026-07-13 00:43:34,374 - INFO - Saved voting_minutes_2023-06-29_v17.pdf
2026-07-13 00:43:34,726 - INFO - Saved voting_minutes_2023-07-20_v17.pdf
2026-07-13 00:43:35,071 - INFO - Saved voting_minutes_2023-08-17_v17.pdf
2026-07-13 00:43:35,534 - INFO - Saved voting_minutes_2023-09-14_v17.pdf
2026-07-13 00:43:36,025 - INFO - Saved voting_minutes_2023-09-28_v17.pdf
2026-07-13 00:43:36,400 - INFO - Saved voting_minutes_2023-10-04_v17.pdf
2026-07-13 00:43:36,769 - INFO - Saved voting_minutes_2023-10-26_v17.pdf
2026-07-13 00:43:37,170 - INFO - Saved voting_minutes_2023-11-02_v17.pdf
2026-07-13 00:43:37,540 - INFO - Saved voting_minutes_2023-11-16_v17.pdf
2026-07-13 00:43:37,892 - INFO - Saved voting_minutes_2023-12-14_v17.pdf
2026-07-13 00:43:38,261 - INFO - Saved voting_minutes_2022-01-06_v17.pdf
2026-07-13 00:43:38,616 - INFO - Saved voting_minutes_2022-01-20_v17.pdf
2026-07-13 00:43:38,966 - INFO - Saved voting_minutes_2022-01-27_v17.pdf
2026-07-13 00:43:39,238 - INFO - Saved voting_minutes_2022-02-03_v17.pdf
2026-07-13 00:43:39,516 - INFO - Saved voting_minutes_2022-02-17_v17.pdf
2026-07-13 00:43:39,865 - INFO - Saved voting_minutes_2022-03-03_v17.pdf
2026-07-13 00:43:40,226 - INFO - Saved voting_minutes_2022-03-24_v17.pdf
2026-07-13 00:43:40,640 - INFO - Saved voting_minutes_2022-04-07_v17.pdf
2026-07-13 00:43:41,020 - INFO - Saved voting_minutes_2022-04-28_v17.pdf
2026-07-13 00:43:41,366 - INFO - Saved voting_minutes_2022-05-05_v17.pdf
2026-07-13 00:43:41,777 - INFO - Saved voting_minutes_2022-05-26_v17.pdf
2026-07-13 00:43:42,136 - INFO - Saved voting_minutes_2022-06-08_v17.pdf
2026-07-13 00:43:42,522 - INFO - Saved voting_minutes_2022-06-30_v17.pdf
2026-07-13 00:43:42,873 - INFO - Saved voting_minutes_2022-07-14_v17.pdf
2026-07-13 00:43:43,226 - INFO - Saved voting_minutes_2022-07-28_v17.pdf
2026-07-13 00:43:43,362 - INFO - Saved voting_minutes_2022-08-04_v17.pdf
2026-07-13 00:43:43,719 - INFO - Saved voting_minutes_2022-08-25_v17.pdf
2026-07-13 00:43:43,937 - INFO - Saved voting_minutes_2022-09-15_v17.pdf
2026-07-13 00:43:44,294 - INFO - Saved voting_minutes_2022-09-29_v17.pdf
2026-07-13 00:43:44,443 - INFO - Saved voting_minutes_2022-10-06_v17.pdf
2026-07-13 00:43:44,788 - INFO - Saved voting_minutes_2022-10-26_v17.pdf
2026-07-13 00:43:45,136 - INFO - Saved voting_minutes_2022-11-03_v17.pdf
2026-07-13 00:43:45,488 - INFO - Saved voting_minutes_2022-11-17_v17.pdf
2026-07-13 00:43:45,829 - INFO - Saved voting_minutes_2022-12-15_v17.pdf
2026-07-13 00:43:46,128 - INFO - Saved voting_minutes_2021-01-21_v17.pdf
2026-07-13 00:43:46,483 - INFO - Saved voting_minutes_2021-01-28_v17.pdf
2026-07-13 00:43:46,823 - INFO - Saved voting_minutes_2021-02-04_v17.pdf
2026-07-13 00:43:47,183 - INFO - Saved voting_minutes_2021-02-25_v17.pdf
2026-07-13 00:43:47,535 - INFO - Saved voting_minutes_2021-03-04_v17.pdf
2026-07-13 00:43:47,742 - INFO - Saved voting_minutes_2021-04-01_v17.pdf
2026-07-13 00:43:48,099 - INFO - Saved voting_minutes_yyyy-mm-dd_v17.pdf
2026-07-13 00:43:48,446 - INFO - Saved voting_minutes_2021-04-08_v17.pdf
2026-07-13 00:43:48,731 - INFO - Duplicate content - matches voting_minutes_yyyy-mm-dd_v17.pdf
2026-07-13 00:43:48,871 - INFO - Saved voting_minutes_2021-04-20_v17.pdf
2026-07-13 00:43:49,247 - INFO - Saved voting_minutes_2021-04-29_v17.pdf
2026-07-13 00:43:49,613 - INFO - Saved voting_minutes_2021-05-06_v17.pdf
2026-07-13 00:43:49,976 - INFO - Saved voting_minutes_2021-05-27_v17.pdf
2026-07-13 00:43:50,176 - INFO - Saved voting_minutes_2021-06-03_v17.pdf
2026-07-13 00:43:50,519 - INFO - Saved voting_minutes_2021-06-24_v17.pdf
2026-07-13 00:43:50,790 - INFO - Saved voting_minutes_2021-07-01_v17.pdf
2026-07-13 00:43:51,077 - INFO - Saved voting_minutes_2021-07-29_v17.pdf
2026-07-13 00:43:51,421 - INFO - Saved voting_minutes_2021-08-09_v17.pdf
2026-07-13 00:43:52,009 - INFO - Saved voting_minutes_2021-08-26_v17.pdf
2026-07-13 00:43:52,448 - INFO - Saved voting_minutes_2021-09-02_v17.pdf
2026-07-13 00:43:52,800 - INFO - Saved voting_minutes_2021-09-30_v17.pdf
2026-07-13 00:43:53,139 - INFO - Saved voting_minutes_2021-10-07_v17.pdf
2026-07-13 00:43:53,421 - INFO - Saved voting_minutes_2021-10-28_v17.pdf
2026-07-13 00:43:53,799 - INFO - Saved voting_minutes_2021-11-04_v17.pdf
2026-07-13 00:43:54,154 - INFO - Saved voting_minutes_2021-11-18_v17.pdf
2026-07-13 00:43:54,441 - INFO - Saved voting_minutes_2021-12-02_v17.pdf
2026-07-13 00:43:54,714 - INFO - Saved voting_minutes_2021-12-16_v17.pdf
2026-07-13 00:43:54,930 - INFO - Saved voting_minutes_2020-12-23_v17.pdf
2026-07-13 00:43:55,078 - INFO - Saved voting_minutes_2020-12-03_v17.pdf
2026-07-13 00:43:55,225 - INFO - Saved voting_minutes_2020-11-05_v17.pdf
2026-07-13 00:43:55,568 - INFO - Saved voting_minutes_2020-10-29_v17.pdf
2026-07-13 00:43:55,927 - INFO - Saved voting_minutes_2020-10-08_v17.pdf
2026-07-13 00:43:56,379 - INFO - Saved voting_minutes_2020-10-01_v17.pdf
2026-07-13 00:43:56,723 - INFO - Saved voting_minutes_2020-09-17_v17.pdf
2026-07-13 00:43:56,866 - INFO - Saved voting_minutes_2020-09-10_v17.pdf
2026-07-13 00:43:57,094 - INFO - Duplicate content - matches voting_minutes_2020-09-10_v17.pdf
2026-07-13 00:43:57,444 - INFO - Saved voting_minutes_2020-08-20_v17.pdf
2026-07-13 00:43:57,795 - INFO - Saved voting_minutes_2020-08-13_v17.pdf
2026-07-13 00:43:58,040 - INFO - Saved voting_minutes_2020-07-30_v17.pdf
2026-07-13 00:43:58,402 - INFO - Saved voting_minutes_2020-07-16_v17.pdf
2026-07-13 00:43:58,762 - INFO - Saved voting_minutes_2020-06-04_v17.pdf
2026-07-13 00:43:59,121 - INFO - Saved voting_minutes_2020-05-28_v17.pdf
2026-07-13 00:43:59,463 - INFO - Saved voting_minutes_2020-05-21_v17.pdf
2026-07-13 00:43:59,816 - INFO - Saved voting_minutes_2020-05-14_v17.pdf
2026-07-13 00:44:00,141 - INFO - Saved voting_minutes_2020-05-07_v17.pdf
2026-07-13 00:44:00,483 - INFO - Saved voting_minutes_2020-04-23_v17.pdf
2026-07-13 00:44:00,840 - INFO - Saved voting_minutes_2020-04-30_v17.pdf
2026-07-13 00:44:00,841 - INFO - Download process completed.
2026-07-13 00:44:00,841 - INFO - Application finished successfully.
2026-07-13 00:44:00,841 - INFO - Total runtime: 0 minutes 57.45 seconds
2026-07-20 18:43:40,778 - INFO - Starting Licensing Board Scraper Application
2026-07-20 18:43:40,778 - INFO - Initializing Scraper Service...
2026-07-20 18:43:40,779 - INFO - Fetching https://www.boston.gov/departments/licensing-board/licensing-board-information-and-members...
2026-07-20 18:43:42,730 - INFO - Parsing links...
2026-07-20 18:43:42,788 - INFO - Saving 434 video links to /home/runner/work/boston-liquor-license-tracker/boston-liquor-license-tracker/scraper/scrape/data/hearing_video_links.json...
2026-07-20 18:43:42,789 - INFO - Saved data to /home/runner/work/boston-liquor-license-tracker/boston-liquor-license-tracker/scraper/scrape/data/hearing_video_links.json
2026-07-20 18:43:42,789 - INFO - Extracting dates...
2026-07-20 18:43:42,791 - INFO - Saving 151 minutes links...
2026-07-20 18:43:42,792 - INFO - Saved data to /home/runner/work/boston-liquor-license-tracker/boston-liquor-license-tracker/scraper/scrape/data/voting_minutes_links.json
2026-07-20 18:43:42,792 - INFO - Link stats:
2026-07-20 18:43:42,792 - INFO - total_links: 645
2026-07-20 18:43:42,792 - INFO - client_side_links: 16
2026-07-20 18:43:42,793 - INFO - excluded_links: 44
2026-07-20 18:43:42,793 - INFO - video_links: 434
2026-07-20 18:43:42,793 - INFO - minutes_links: 151
2026-07-20 18:43:42,793 - INFO - Stats logged to /home/runner/work/boston-liquor-license-tracker/boston-liquor-license-tracker/scraper/scrape/data/link_stats_log.csv
2026-07-20 18:43:42,793 - INFO - Scraping completed.
2026-07-20 18:43:42,793 - INFO - Initializing Downloader Service with download_dir: ./data/voting_minutes_pdfs
2026-07-20 18:43:42,793 - INFO - Starting download process...
2026-07-20 18:43:42,894 - INFO - Saved voting_minutes_2026-01-08_v18.pdf
2026-07-20 18:43:43,030 - INFO - Saved voting_minutes_2026-01-29_v18.pdf
2026-07-20 18:43:43,146 - INFO - Saved voting_minutes_2026-02-12_v18.pdf
2026-07-20 18:43:43,273 - INFO - Saved voting_minutes_2026-03-05_v18.pdf
2026-07-20 18:43:43,421 - INFO - Saved voting_minutes_2026-03-26_v16.pdf
2026-07-20 18:43:43,879 - INFO - Saved voting_minutes_2026-04-09_v14.pdf
2026-07-20 18:43:43,989 - INFO - Saved voting_minutes_2026-04-30_v11.pdf
2026-07-20 18:43:44,214 - INFO - Saved voting_minutes_2026-05-07_v10.pdf
2026-07-20 18:43:44,321 - INFO - Saved voting_minutes_2026-05-21_v8.pdf
2026-07-20 18:43:44,432 - INFO - Saved voting_minutes_2026-06-04_v7.pdf
2026-07-20 18:43:44,625 - INFO - Saved voting_minutes_2026-06-25_v4.pdf
2026-07-20 18:43:44,736 - INFO - Saved voting_minutes_2026-07-16.pdf
2026-07-20 18:43:44,869 - INFO - Saved voting_minutes_2025-01-09_v18.pdf
2026-07-20 18:43:44,985 - INFO - Saved voting_minutes_2025-01-16_v18.pdf
2026-07-20 18:43:45,126 - INFO - Saved voting_minutes_2025-01-23_v18.pdf
2026-07-20 18:43:45,292 - INFO - Saved voting_minutes_2025-02-13_v18.pdf
2026-07-20 18:43:45,479 - INFO - Saved voting_minutes_2025-02-27_v18.pdf
2026-07-20 18:43:45,610 - INFO - Saved voting_minutes_2025-03-06_v18.pdf
2026-07-20 18:43:45,712 - INFO - Saved voting_minutes_2025-03-27_v18.pdf
2026-07-20 18:43:45,817 - INFO - Saved voting_minutes_2025-04-03_v18.pdf
2026-07-20 18:43:46,024 - INFO - Saved voting_minutes_2025-04-17_v18.pdf
2026-07-20 18:43:46,147 - INFO - Saved voting_minutes_2025-05-01_v18.pdf
2026-07-20 18:43:46,265 - INFO - Saved voting_minutes_2025-05-15_v18.pdf
2026-07-20 18:43:46,452 - INFO - Saved voting_minutes_2025-05-29_v18.pdf
2026-07-20 18:43:46,900 - INFO - Saved voting_minutes_2025-06-05_v18.pdf
2026-07-20 18:43:47,045 - INFO - Saved voting_minutes_2025-06-26_v18.pdf
2026-07-20 18:43:47,169 - INFO - Saved voting_minutes_2025-07-17_v18.pdf
2026-07-20 18:43:47,296 - INFO - Saved voting_minutes_2025-07-31_v18.pdf
2026-07-20 18:43:47,414 - INFO - Saved voting_minutes_2025-08-07_v18.pdf
2026-07-20 18:43:47,604 - INFO - Saved voting_minutes_2025-08-28_v18.pdf
2026-07-20 18:43:47,740 - INFO - Saved voting_minutes_2025-09-18_v18.pdf
2026-07-20 18:43:47,869 - INFO - Saved voting_minutes_2025-10-23_v18.pdf
2026-07-20 18:43:49,203 - INFO - Saved voting_minutes_yyyy-11-06_v12.pdf
2026-07-20 18:43:50,681 - INFO - Saved voting_minutes_yyyy-11-20_v12.pdf
2026-07-20 18:43:50,795 - INFO - Saved voting_minutes_2025-12-04_v18.pdf
2026-07-20 18:43:50,897 - INFO - Saved voting_minutes_2025-12-18_v18.pdf
2026-07-20 18:43:51,028 - INFO - Saved voting_minutes_2024-01-04_v18.pdf
2026-07-20 18:43:51,138 - INFO - Saved voting_minutes_2024-02-01_v18.pdf
2026-07-20 18:43:51,239 - INFO - Saved voting_minutes_2024-02-08_v18.pdf
2026-07-20 18:43:51,339 - INFO - Saved voting_minutes_2024-02-29_v18.pdf
2026-07-20 18:43:51,453 - INFO - Saved voting_minutes_2024-03-07_v18.pdf
2026-07-20 18:43:51,555 - INFO - Saved voting_minutes_2024-03-28_v18.pdf
2026-07-20 18:43:51,649 - INFO - Saved voting_minutes_2024-04-04_v18.pdf
2026-07-20 18:43:51,743 - INFO - Saved voting_minutes_2024-04-25_v18.pdf
2026-07-20 18:43:51,864 - INFO - Saved voting_minutes_2024-05-01_v18.pdf
2026-07-20 18:43:51,959 - INFO - Saved voting_minutes_2024-05-23_v18.pdf
2026-07-20 18:43:52,049 - INFO - Saved voting_minutes_2024-06-06_v18.pdf
2026-07-20 18:43:52,151 - INFO - Saved voting_minutes_2024-06-26_v18.pdf
2026-07-20 18:43:52,250 - INFO - Saved voting_minutes_2024-07-11_v18.pdf
2026-07-20 18:43:52,380 - INFO - Saved voting_minutes_2024-08-01_v18.pdf
2026-07-20 18:43:52,518 - INFO - Saved voting_minutes_2024-08-08_v18.pdf
2026-07-20 18:43:52,608 - INFO - Saved voting_minutes_2024-08-22_v18.pdf
2026-07-20 18:43:52,700 - INFO - Saved voting_minutes_2024-09-12_v18.pdf
2026-07-20 18:43:52,801 - INFO - Saved voting_minutes_2024-09-26_v18.pdf
2026-07-20 18:43:52,963 - INFO - Saved voting_minutes_2024-10-17_v18.pdf
2026-07-20 18:43:53,180 - INFO - Saved voting_minutes_2024-10-31_v18.pdf
2026-07-20 18:43:53,285 - INFO - Saved voting_minutes_2024-11-14_v18.pdf
2026-07-20 18:43:53,394 - INFO - Saved voting_minutes_2024-11-21_v18.pdf
2026-07-20 18:43:53,485 - INFO - Saved voting_minutes_2024-12-12_v18.pdf
2026-07-20 18:43:53,631 - INFO - Saved voting_minutes_2023-01-05_v18.pdf
2026-07-20 18:43:53,819 - INFO - Saved voting_minutes_2023-01-25_v18.pdf
2026-07-20 18:43:53,931 - INFO - Saved voting_minutes_2023-02-02_v18.pdf
2026-07-20 18:43:54,039 - INFO - Saved voting_minutes_2023-02-16_v18.pdf
2026-07-20 18:43:54,304 - INFO - Saved voting_minutes_2023-03-08_v18.pdf
2026-07-20 18:43:54,460 - INFO - Saved voting_minutes_2023-03-30_v18.pdf
2026-07-20 18:43:54,606 - INFO - Saved voting_minutes_2023-04-06_v18.pdf
2026-07-20 18:43:54,711 - INFO - Saved voting_minutes_2023-04-27_v18.pdf
2026-07-20 18:43:54,820 - INFO - Saved voting_minutes_2023-05-04_v18.pdf
2026-07-20 18:43:54,913 - INFO - Saved voting_minutes_2023-05-25_v18.pdf
2026-07-20 18:43:55,007 - INFO - Saved voting_minutes_2023-06-08_v18.pdf
2026-07-20 18:43:55,425 - INFO - Saved voting_minutes_2023-06-29_v18.pdf
2026-07-20 18:43:55,525 - INFO - Saved voting_minutes_2023-07-20_v18.pdf
2026-07-20 18:43:55,745 - INFO - Saved voting_minutes_2023-08-17_v18.pdf
2026-07-20 18:43:55,931 - INFO - Saved voting_minutes_2023-09-14_v18.pdf
2026-07-20 18:43:56,048 - INFO - Saved voting_minutes_2023-09-28_v18.pdf
2026-07-20 18:43:56,392 - INFO - Saved voting_minutes_2023-10-04_v18.pdf
2026-07-20 18:43:56,514 - INFO - Saved voting_minutes_2023-10-26_v18.pdf
2026-07-20 18:43:56,609 - INFO - Saved voting_minutes_2023-11-02_v18.pdf
2026-07-20 18:43:56,743 - INFO - Saved voting_minutes_2023-11-16_v18.pdf
2026-07-20 18:43:56,844 - INFO - Saved voting_minutes_2023-12-14_v18.pdf
2026-07-20 18:43:56,951 - INFO - Saved voting_minutes_2022-01-06_v18.pdf
2026-07-20 18:43:57,045 - INFO - Saved voting_minutes_2022-01-20_v18.pdf
2026-07-20 18:43:57,153 - INFO - Saved voting_minutes_2022-01-27_v18.pdf
2026-07-20 18:43:57,262 - INFO - Saved voting_minutes_2022-02-03_v18.pdf
2026-07-20 18:43:57,379 - INFO - Saved voting_minutes_2022-02-17_v18.pdf
2026-07-20 18:43:57,498 - INFO - Saved voting_minutes_2022-03-03_v18.pdf
2026-07-20 18:43:57,605 - INFO - Saved voting_minutes_2022-03-24_v18.pdf
2026-07-20 18:43:57,806 - INFO - Saved voting_minutes_2022-04-07_v18.pdf
2026-07-20 18:43:57,890 - INFO - Saved voting_minutes_2022-04-28_v18.pdf
2026-07-20 18:43:57,988 - INFO - Saved voting_minutes_2022-05-05_v18.pdf
2026-07-20 18:43:58,101 - INFO - Saved voting_minutes_2022-05-26_v18.pdf
2026-07-20 18:43:58,239 - INFO - Saved voting_minutes_2022-06-08_v18.pdf
2026-07-20 18:43:58,329 - INFO - Saved voting_minutes_2022-06-30_v18.pdf
2026-07-20 18:43:58,428 - INFO - Saved voting_minutes_2022-07-14_v18.pdf
2026-07-20 18:43:58,520 - INFO - Saved voting_minutes_2022-07-28_v18.pdf
2026-07-20 18:43:58,692 - INFO - Saved voting_minutes_2022-08-04_v18.pdf
2026-07-20 18:43:58,870 - INFO - Saved voting_minutes_2022-08-25_v18.pdf
2026-07-20 18:43:58,969 - INFO - Saved voting_minutes_2022-09-15_v18.pdf
2026-07-20 18:43:59,057 - INFO - Saved voting_minutes_2022-09-29_v18.pdf
2026-07-20 18:43:59,228 - INFO - Saved voting_minutes_2022-10-06_v18.pdf
2026-07-20 18:43:59,324 - INFO - Saved voting_minutes_2022-10-26_v18.pdf
2026-07-20 18:43:59,419 - INFO - Saved voting_minutes_2022-11-03_v18.pdf
2026-07-20 18:43:59,506 - INFO - Saved voting_minutes_2022-11-17_v18.pdf
2026-07-20 18:43:59,624 - INFO - Saved voting_minutes_2022-12-15_v18.pdf
2026-07-20 18:43:59,738 - INFO - Saved voting_minutes_2021-01-21_v18.pdf
2026-07-20 18:43:59,838 - INFO - Saved voting_minutes_2021-01-28_v18.pdf
2026-07-20 18:43:59,924 - INFO - Saved voting_minutes_2021-02-04_v18.pdf
2026-07-20 18:44:00,015 - INFO - Saved voting_minutes_2021-02-25_v18.pdf
2026-07-20 18:44:00,167 - INFO - Saved voting_minutes_2021-03-04_v18.pdf
2026-07-20 18:44:00,274 - INFO - Saved voting_minutes_2021-04-01_v18.pdf
2026-07-20 18:44:00,362 - INFO - Saved voting_minutes_yyyy-mm-dd_v18.pdf
2026-07-20 18:44:00,448 - INFO - Saved voting_minutes_2021-04-08_v18.pdf
2026-07-20 18:44:00,558 - INFO - Duplicate content - matches voting_minutes_yyyy-mm-dd_v18.pdf
2026-07-20 18:44:00,672 - INFO - Saved voting_minutes_2021-04-20_v18.pdf
2026-07-20 18:44:00,763 - INFO - Saved voting_minutes_2021-04-29_v18.pdf
2026-07-20 18:44:00,847 - INFO - Saved voting_minutes_2021-05-06_v18.pdf
2026-07-20 18:44:00,954 - INFO - Saved voting_minutes_2021-05-27_v18.pdf
2026-07-20 18:44:01,068 - INFO - Saved voting_minutes_2021-06-03_v18.pdf
2026-07-20 18:44:01,176 - INFO - Saved voting_minutes_2021-06-24_v18.pdf
2026-07-20 18:44:01,331 - INFO - Saved voting_minutes_2021-07-01_v18.pdf
2026-07-20 18:44:01,436 - INFO - Saved voting_minutes_2021-07-29_v18.pdf
2026-07-20 18:44:01,534 - INFO - Saved voting_minutes_2021-08-09_v18.pdf
2026-07-20 18:44:01,778 - INFO - Saved voting_minutes_2021-08-26_v18.pdf
2026-07-20 18:44:01,896 - INFO - Saved voting_minutes_2021-09-02_v18.pdf
2026-07-20 18:44:02,042 - INFO - Saved voting_minutes_2021-09-30_v18.pdf
2026-07-20 18:44:02,131 - INFO - Saved voting_minutes_2021-10-07_v18.pdf
2026-07-20 18:44:02,235 - INFO - Saved voting_minutes_2021-10-28_v18.pdf
2026-07-20 18:44:02,348 - INFO - Saved voting_minutes_2021-11-04_v18.pdf
2026-07-20 18:44:02,498 - INFO - Saved voting_minutes_2021-11-18_v18.pdf
2026-07-20 18:44:02,582 - INFO - Saved voting_minutes_2021-12-02_v18.pdf
2026-07-20 18:44:02,671 - INFO - Saved voting_minutes_2021-12-16_v18.pdf
2026-07-20 18:44:02,757 - INFO - Saved voting_minutes_2020-12-23_v18.pdf
2026-07-20 18:44:02,847 - INFO - Saved voting_minutes_2020-12-03_v18.pdf
2026-07-20 18:44:02,970 - INFO - Saved voting_minutes_2020-11-05_v18.pdf
2026-07-20 18:44:03,077 - INFO - Saved voting_minutes_2020-10-29_v18.pdf
2026-07-20 18:44:03,176 - INFO - Saved voting_minutes_2020-10-08_v18.pdf
2026-07-20 18:44:03,295 - INFO - Saved voting_minutes_2020-10-01_v18.pdf
2026-07-20 18:44:03,381 - INFO - Saved voting_minutes_2020-09-17_v18.pdf
2026-07-20 18:44:03,472 - INFO - Saved voting_minutes_2020-09-10_v18.pdf
2026-07-20 18:44:03,552 - INFO - Duplicate content - matches voting_minutes_2020-09-10_v18.pdf
2026-07-20 18:44:03,645 - INFO - Saved voting_minutes_2020-08-20_v18.pdf
2026-07-20 18:44:03,746 - INFO - Saved voting_minutes_2020-08-13_v18.pdf
2026-07-20 18:44:03,880 - INFO - Saved voting_minutes_2020-07-30_v18.pdf
2026-07-20 18:44:04,081 - INFO - Saved voting_minutes_2020-07-16_v18.pdf
2026-07-20 18:44:04,286 - INFO - Saved voting_minutes_2020-06-04_v18.pdf
2026-07-20 18:44:04,424 - INFO - Saved voting_minutes_2020-05-28_v18.pdf
2026-07-20 18:44:04,518 - INFO - Saved voting_minutes_2020-05-21_v18.pdf
2026-07-20 18:44:04,608 - INFO - Saved voting_minutes_2020-05-14_v18.pdf
2026-07-20 18:44:04,699 - INFO - Saved voting_minutes_2020-05-07_v18.pdf
2026-07-20 18:44:04,825 - INFO - Saved voting_minutes_2020-04-23_v18.pdf
2026-07-20 18:44:04,926 - INFO - Saved voting_minutes_2020-04-30_v18.pdf
2026-07-20 18:44:04,928 - INFO - Download process completed.
2026-07-20 18:44:04,928 - INFO - Application finished successfully.
2026-07-20 18:44:04,928 - INFO - Total runtime: 0 minutes 24.15 seconds
2026-07-27 00:44:50,949 - INFO - Starting Licensing Board Scraper Application
2026-07-27 00:44:50,949 - INFO - Initializing Scraper Service...
2026-07-27 00:44:50,949 - INFO - Fetching https://www.boston.gov/departments/licensing-board/licensing-board-information-and-members...
2026-07-27 00:44:52,945 - INFO - Parsing links...
2026-07-27 00:44:52,988 - INFO - Saving 434 video links to /home/runner/work/boston-liquor-license-tracker/boston-liquor-license-tracker/scraper/scrape/data/hearing_video_links.json...
2026-07-27 00:44:52,989 - INFO - Saved data to /home/runner/work/boston-liquor-license-tracker/boston-liquor-license-tracker/scraper/scrape/data/hearing_video_links.json
2026-07-27 00:44:52,989 - INFO - Extracting dates...
2026-07-27 00:44:52,990 - INFO - Saving 151 minutes links...
2026-07-27 00:44:52,991 - INFO - Saved data to /home/runner/work/boston-liquor-license-tracker/boston-liquor-license-tracker/scraper/scrape/data/voting_minutes_links.json
2026-07-27 00:44:52,991 - INFO - Link stats:
2026-07-27 00:44:52,991 - INFO - total_links: 645
2026-07-27 00:44:52,991 - INFO - client_side_links: 16
2026-07-27 00:44:52,991 - INFO - excluded_links: 44
2026-07-27 00:44:52,991 - INFO - video_links: 434
2026-07-27 00:44:52,991 - INFO - minutes_links: 151
2026-07-27 00:44:52,991 - INFO - Stats logged to /home/runner/work/boston-liquor-license-tracker/boston-liquor-license-tracker/scraper/scrape/data/link_stats_log.csv
2026-07-27 00:44:52,991 - INFO - Scraping completed.
2026-07-27 00:44:52,991 - INFO - Initializing Downloader Service with download_dir: ./data/voting_minutes_pdfs
2026-07-27 00:44:52,991 - INFO - Starting download process...
2026-07-27 00:44:53,263 - INFO - Saved voting_minutes_2026-01-08_v19.pdf
2026-07-27 00:44:53,499 - INFO - Saved voting_minutes_2026-01-29_v19.pdf
2026-07-27 00:44:53,718 - INFO - Saved voting_minutes_2026-02-12_v19.pdf
2026-07-27 00:44:53,962 - INFO - Saved voting_minutes_2026-03-05_v19.pdf
2026-07-27 00:44:54,228 - INFO - Saved voting_minutes_2026-03-26_v17.pdf
2026-07-27 00:44:54,445 - INFO - Saved voting_minutes_2026-04-09_v15.pdf
2026-07-27 00:44:54,661 - INFO - Saved voting_minutes_2026-04-30_v12.pdf
2026-07-27 00:44:54,900 - INFO - Saved voting_minutes_2026-05-07_v11.pdf
2026-07-27 00:44:55,166 - INFO - Saved voting_minutes_2026-05-21_v9.pdf
2026-07-27 00:44:55,418 - INFO - Saved voting_minutes_2026-06-04_v8.pdf
2026-07-27 00:44:55,693 - INFO - Saved voting_minutes_2026-06-25_v5.pdf
2026-07-27 00:44:55,941 - INFO - Saved voting_minutes_2026-07-16_v2.pdf
2026-07-27 00:44:56,157 - INFO - Saved voting_minutes_2025-01-09_v19.pdf
2026-07-27 00:44:56,428 - INFO - Saved voting_minutes_2025-01-16_v19.pdf
2026-07-27 00:44:56,667 - INFO - Saved voting_minutes_2025-01-23_v19.pdf
2026-07-27 00:44:56,892 - INFO - Saved voting_minutes_2025-02-13_v19.pdf
2026-07-27 00:44:57,139 - INFO - Saved voting_minutes_2025-02-27_v19.pdf
2026-07-27 00:44:57,325 - INFO - Saved voting_minutes_2025-03-06_v19.pdf
2026-07-27 00:44:57,568 - INFO - Saved voting_minutes_2025-03-27_v19.pdf
2026-07-27 00:44:57,816 - INFO - Saved voting_minutes_2025-04-03_v19.pdf
2026-07-27 00:44:58,009 - INFO - Saved voting_minutes_2025-04-17_v19.pdf
2026-07-27 00:44:58,269 - INFO - Saved voting_minutes_2025-05-01_v19.pdf
2026-07-27 00:44:58,524 - INFO - Saved voting_minutes_2025-05-15_v19.pdf
2026-07-27 00:44:58,781 - INFO - Saved voting_minutes_2025-05-29_v19.pdf
2026-07-27 00:44:59,013 - INFO - Saved voting_minutes_2025-06-05_v19.pdf
2026-07-27 00:44:59,233 - INFO - Saved voting_minutes_2025-06-26_v19.pdf
2026-07-27 00:44:59,451 - INFO - Saved voting_minutes_2025-07-17_v19.pdf
2026-07-27 00:44:59,691 - INFO - Saved voting_minutes_2025-07-31_v19.pdf
2026-07-27 00:44:59,879 - INFO - Saved voting_minutes_2025-08-07_v19.pdf
2026-07-27 00:45:00,060 - INFO - Saved voting_minutes_2025-08-28_v19.pdf
2026-07-27 00:45:00,290 - INFO - Saved voting_minutes_2025-09-18_v19.pdf
2026-07-27 00:45:00,518 - INFO - Saved voting_minutes_2025-10-23_v19.pdf
2026-07-27 00:45:01,941 - INFO - Saved voting_minutes_yyyy-11-06_v13.pdf
2026-07-27 00:45:03,695 - INFO - Saved voting_minutes_yyyy-11-20_v13.pdf
2026-07-27 00:45:03,980 - INFO - Saved voting_minutes_2025-12-04_v19.pdf
2026-07-27 00:45:04,171 - INFO - Saved voting_minutes_2025-12-18_v19.pdf
2026-07-27 00:45:04,364 - INFO - Saved voting_minutes_2024-01-04_v19.pdf
2026-07-27 00:45:04,652 - INFO - Saved voting_minutes_2024-02-01_v19.pdf
2026-07-27 00:45:04,836 - INFO - Saved voting_minutes_2024-02-08_v19.pdf
2026-07-27 00:45:05,060 - INFO - Saved voting_minutes_2024-02-29_v19.pdf
2026-07-27 00:45:05,282 - INFO - Saved voting_minutes_2024-03-07_v19.pdf
2026-07-27 00:45:05,481 - INFO - Saved voting_minutes_2024-03-28_v19.pdf
2026-07-27 00:45:05,694 - INFO - Saved voting_minutes_2024-04-04_v19.pdf
2026-07-27 00:45:05,926 - INFO - Saved voting_minutes_2024-04-25_v19.pdf
2026-07-27 00:45:06,083 - INFO - Saved voting_minutes_2024-05-01_v19.pdf
2026-07-27 00:45:06,314 - INFO - Saved voting_minutes_2024-05-23_v19.pdf
2026-07-27 00:45:06,497 - INFO - Saved voting_minutes_2024-06-06_v19.pdf
2026-07-27 00:45:06,716 - INFO - Saved voting_minutes_2024-06-26_v19.pdf
2026-07-27 00:45:07,301 - INFO - Saved voting_minutes_2024-07-11_v19.pdf
2026-07-27 00:45:07,549 - INFO - Saved voting_minutes_2024-08-01_v19.pdf
2026-07-27 00:45:07,752 - INFO - Saved voting_minutes_2024-08-08_v19.pdf
2026-07-27 00:45:07,949 - INFO - Saved voting_minutes_2024-08-22_v19.pdf
2026-07-27 00:45:08,171 - INFO - Saved voting_minutes_2024-09-12_v19.pdf
2026-07-27 00:45:08,354 - INFO - Saved voting_minutes_2024-09-26_v19.pdf
2026-07-27 00:45:08,529 - INFO - Saved voting_minutes_2024-10-17_v19.pdf
2026-07-27 00:45:08,712 - INFO - Saved voting_minutes_2024-10-31_v19.pdf
2026-07-27 00:45:08,888 - INFO - Saved voting_minutes_2024-11-14_v19.pdf
2026-07-27 00:45:09,102 - INFO - Saved voting_minutes_2024-11-21_v19.pdf
2026-07-27 00:45:09,322 - INFO - Saved voting_minutes_2024-12-12_v19.pdf
2026-07-27 00:45:09,469 - INFO - Saved voting_minutes_2023-01-05_v19.pdf
2026-07-27 00:45:09,672 - INFO - Saved voting_minutes_2023-01-25_v19.pdf
2026-07-27 00:45:09,898 - INFO - Saved voting_minutes_2023-02-02_v19.pdf
2026-07-27 00:45:10,095 - INFO - Saved voting_minutes_2023-02-16_v19.pdf
2026-07-27 00:45:10,272 - INFO - Saved voting_minutes_2023-03-08_v19.pdf
2026-07-27 00:45:10,484 - INFO - Saved voting_minutes_2023-03-30_v19.pdf
2026-07-27 00:45:10,690 - INFO - Saved voting_minutes_2023-04-06_v19.pdf
2026-07-27 00:45:10,905 - INFO - Saved voting_minutes_2023-04-27_v19.pdf
2026-07-27 00:45:11,085 - INFO - Saved voting_minutes_2023-05-04_v19.pdf
2026-07-27 00:45:11,288 - INFO - Saved voting_minutes_2023-05-25_v19.pdf
2026-07-27 00:45:11,503 - INFO - Saved voting_minutes_2023-06-08_v19.pdf
2026-07-27 00:45:11,729 - INFO - Saved voting_minutes_2023-06-29_v19.pdf
2026-07-27 00:45:11,941 - INFO - Saved voting_minutes_2023-07-20_v19.pdf
2026-07-27 00:45:12,233 - INFO - Saved voting_minutes_2023-08-17_v19.pdf
2026-07-27 00:45:12,451 - INFO - Saved voting_minutes_2023-09-14_v19.pdf
2026-07-27 00:45:12,638 - INFO - Saved voting_minutes_2023-09-28_v19.pdf
2026-07-27 00:45:12,870 - INFO - Saved voting_minutes_2023-10-04_v19.pdf
2026-07-27 00:45:13,096 - INFO - Saved voting_minutes_2023-10-26_v19.pdf
2026-07-27 00:45:13,264 - INFO - Saved voting_minutes_2023-11-02_v19.pdf
2026-07-27 00:45:13,440 - INFO - Saved voting_minutes_2023-11-16_v19.pdf
2026-07-27 00:45:13,653 - INFO - Saved voting_minutes_2023-12-14_v19.pdf
2026-07-27 00:45:13,898 - INFO - Saved voting_minutes_2022-01-06_v19.pdf
2026-07-27 00:45:14,106 - INFO - Saved voting_minutes_2022-01-20_v19.pdf
2026-07-27 00:45:14,289 - INFO - Saved voting_minutes_2022-01-27_v19.pdf
2026-07-27 00:45:14,448 - INFO - Saved voting_minutes_2022-02-03_v19.pdf
2026-07-27 00:45:14,644 - INFO - Saved voting_minutes_2022-02-17_v19.pdf
2026-07-27 00:45:14,869 - INFO - Saved voting_minutes_2022-03-03_v19.pdf
2026-07-27 00:45:15,043 - INFO - Saved voting_minutes_2022-03-24_v19.pdf
2026-07-27 00:45:15,213 - INFO - Saved voting_minutes_2022-04-07_v19.pdf
2026-07-27 00:45:15,369 - INFO - Saved voting_minutes_2022-04-28_v19.pdf
2026-07-27 00:45:15,562 - INFO - Saved voting_minutes_2022-05-05_v19.pdf
2026-07-27 00:45:15,745 - INFO - Saved voting_minutes_2022-05-26_v19.pdf
2026-07-27 00:45:15,956 - INFO - Saved voting_minutes_2022-06-08_v19.pdf
2026-07-27 00:45:16,127 - INFO - Saved voting_minutes_2022-06-30_v19.pdf
2026-07-27 00:45:16,357 - INFO - Saved voting_minutes_2022-07-14_v19.pdf
2026-07-27 00:45:16,631 - INFO - Saved voting_minutes_2022-07-28_v19.pdf
2026-07-27 00:45:16,826 - INFO - Saved voting_minutes_2022-08-04_v19.pdf
2026-07-27 00:45:17,027 - INFO - Saved voting_minutes_2022-08-25_v19.pdf
2026-07-27 00:45:17,181 - INFO - Saved voting_minutes_2022-09-15_v19.pdf
2026-07-27 00:45:17,359 - INFO - Saved voting_minutes_2022-09-29_v19.pdf
2026-07-27 00:45:17,523 - INFO - Saved voting_minutes_2022-10-06_v19.pdf
2026-07-27 00:45:17,738 - INFO - Saved voting_minutes_2022-10-26_v19.pdf
2026-07-27 00:45:17,910 - INFO - Saved voting_minutes_2022-11-03_v19.pdf
2026-07-27 00:45:18,163 - INFO - Saved voting_minutes_2022-11-17_v19.pdf
2026-07-27 00:45:18,410 - INFO - Saved voting_minutes_2022-12-15_v19.pdf
2026-07-27 00:45:18,583 - INFO - Saved voting_minutes_2021-01-21_v19.pdf
2026-07-27 00:45:18,791 - INFO - Saved voting_minutes_2021-01-28_v19.pdf
2026-07-27 00:45:18,951 - INFO - Saved voting_minutes_2021-02-04_v19.pdf
2026-07-27 00:45:19,155 - INFO - Saved voting_minutes_2021-02-25_v19.pdf
2026-07-27 00:45:19,329 - INFO - Saved voting_minutes_2021-03-04_v19.pdf
2026-07-27 00:45:19,515 - INFO - Saved voting_minutes_2021-04-01_v19.pdf
2026-07-27 00:45:19,723 - INFO - Saved voting_minutes_yyyy-mm-dd_v19.pdf
2026-07-27 00:45:19,969 - INFO - Saved voting_minutes_2021-04-08_v19.pdf
2026-07-27 00:45:20,175 - INFO - Duplicate content - matches voting_minutes_yyyy-mm-dd_v19.pdf
2026-07-27 00:45:20,329 - INFO - Saved voting_minutes_2021-04-20_v19.pdf
2026-07-27 00:45:20,522 - INFO - Saved voting_minutes_2021-04-29_v19.pdf
2026-07-27 00:45:20,712 - INFO - Saved voting_minutes_2021-05-06_v19.pdf
2026-07-27 00:45:20,883 - INFO - Saved voting_minutes_2021-05-27_v19.pdf
2026-07-27 00:45:21,069 - INFO - Saved voting_minutes_2021-06-03_v19.pdf
2026-07-27 00:45:21,304 - INFO - Saved voting_minutes_2021-06-24_v19.pdf
2026-07-27 00:45:21,485 - INFO - Saved voting_minutes_2021-07-01_v19.pdf
2026-07-27 00:45:21,788 - INFO - Saved voting_minutes_2021-07-29_v19.pdf
2026-07-27 00:45:22,006 - INFO - Saved voting_minutes_2021-08-09_v19.pdf
2026-07-27 00:45:22,306 - INFO - Saved voting_minutes_2021-08-26_v19.pdf
2026-07-27 00:45:22,480 - INFO - Saved voting_minutes_2021-09-02_v19.pdf
2026-07-27 00:45:22,769 - INFO - Saved voting_minutes_2021-09-30_v19.pdf
2026-07-27 00:45:22,964 - INFO - Saved voting_minutes_2021-10-07_v19.pdf
2026-07-27 00:45:23,122 - INFO - Saved voting_minutes_2021-10-28_v19.pdf
2026-07-27 00:45:23,325 - INFO - Saved voting_minutes_2021-11-04_v19.pdf
2026-07-27 00:45:23,515 - INFO - Saved voting_minutes_2021-11-18_v19.pdf
2026-07-27 00:45:23,751 - INFO - Saved voting_minutes_2021-12-02_v19.pdf
2026-07-27 00:45:23,953 - INFO - Saved voting_minutes_2021-12-16_v19.pdf
2026-07-27 00:45:24,335 - INFO - Saved voting_minutes_2020-12-23_v19.pdf
2026-07-27 00:45:24,530 - INFO - Saved voting_minutes_2020-12-03_v19.pdf
2026-07-27 00:45:24,744 - INFO - Saved voting_minutes_2020-11-05_v19.pdf
2026-07-27 00:45:25,013 - INFO - Saved voting_minutes_2020-10-29_v19.pdf
2026-07-27 00:45:25,245 - INFO - Saved voting_minutes_2020-10-08_v19.pdf
2026-07-27 00:45:25,472 - INFO - Saved voting_minutes_2020-10-01_v19.pdf
2026-07-27 00:45:25,658 - INFO - Saved voting_minutes_2020-09-17_v19.pdf
2026-07-27 00:45:25,865 - INFO - Saved voting_minutes_2020-09-10_v19.pdf
2026-07-27 00:45:26,028 - INFO - Duplicate content - matches voting_minutes_2020-09-10_v19.pdf
2026-07-27 00:45:26,227 - INFO - Saved voting_minutes_2020-08-20_v19.pdf
2026-07-27 00:45:26,398 - INFO - Saved voting_minutes_2020-08-13_v19.pdf
2026-07-27 00:45:26,573 - INFO - Saved voting_minutes_2020-07-30_v19.pdf
2026-07-27 00:45:26,782 - INFO - Saved voting_minutes_2020-07-16_v19.pdf
2026-07-27 00:45:26,928 - INFO - Saved voting_minutes_2020-06-04_v19.pdf
2026-07-27 00:45:27,118 - INFO - Saved voting_minutes_2020-05-28_v19.pdf
2026-07-27 00:45:27,304 - INFO - Saved voting_minutes_2020-05-21_v19.pdf
2026-07-27 00:45:27,447 - INFO - Saved voting_minutes_2020-05-14_v19.pdf
2026-07-27 00:45:27,632 - INFO - Saved voting_minutes_2020-05-07_v19.pdf
2026-07-27 00:45:27,821 - INFO - Saved voting_minutes_2020-04-23_v19.pdf
2026-07-27 00:45:28,018 - INFO - Saved voting_minutes_2020-04-30_v19.pdf
2026-07-27 00:45:28,019 - INFO - Download process completed.
2026-07-27 00:45:28,019 - INFO - Application finished successfully.
2026-07-27 00:45:28,019 - INFO - Total runtime: 0 minutes 37.07 seconds
2026-08-03 00:42:59,078 - INFO - Starting Licensing Board Scraper Application
2026-08-03 00:42:59,078 - INFO - Initializing Scraper Service...
2026-08-03 00:42:59,078 - INFO - Fetching https://www.boston.gov/departments/licensing-board/licensing-board-information-and-members...
2026-08-03 00:43:00,744 - INFO - Parsing links...
2026-08-03 00:43:00,822 - INFO - Saving 434 video links to /home/runner/work/boston-liquor-license-tracker/boston-liquor-license-tracker/scraper/scrape/data/hearing_video_links.json...
2026-08-03 00:43:00,824 - INFO - Saved data to /home/runner/work/boston-liquor-license-tracker/boston-liquor-license-tracker/scraper/scrape/data/hearing_video_links.json
2026-08-03 00:43:00,824 - INFO - Extracting dates...
2026-08-03 00:43:00,826 - INFO - Saving 151 minutes links...
2026-08-03 00:43:00,827 - INFO - Saved data to /home/runner/work/boston-liquor-license-tracker/boston-liquor-license-tracker/scraper/scrape/data/voting_minutes_links.json
2026-08-03 00:43:00,827 - INFO - Link stats:
2026-08-03 00:43:00,827 - INFO - total_links: 645
2026-08-03 00:43:00,827 - INFO - client_side_links: 16
2026-08-03 00:43:00,827 - INFO - excluded_links: 44
2026-08-03 00:43:00,827 - INFO - video_links: 434
2026-08-03 00:43:00,827 - INFO - minutes_links: 151
2026-08-03 00:43:00,827 - INFO - Stats logged to /home/runner/work/boston-liquor-license-tracker/boston-liquor-license-tracker/scraper/scrape/data/link_stats_log.csv
2026-08-03 00:43:00,827 - INFO - Scraping completed.
2026-08-03 00:43:00,828 - INFO - Initializing Downloader Service with download_dir: ./data/voting_minutes_pdfs
2026-08-03 00:43:00,828 - INFO - Starting download process...
2026-08-03 00:43:01,031 - INFO - Saved voting_minutes_2026-01-08_v20.pdf
2026-08-03 00:43:01,250 - INFO - Saved voting_minutes_2026-01-29_v20.pdf
2026-08-03 00:43:01,342 - INFO - Saved voting_minutes_2026-02-12_v20.pdf
2026-08-03 00:43:01,442 - INFO - Saved voting_minutes_2026-03-05_v20.pdf
2026-08-03 00:43:01,540 - INFO - Saved voting_minutes_2026-03-26_v18.pdf
2026-08-03 00:43:01,667 - INFO - Saved voting_minutes_2026-04-09_v16.pdf
2026-08-03 00:43:01,748 - INFO - Saved voting_minutes_2026-04-30_v13.pdf
2026-08-03 00:43:02,209 - INFO - Saved voting_minutes_2026-05-07_v12.pdf
2026-08-03 00:43:02,312 - INFO - Saved voting_minutes_2026-05-21_v10.pdf
2026-08-03 00:43:02,423 - INFO - Saved voting_minutes_2026-06-04_v9.pdf
2026-08-03 00:43:02,645 - INFO - Saved voting_minutes_2026-06-25_v6.pdf
2026-08-03 00:43:02,793 - INFO - Saved voting_minutes_2026-07-16_v3.pdf
2026-08-03 00:43:02,886 - INFO - Saved voting_minutes_2025-01-09_v20.pdf
2026-08-03 00:43:03,020 - INFO - Saved voting_minutes_2025-01-16_v20.pdf
2026-08-03 00:43:03,122 - INFO - Saved voting_minutes_2025-01-23_v20.pdf
2026-08-03 00:43:03,258 - INFO - Saved voting_minutes_2025-02-13_v20.pdf
2026-08-03 00:43:03,356 - INFO - Saved voting_minutes_2025-02-27_v20.pdf
2026-08-03 00:43:03,447 - INFO - Saved voting_minutes_2025-03-06_v20.pdf
2026-08-03 00:43:03,567 - INFO - Saved voting_minutes_2025-03-27_v20.pdf
2026-08-03 00:43:03,673 - INFO - Saved voting_minutes_2025-04-03_v20.pdf
2026-08-03 00:43:03,754 - INFO - Saved voting_minutes_2025-04-17_v20.pdf
2026-08-03 00:43:03,868 - INFO - Saved voting_minutes_2025-05-01_v20.pdf
2026-08-03 00:43:04,143 - INFO - Saved voting_minutes_2025-05-15_v20.pdf
2026-08-03 00:43:04,243 - INFO - Saved voting_minutes_2025-05-29_v20.pdf
2026-08-03 00:43:04,339 - INFO - Saved voting_minutes_2025-06-05_v20.pdf
2026-08-03 00:43:04,446 - INFO - Saved voting_minutes_2025-06-26_v20.pdf
2026-08-03 00:43:04,556 - INFO - Saved voting_minutes_2025-07-17_v20.pdf
2026-08-03 00:43:04,647 - INFO - Saved voting_minutes_2025-07-31_v20.pdf
2026-08-03 00:43:04,792 - INFO - Saved voting_minutes_2025-08-07_v20.pdf
2026-08-03 00:43:04,984 - INFO - Saved voting_minutes_2025-08-28_v20.pdf
2026-08-03 00:43:05,077 - INFO - Saved voting_minutes_2025-09-18_v20.pdf
2026-08-03 00:43:05,158 - INFO - Saved voting_minutes_2025-10-23_v20.pdf
2026-08-03 00:43:06,429 - INFO - Saved voting_minutes_yyyy-11-06_v14.pdf
2026-08-03 00:43:07,880 - INFO - Saved voting_minutes_yyyy-11-20_v14.pdf
2026-08-03 00:43:07,993 - INFO - Saved voting_minutes_2025-12-04_v20.pdf
2026-08-03 00:43:08,075 - INFO - Saved voting_minutes_2025-12-18_v20.pdf
2026-08-03 00:43:08,148 - INFO - Saved voting_minutes_2024-01-04_v20.pdf
2026-08-03 00:43:08,281 - INFO - Saved voting_minutes_2024-02-01_v20.pdf
2026-08-03 00:43:08,409 - INFO - Saved voting_minutes_2024-02-08_v20.pdf
2026-08-03 00:43:08,502 - INFO - Saved voting_minutes_2024-02-29_v20.pdf
2026-08-03 00:43:08,567 - INFO - Saved voting_minutes_2024-03-07_v20.pdf
2026-08-03 00:43:08,650 - INFO - Saved voting_minutes_2024-03-28_v20.pdf
2026-08-03 00:43:08,773 - INFO - Saved voting_minutes_2024-04-04_v20.pdf
2026-08-03 00:43:08,847 - INFO - Saved voting_minutes_2024-04-25_v20.pdf
2026-08-03 00:43:08,932 - INFO - Saved voting_minutes_2024-05-01_v20.pdf
2026-08-03 00:43:09,078 - INFO - Saved voting_minutes_2024-05-23_v20.pdf
2026-08-03 00:43:09,158 - INFO - Saved voting_minutes_2024-06-06_v20.pdf
2026-08-03 00:43:09,243 - INFO - Saved voting_minutes_2024-06-26_v20.pdf
2026-08-03 00:43:09,328 - INFO - Saved voting_minutes_2024-07-11_v20.pdf
2026-08-03 00:43:09,406 - INFO - Saved voting_minutes_2024-08-01_v20.pdf
2026-08-03 00:43:09,591 - INFO - Saved voting_minutes_2024-08-08_v20.pdf
2026-08-03 00:43:09,675 - INFO - Saved voting_minutes_2024-08-22_v20.pdf
2026-08-03 00:43:09,778 - INFO - Saved voting_minutes_2024-09-12_v20.pdf
2026-08-03 00:43:09,934 - INFO - Saved voting_minutes_2024-09-26_v20.pdf
2026-08-03 00:43:10,205 - INFO - Saved voting_minutes_2024-10-17_v20.pdf
2026-08-03 00:43:10,321 - INFO - Saved voting_minutes_2024-10-31_v20.pdf
2026-08-03 00:43:10,405 - INFO - Saved voting_minutes_2024-11-14_v20.pdf
2026-08-03 00:43:10,493 - INFO - Saved voting_minutes_2024-11-21_v20.pdf
2026-08-03 00:43:10,572 - INFO - Saved voting_minutes_2024-12-12_v20.pdf
2026-08-03 00:43:10,642 - INFO - Saved voting_minutes_2023-01-05_v20.pdf
2026-08-03 00:43:10,719 - INFO - Saved voting_minutes_2023-01-25_v20.pdf
2026-08-03 00:43:10,805 - INFO - Saved voting_minutes_2023-02-02_v20.pdf
2026-08-03 00:43:10,882 - INFO - Saved voting_minutes_2023-02-16_v20.pdf
2026-08-03 00:43:10,990 - INFO - Saved voting_minutes_2023-03-08_v20.pdf
2026-08-03 00:43:11,070 - INFO - Saved voting_minutes_2023-03-30_v20.pdf
2026-08-03 00:43:11,160 - INFO - Saved voting_minutes_2023-04-06_v20.pdf
2026-08-03 00:43:11,235 - INFO - Saved voting_minutes_2023-04-27_v20.pdf
2026-08-03 00:43:11,310 - INFO - Saved voting_minutes_2023-05-04_v20.pdf
2026-08-03 00:43:11,379 - INFO - Saved voting_minutes_2023-05-25_v20.pdf
2026-08-03 00:43:11,453 - INFO - Saved voting_minutes_2023-06-08_v20.pdf
2026-08-03 00:43:11,557 - INFO - Saved voting_minutes_2023-06-29_v20.pdf
2026-08-03 00:43:11,636 - INFO - Saved voting_minutes_2023-07-20_v20.pdf
2026-08-03 00:43:11,756 - INFO - Saved voting_minutes_2023-08-17_v20.pdf
2026-08-03 00:43:11,838 - INFO - Saved voting_minutes_2023-09-14_v20.pdf
2026-08-03 00:43:11,959 - INFO - Saved voting_minutes_2023-09-28_v20.pdf
2026-08-03 00:43:12,029 - INFO - Saved voting_minutes_2023-10-04_v20.pdf
2026-08-03 00:43:12,104 - INFO - Saved voting_minutes_2023-10-26_v20.pdf
2026-08-03 00:43:12,189 - INFO - Saved voting_minutes_2023-11-02_v20.pdf
2026-08-03 00:43:12,264 - INFO - Saved voting_minutes_2023-11-16_v20.pdf
2026-08-03 00:43:12,403 - INFO - Saved voting_minutes_2023-12-14_v20.pdf
2026-08-03 00:43:12,498 - INFO - Saved voting_minutes_2022-01-06_v20.pdf
2026-08-03 00:43:12,650 - INFO - Saved voting_minutes_2022-01-20_v20.pdf
2026-08-03 00:43:12,849 - INFO - Saved voting_minutes_2022-01-27_v20.pdf
2026-08-03 00:43:12,933 - INFO - Saved voting_minutes_2022-02-03_v20.pdf
2026-08-03 00:43:13,015 - INFO - Saved voting_minutes_2022-02-17_v20.pdf
2026-08-03 00:43:13,092 - INFO - Saved voting_minutes_2022-03-03_v20.pdf
2026-08-03 00:43:13,181 - INFO - Saved voting_minutes_2022-03-24_v20.pdf
2026-08-03 00:43:13,270 - INFO - Saved voting_minutes_2022-04-07_v20.pdf
2026-08-03 00:43:13,385 - INFO - Saved voting_minutes_2022-04-28_v20.pdf
2026-08-03 00:43:13,481 - INFO - Saved voting_minutes_2022-05-05_v20.pdf
2026-08-03 00:43:13,559 - INFO - Saved voting_minutes_2022-05-26_v20.pdf
2026-08-03 00:43:13,636 - INFO - Saved voting_minutes_2022-06-08_v20.pdf
2026-08-03 00:43:13,711 - INFO - Saved voting_minutes_2022-06-30_v20.pdf
2026-08-03 00:43:13,819 - INFO - Saved voting_minutes_2022-07-14_v20.pdf
2026-08-03 00:43:13,912 - INFO - Saved voting_minutes_2022-07-28_v20.pdf
2026-08-03 00:43:13,998 - INFO - Saved voting_minutes_2022-08-04_v20.pdf
2026-08-03 00:43:14,114 - INFO - Saved voting_minutes_2022-08-25_v20.pdf
2026-08-03 00:43:14,199 - INFO - Saved voting_minutes_2022-09-15_v20.pdf
2026-08-03 00:43:14,275 - INFO - Saved voting_minutes_2022-09-29_v20.pdf
2026-08-03 00:43:14,476 - INFO - Saved voting_minutes_2022-10-06_v20.pdf
2026-08-03 00:43:14,572 - INFO - Saved voting_minutes_2022-10-26_v20.pdf
2026-08-03 00:43:14,661 - INFO - Saved voting_minutes_2022-11-03_v20.pdf
2026-08-03 00:43:14,735 - INFO - Saved voting_minutes_2022-11-17_v20.pdf
2026-08-03 00:43:14,815 - INFO - Saved voting_minutes_2022-12-15_v20.pdf
2026-08-03 00:43:14,892 - INFO - Saved voting_minutes_2021-01-21_v20.pdf
2026-08-03 00:43:14,978 - INFO - Saved voting_minutes_2021-01-28_v20.pdf
2026-08-03 00:43:15,062 - INFO - Saved voting_minutes_2021-02-04_v20.pdf
2026-08-03 00:43:15,137 - INFO - Saved voting_minutes_2021-02-25_v20.pdf
2026-08-03 00:43:15,219 - INFO - Saved voting_minutes_2021-03-04_v20.pdf
2026-08-03 00:43:15,326 - INFO - Saved voting_minutes_2021-04-01_v20.pdf
2026-08-03 00:43:15,400 - INFO - Saved voting_minutes_yyyy-mm-dd_v20.pdf
2026-08-03 00:43:15,476 - INFO - Saved voting_minutes_2021-04-08_v20.pdf
2026-08-03 00:43:15,547 - INFO - Duplicate content - matches voting_minutes_yyyy-mm-dd_v20.pdf
2026-08-03 00:43:15,629 - INFO - Saved voting_minutes_2021-04-20_v20.pdf
2026-08-03 00:43:15,707 - INFO - Saved voting_minutes_2021-04-29_v20.pdf
2026-08-03 00:43:15,810 - INFO - Saved voting_minutes_2021-05-06_v20.pdf
2026-08-03 00:43:15,903 - INFO - Saved voting_minutes_2021-05-27_v20.pdf
2026-08-03 00:43:15,977 - INFO - Saved voting_minutes_2021-06-03_v20.pdf
2026-08-03 00:43:16,050 - INFO - Saved voting_minutes_2021-06-24_v20.pdf
2026-08-03 00:43:16,129 - INFO - Saved voting_minutes_2021-07-01_v20.pdf
2026-08-03 00:43:16,206 - INFO - Saved voting_minutes_2021-07-29_v20.pdf
2026-08-03 00:43:16,328 - INFO - Saved voting_minutes_2021-08-09_v20.pdf
2026-08-03 00:43:16,485 - INFO - Saved voting_minutes_2021-08-26_v20.pdf
2026-08-03 00:43:16,567 - INFO - Saved voting_minutes_2021-09-02_v20.pdf
2026-08-03 00:43:16,657 - INFO - Saved voting_minutes_2021-09-30_v20.pdf
2026-08-03 00:43:16,728 - INFO - Saved voting_minutes_2021-10-07_v20.pdf
2026-08-03 00:43:16,807 - INFO - Saved voting_minutes_2021-10-28_v20.pdf
2026-08-03 00:43:16,880 - INFO - Saved voting_minutes_2021-11-04_v20.pdf
2026-08-03 00:43:16,965 - INFO - Saved voting_minutes_2021-11-18_v20.pdf
2026-08-03 00:43:17,047 - INFO - Saved voting_minutes_2021-12-02_v20.pdf
2026-08-03 00:43:17,165 - INFO - Saved voting_minutes_2021-12-16_v20.pdf
2026-08-03 00:43:17,238 - INFO - Saved voting_minutes_2020-12-23_v20.pdf
2026-08-03 00:43:17,355 - INFO - Saved voting_minutes_2020-12-03_v20.pdf
2026-08-03 00:43:17,449 - INFO - Saved voting_minutes_2020-11-05_v20.pdf
2026-08-03 00:43:17,572 - INFO - Saved voting_minutes_2020-10-29_v20.pdf
2026-08-03 00:43:17,767 - INFO - Saved voting_minutes_2020-10-08_v20.pdf
2026-08-03 00:43:17,850 - INFO - Saved voting_minutes_2020-10-01_v20.pdf
2026-08-03 00:43:17,927 - INFO - Saved voting_minutes_2020-09-17_v20.pdf
2026-08-03 00:43:18,008 - INFO - Saved voting_minutes_2020-09-10_v20.pdf
2026-08-03 00:43:18,077 - INFO - Duplicate content - matches voting_minutes_2020-09-10_v20.pdf
2026-08-03 00:43:18,153 - INFO - Saved voting_minutes_2020-08-20_v20.pdf
2026-08-03 00:43:18,225 - INFO - Saved voting_minutes_2020-08-13_v20.pdf
2026-08-03 00:43:18,300 - INFO - Saved voting_minutes_2020-07-30_v20.pdf
2026-08-03 00:43:18,371 - INFO - Saved voting_minutes_2020-07-16_v20.pdf
2026-08-03 00:43:18,439 - INFO - Saved voting_minutes_2020-06-04_v20.pdf
2026-08-03 00:43:18,769 - INFO - Saved voting_minutes_2020-05-28_v20.pdf
2026-08-03 00:43:18,851 - INFO - Saved voting_minutes_2020-05-21_v20.pdf
2026-08-03 00:43:18,935 - INFO - Saved voting_minutes_2020-05-14_v20.pdf
2026-08-03 00:43:19,027 - INFO - Saved voting_minutes_2020-05-07_v20.pdf
2026-08-03 00:43:19,129 - INFO - Saved voting_minutes_2020-04-23_v20.pdf
2026-08-03 00:43:19,209 - INFO - Saved voting_minutes_2020-04-30_v20.pdf
2026-08-03 00:43:19,210 - INFO - Download process completed.
2026-08-03 00:43:19,210 - INFO - Application finished successfully.
2026-08-03 00:43:19,211 - INFO - Total runtime: 0 minutes 20.13 seconds
2026-08-10 00:24:48,406 - INFO - Starting Licensing Board Scraper Application
2026-08-10 00:24:48,407 - INFO - Initializing Scraper Service...
2026-08-10 00:24:48,407 - INFO - Fetching https://www.boston.gov/departments/licensing-board/licensing-board-information-and-members...
2026-08-10 00:24:50,696 - INFO - Parsing links...
2026-08-10 00:24:50,773 - INFO - Saving 437 video links to /home/runner/work/boston-liquor-license-tracker/boston-liquor-license-tracker/scraper/scrape/data/hearing_video_links.json...
2026-08-10 00:24:50,776 - INFO - Saved data to /home/runner/work/boston-liquor-license-tracker/boston-liquor-license-tracker/scraper/scrape/data/hearing_video_links.json
2026-08-10 00:24:50,776 - INFO - Extracting dates...
2026-08-10 00:24:50,777 - INFO - Saving 152 minutes links...
2026-08-10 00:24:50,778 - INFO - Saved data to /home/runner/work/boston-liquor-license-tracker/boston-liquor-license-tracker/scraper/scrape/data/voting_minutes_links.json
2026-08-10 00:24:50,778 - INFO - Link stats:
2026-08-10 00:24:50,778 - INFO - total_links: 649
2026-08-10 00:24:50,779 - INFO - client_side_links: 16
2026-08-10 00:24:50,779 - INFO - excluded_links: 44
2026-08-10 00:24:50,779 - INFO - video_links: 437
2026-08-10 00:24:50,779 - INFO - minutes_links: 152
2026-08-10 00:24:50,779 - INFO - Stats logged to /home/runner/work/boston-liquor-license-tracker/boston-liquor-license-tracker/scraper/scrape/data/link_stats_log.csv
2026-08-10 00:24:50,779 - INFO - Scraping completed.
2026-08-10 00:24:50,779 - INFO - Initializing Downloader Service with download_dir: ./data/voting_minutes_pdfs
2026-08-10 00:24:50,779 - INFO - Starting download process...
2026-08-10 00:24:51,289 - INFO - Saved voting_minutes_2026-01-08_v21.pdf
2026-08-10 00:24:51,714 - INFO - Saved voting_minutes_2026-01-29_v21.pdf
2026-08-10 00:24:52,269 - INFO - Saved voting_minutes_2026-02-12_v21.pdf
2026-08-10 00:24:52,891 - INFO - Saved voting_minutes_2026-03-05_v21.pdf
2026-08-10 00:24:53,548 - INFO - Saved voting_minutes_2026-03-26_v19.pdf
2026-08-10 00:24:54,061 - INFO - Saved voting_minutes_2026-04-09_v17.pdf
2026-08-10 00:24:54,626 - INFO - Saved voting_minutes_2026-04-30_v14.pdf
2026-08-10 00:24:55,045 - INFO - Saved voting_minutes_2026-05-07_v13.pdf
2026-08-10 00:24:55,268 - INFO - Saved voting_minutes_2026-05-21_v11.pdf
2026-08-10 00:24:55,696 - INFO - Saved voting_minutes_2026-06-04_v10.pdf
2026-08-10 00:24:55,913 - INFO - Saved voting_minutes_2026-06-25_v7.pdf
2026-08-10 00:24:56,363 - INFO - Saved voting_minutes_2026-07-16_v4.pdf
2026-08-10 00:24:56,812 - INFO - Saved voting_minutes_2026-08-06.pdf
2026-08-10 00:24:57,238 - INFO - Saved voting_minutes_2025-01-09_v21.pdf
2026-08-10 00:24:57,838 - INFO - Saved voting_minutes_2025-01-16_v21.pdf
2026-08-10 00:24:58,264 - INFO - Saved voting_minutes_2025-01-23_v21.pdf
2026-08-10 00:24:58,686 - INFO - Saved voting_minutes_2025-02-13_v21.pdf
2026-08-10 00:24:58,974 - INFO - Saved voting_minutes_2025-02-27_v21.pdf
2026-08-10 00:24:59,474 - INFO - Saved voting_minutes_2025-03-06_v21.pdf
2026-08-10 00:24:59,979 - INFO - Saved voting_minutes_2025-03-27_v21.pdf
2026-08-10 00:25:00,402 - INFO - Saved voting_minutes_2025-04-03_v21.pdf
2026-08-10 00:25:00,705 - INFO - Saved voting_minutes_2025-04-17_v21.pdf
2026-08-10 00:25:01,131 - INFO - Saved voting_minutes_2025-05-01_v21.pdf
2026-08-10 00:25:01,560 - INFO - Saved voting_minutes_2025-05-15_v21.pdf
2026-08-10 00:25:01,840 - INFO - Saved voting_minutes_2025-05-29_v21.pdf
2026-08-10 00:25:02,264 - INFO - Saved voting_minutes_2025-06-05_v21.pdf
2026-08-10 00:25:02,640 - INFO - Saved voting_minutes_2025-06-26_v21.pdf
2026-08-10 00:25:03,136 - INFO - Saved voting_minutes_2025-07-17_v21.pdf
2026-08-10 00:25:03,620 - INFO - Saved voting_minutes_2025-07-31_v21.pdf
2026-08-10 00:25:03,925 - INFO - Saved voting_minutes_2025-08-07_v21.pdf
2026-08-10 00:25:04,438 - INFO - Saved voting_minutes_2025-08-28_v21.pdf
2026-08-10 00:25:05,073 - INFO - Saved voting_minutes_2025-09-18_v21.pdf
2026-08-10 00:25:05,578 - INFO - Saved voting_minutes_2025-10-23_v21.pdf
2026-08-10 00:25:07,065 - INFO - Saved voting_minutes_yyyy-11-06_v15.pdf
2026-08-10 00:25:08,564 - INFO - Saved voting_minutes_yyyy-11-20_v15.pdf
2026-08-10 00:25:09,001 - INFO - Saved voting_minutes_2025-12-04_v21.pdf
2026-08-10 00:25:09,469 - INFO - Saved voting_minutes_2025-12-18_v21.pdf
2026-08-10 00:25:09,831 - INFO - Saved voting_minutes_2024-01-04_v21.pdf
2026-08-10 00:25:10,180 - INFO - Saved voting_minutes_2024-02-01_v21.pdf
2026-08-10 00:25:10,530 - INFO - Saved voting_minutes_2024-02-08_v21.pdf
2026-08-10 00:25:10,920 - INFO - Saved voting_minutes_2024-02-29_v21.pdf
2026-08-10 00:25:11,292 - INFO - Saved voting_minutes_2024-03-07_v21.pdf
2026-08-10 00:25:11,661 - INFO - Saved voting_minutes_2024-03-28_v21.pdf
2026-08-10 00:25:11,892 - INFO - Saved voting_minutes_2024-04-04_v21.pdf
2026-08-10 00:25:12,307 - INFO - Saved voting_minutes_2024-04-25_v21.pdf
2026-08-10 00:25:12,683 - INFO - Saved voting_minutes_2024-05-01_v21.pdf
2026-08-10 00:25:13,067 - INFO - Saved voting_minutes_2024-05-23_v21.pdf
2026-08-10 00:25:13,215 - INFO - Saved voting_minutes_2024-06-06_v21.pdf
2026-08-10 00:25:13,516 - INFO - Saved voting_minutes_2024-06-26_v21.pdf
2026-08-10 00:25:13,685 - INFO - Saved voting_minutes_2024-07-11_v21.pdf
2026-08-10 00:25:14,045 - INFO - Saved voting_minutes_2024-08-01_v21.pdf
2026-08-10 00:25:14,458 - INFO - Saved voting_minutes_2024-08-08_v21.pdf
2026-08-10 00:25:14,879 - INFO - Saved voting_minutes_2024-08-22_v21.pdf
2026-08-10 00:25:15,225 - INFO - Saved voting_minutes_2024-09-12_v21.pdf
2026-08-10 00:25:15,601 - INFO - Saved voting_minutes_2024-09-26_v21.pdf
2026-08-10 00:25:15,956 - INFO - Saved voting_minutes_2024-10-17_v21.pdf
2026-08-10 00:25:16,447 - INFO - Saved voting_minutes_2024-10-31_v21.pdf
2026-08-10 00:25:16,798 - INFO - Saved voting_minutes_2024-11-14_v21.pdf
2026-08-10 00:25:17,105 - INFO - Saved voting_minutes_2024-11-21_v21.pdf
2026-08-10 00:25:17,753 - INFO - Saved voting_minutes_2024-12-12_v21.pdf
2026-08-10 00:25:18,114 - INFO - Saved voting_minutes_2023-01-05_v21.pdf
2026-08-10 00:25:18,500 - INFO - Saved voting_minutes_2023-01-25_v21.pdf
2026-08-10 00:25:18,981 - INFO - Saved voting_minutes_2023-02-02_v21.pdf
2026-08-10 00:25:19,409 - INFO - Saved voting_minutes_2023-02-16_v21.pdf
2026-08-10 00:25:19,757 - INFO - Saved voting_minutes_2023-03-08_v21.pdf
2026-08-10 00:25:20,126 - INFO - Saved voting_minutes_2023-03-30_v21.pdf
2026-08-10 00:25:20,478 - INFO - Saved voting_minutes_2023-04-06_v21.pdf
2026-08-10 00:25:20,823 - INFO - Saved voting_minutes_2023-04-27_v21.pdf
2026-08-10 00:25:21,165 - INFO - Saved voting_minutes_2023-05-04_v21.pdf
2026-08-10 00:25:21,543 - INFO - Saved voting_minutes_2023-05-25_v21.pdf
2026-08-10 00:25:21,936 - INFO - Saved voting_minutes_2023-06-08_v21.pdf
2026-08-10 00:25:22,305 - INFO - Saved voting_minutes_2023-06-29_v21.pdf
2026-08-10 00:25:22,585 - INFO - Saved voting_minutes_2023-07-20_v21.pdf
2026-08-10 00:25:22,969 - INFO - Saved voting_minutes_2023-08-17_v21.pdf
2026-08-10 00:25:23,376 - INFO - Saved voting_minutes_2023-09-14_v21.pdf
2026-08-10 00:25:23,724 - INFO - Saved voting_minutes_2023-09-28_v21.pdf
2026-08-10 00:25:24,089 - INFO - Saved voting_minutes_2023-10-04_v21.pdf
2026-08-10 00:25:24,439 - INFO - Saved voting_minutes_2023-10-26_v21.pdf
2026-08-10 00:25:24,573 - INFO - Saved voting_minutes_2023-11-02_v21.pdf
2026-08-10 00:25:24,934 - INFO - Saved voting_minutes_2023-11-16_v21.pdf
2026-08-10 00:25:25,285 - INFO - Saved voting_minutes_2023-12-14_v21.pdf
2026-08-10 00:25:25,635 - INFO - Saved voting_minutes_2022-01-06_v21.pdf
2026-08-10 00:25:25,858 - INFO - Saved voting_minutes_2022-01-20_v21.pdf
2026-08-10 00:25:26,124 - INFO - Saved voting_minutes_2022-01-27_v21.pdf
2026-08-10 00:25:26,480 - INFO - Saved voting_minutes_2022-02-03_v21.pdf
2026-08-10 00:25:26,818 - INFO - Saved voting_minutes_2022-02-17_v21.pdf
2026-08-10 00:25:27,084 - INFO - Saved voting_minutes_2022-03-03_v21.pdf
2026-08-10 00:25:27,436 - INFO - Saved voting_minutes_2022-03-24_v21.pdf
2026-08-10 00:25:27,784 - INFO - Saved voting_minutes_2022-04-07_v21.pdf
2026-08-10 00:25:27,994 - INFO - Saved voting_minutes_2022-04-28_v21.pdf
2026-08-10 00:25:28,355 - INFO - Saved voting_minutes_2022-05-05_v21.pdf
2026-08-10 00:25:28,611 - INFO - Saved voting_minutes_2022-05-26_v21.pdf
2026-08-10 00:25:28,988 - INFO - Saved voting_minutes_2022-06-08_v21.pdf
2026-08-10 00:25:29,331 - INFO - Saved voting_minutes_2022-06-30_v21.pdf
2026-08-10 00:25:29,686 - INFO - Saved voting_minutes_2022-07-14_v21.pdf
2026-08-10 00:25:29,819 - INFO - Saved voting_minutes_2022-07-28_v21.pdf
2026-08-10 00:25:30,230 - INFO - Saved voting_minutes_2022-08-04_v21.pdf
2026-08-10 00:25:30,578 - INFO - Saved voting_minutes_2022-08-25_v21.pdf
2026-08-10 00:25:30,708 - INFO - Saved voting_minutes_2022-09-15_v21.pdf
2026-08-10 00:25:31,081 - INFO - Saved voting_minutes_2022-09-29_v21.pdf
2026-08-10 00:25:31,430 - INFO - Saved voting_minutes_2022-10-06_v21.pdf
2026-08-10 00:25:31,775 - INFO - Saved voting_minutes_2022-10-26_v21.pdf
2026-08-10 00:25:32,123 - INFO - Saved voting_minutes_2022-11-03_v21.pdf
2026-08-10 00:25:32,494 - INFO - Saved voting_minutes_2022-11-17_v21.pdf
2026-08-10 00:25:33,069 - INFO - Saved voting_minutes_2022-12-15_v21.pdf
2026-08-10 00:25:33,342 - INFO - Saved voting_minutes_2021-01-21_v21.pdf
2026-08-10 00:25:33,730 - INFO - Saved voting_minutes_2021-01-28_v21.pdf
2026-08-10 00:25:34,097 - INFO - Saved voting_minutes_2021-02-04_v21.pdf
2026-08-10 00:25:34,438 - INFO - Saved voting_minutes_2021-02-25_v21.pdf
2026-08-10 00:25:34,784 - INFO - Saved voting_minutes_2021-03-04_v21.pdf
2026-08-10 00:25:35,141 - INFO - Saved voting_minutes_2021-04-01_v21.pdf
2026-08-10 00:25:35,487 - INFO - Saved voting_minutes_yyyy-mm-dd_v21.pdf
2026-08-10 00:25:35,628 - INFO - Saved voting_minutes_2021-04-08_v21.pdf
2026-08-10 00:25:35,961 - INFO - Duplicate content - matches voting_minutes_yyyy-mm-dd_v21.pdf
2026-08-10 00:25:36,237 - INFO - Saved voting_minutes_2021-04-20_v21.pdf
2026-08-10 00:25:36,479 - INFO - Saved voting_minutes_2021-04-29_v21.pdf
2026-08-10 00:25:36,815 - INFO - Saved voting_minutes_2021-05-06_v21.pdf
2026-08-10 00:25:37,161 - INFO - Saved voting_minutes_2021-05-27_v21.pdf
2026-08-10 00:25:37,455 - INFO - Saved voting_minutes_2021-06-03_v21.pdf
2026-08-10 00:25:37,793 - INFO - Saved voting_minutes_2021-06-24_v21.pdf
2026-08-10 00:25:38,132 - INFO - Saved voting_minutes_2021-07-01_v21.pdf
2026-08-10 00:25:38,546 - INFO - Saved voting_minutes_2021-07-29_v21.pdf
2026-08-10 00:25:38,922 - INFO - Saved voting_minutes_2021-08-09_v21.pdf
2026-08-10 00:25:39,505 - INFO - Saved voting_minutes_2021-08-26_v21.pdf
2026-08-10 00:25:39,847 - INFO - Saved voting_minutes_2021-09-02_v21.pdf
2026-08-10 00:25:40,229 - INFO - Saved voting_minutes_2021-09-30_v21.pdf
2026-08-10 00:25:40,584 - INFO - Saved voting_minutes_2021-10-07_v21.pdf
2026-08-10 00:25:40,923 - INFO - Saved voting_minutes_2021-10-28_v21.pdf
2026-08-10 00:25:41,072 - INFO - Saved voting_minutes_2021-11-04_v21.pdf
2026-08-10 00:25:41,435 - INFO - Saved voting_minutes_2021-11-18_v21.pdf
2026-08-10 00:25:41,779 - INFO - Saved voting_minutes_2021-12-02_v21.pdf
2026-08-10 00:25:42,144 - INFO - Saved voting_minutes_2021-12-16_v21.pdf
2026-08-10 00:25:42,486 - INFO - Saved voting_minutes_2020-12-23_v21.pdf
2026-08-10 00:25:42,839 - INFO - Saved voting_minutes_2020-12-03_v21.pdf
2026-08-10 00:25:43,180 - INFO - Saved voting_minutes_2020-11-05_v21.pdf
2026-08-10 00:25:43,540 - INFO - Saved voting_minutes_2020-10-29_v21.pdf
2026-08-10 00:25:43,886 - INFO - Saved voting_minutes_2020-10-08_v21.pdf
2026-08-10 00:25:44,302 - INFO - Saved voting_minutes_2020-10-01_v21.pdf
2026-08-10 00:25:44,653 - INFO - Saved voting_minutes_2020-09-17_v21.pdf
2026-08-10 00:25:44,786 - INFO - Saved voting_minutes_2020-09-10_v21.pdf
2026-08-10 00:25:45,147 - INFO - Duplicate content - matches voting_minutes_2020-09-10_v21.pdf
2026-08-10 00:25:45,497 - INFO - Saved voting_minutes_2020-08-20_v21.pdf
2026-08-10 00:25:45,857 - INFO - Saved voting_minutes_2020-08-13_v21.pdf
2026-08-10 00:25:46,159 - INFO - Saved voting_minutes_2020-07-30_v21.pdf
2026-08-10 00:25:46,636 - INFO - Saved voting_minutes_2020-07-16_v21.pdf
2026-08-10 00:25:46,996 - INFO - Saved voting_minutes_2020-06-04_v21.pdf
2026-08-10 00:25:47,409 - INFO - Saved voting_minutes_2020-05-28_v21.pdf
2026-08-10 00:25:47,768 - INFO - Saved voting_minutes_2020-05-21_v21.pdf
2026-08-10 00:25:48,169 - INFO - Saved voting_minutes_2020-05-14_v21.pdf
2026-08-10 00:25:48,316 - INFO - Saved voting_minutes_2020-05-07_v21.pdf
2026-08-10 00:25:48,676 - INFO - Saved voting_minutes_2020-04-23_v21.pdf
2026-08-10 00:25:48,890 - INFO - Saved voting_minutes_2020-04-30_v21.pdf
2026-08-10 00:25:48,891 - INFO - Download process completed.
2026-08-10 00:25:48,891 - INFO - Application finished successfully.
2026-08-10 00:25:48,891 - INFO - Total runtime: 1 minutes 0.48 seconds
2026-08-17 00:16:36,405 - INFO - Starting Licensing Board Scraper Application
2026-08-17 00:16:36,406 - INFO - Initializing Scraper Service...
2026-08-17 00:16:36,406 - INFO - Fetching https://www.boston.gov/departments/licensing-board/licensing-board-information-and-members...
2026-08-17 00:16:38,628 - INFO - Parsing links...
2026-08-17 00:16:38,705 - INFO - Saving 437 video links to /home/runner/work/boston-liquor-license-tracker/boston-liquor-license-tracker/scraper/scrape/data/hearing_video_links.json...
2026-08-17 00:16:38,707 - INFO - Saved data to /home/runner/work/boston-liquor-license-tracker/boston-liquor-license-tracker/scraper/scrape/data/hearing_video_links.json
2026-08-17 00:16:38,707 - INFO - Extracting dates...
2026-08-17 00:16:38,709 - INFO - Saving 152 minutes links...
2026-08-17 00:16:38,710 - INFO - Saved data to /home/runner/work/boston-liquor-license-tracker/boston-liquor-license-tracker/scraper/scrape/data/voting_minutes_links.json
2026-08-17 00:16:38,710 - INFO - Link stats:
2026-08-17 00:16:38,710 - INFO - total_links: 649
2026-08-17 00:16:38,710 - INFO - client_side_links: 16
2026-08-17 00:16:38,710 - INFO - excluded_links: 44
2026-08-17 00:16:38,710 - INFO - video_links: 437
2026-08-17 00:16:38,710 - INFO - minutes_links: 152
2026-08-17 00:16:38,710 - INFO - Stats logged to /home/runner/work/boston-liquor-license-tracker/boston-liquor-license-tracker/scraper/scrape/data/link_stats_log.csv
2026-08-17 00:16:38,710 - INFO - Scraping completed.
2026-08-17 00:16:38,710 - INFO - Initializing Downloader Service with download_dir: ./data/voting_minutes_pdfs
2026-08-17 00:16:38,711 - INFO - Starting download process...
2026-08-17 00:16:39,222 - INFO - Saved voting_minutes_2026-01-08_v22.pdf
2026-08-17 00:16:39,711 - INFO - Saved voting_minutes_2026-01-29_v22.pdf
2026-08-17 00:16:40,231 - INFO - Saved voting_minutes_2026-02-12_v22.pdf
2026-08-17 00:16:40,677 - INFO - Saved voting_minutes_2026-03-05_v22.pdf
2026-08-17 00:16:41,046 - INFO - Saved voting_minutes_2026-03-26_v20.pdf
2026-08-17 00:16:41,293 - INFO - Saved voting_minutes_2026-04-09_v18.pdf
2026-08-17 00:16:41,805 - INFO - Saved voting_minutes_2026-04-30_v15.pdf
2026-08-17 00:16:42,131 - INFO - Saved voting_minutes_2026-05-07_v14.pdf
2026-08-17 00:16:42,450 - INFO - Saved voting_minutes_2026-05-21_v12.pdf
2026-08-17 00:16:42,904 - INFO - Saved voting_minutes_2026-06-04_v11.pdf
2026-08-17 00:16:43,549 - INFO - Saved voting_minutes_2026-06-25_v8.pdf
2026-08-17 00:16:44,121 - INFO - Saved voting_minutes_2026-07-16_v5.pdf
2026-08-17 00:16:44,610 - INFO - Saved voting_minutes_2026-08-06_v2.pdf
2026-08-17 00:16:45,015 - INFO - Saved voting_minutes_2025-01-09_v22.pdf
2026-08-17 00:16:45,525 - INFO - Saved voting_minutes_2025-01-16_v22.pdf
2026-08-17 00:16:45,948 - INFO - Saved voting_minutes_2025-01-23_v22.pdf
2026-08-17 00:16:46,397 - INFO - Saved voting_minutes_2025-02-13_v22.pdf
2026-08-17 00:16:46,995 - INFO - Saved voting_minutes_2025-02-27_v22.pdf
2026-08-17 00:16:47,177 - INFO - Saved voting_minutes_2025-03-06_v22.pdf
2026-08-17 00:16:47,640 - INFO - Saved voting_minutes_2025-03-27_v22.pdf
2026-08-17 00:16:48,076 - INFO - Saved voting_minutes_2025-04-03_v22.pdf
2026-08-17 00:16:48,499 - INFO - Saved voting_minutes_2025-04-17_v22.pdf
2026-08-17 00:16:49,014 - INFO - Saved voting_minutes_2025-05-01_v22.pdf
2026-08-17 00:16:49,310 - INFO - Saved voting_minutes_2025-05-15_v22.pdf
2026-08-17 00:16:49,531 - INFO - Saved voting_minutes_2025-05-29_v22.pdf
2026-08-17 00:16:49,987 - INFO - Saved voting_minutes_2025-06-05_v22.pdf
2026-08-17 00:16:50,443 - INFO - Saved voting_minutes_2025-06-26_v22.pdf
2026-08-17 00:16:51,078 - INFO - Saved voting_minutes_2025-07-17_v22.pdf
2026-08-17 00:16:51,522 - INFO - Saved voting_minutes_2025-07-31_v22.pdf
2026-08-17 00:16:51,964 - INFO - Saved voting_minutes_2025-08-07_v22.pdf
2026-08-17 00:16:52,469 - INFO - Saved voting_minutes_2025-08-28_v22.pdf
2026-08-17 00:16:52,668 - INFO - Saved voting_minutes_2025-09-18_v22.pdf
2026-08-17 00:16:53,114 - INFO - Saved voting_minutes_2025-10-23_v22.pdf
2026-08-17 00:16:54,460 - INFO - Saved voting_minutes_yyyy-11-06_v16.pdf
2026-08-17 00:16:55,762 - INFO - Saved voting_minutes_yyyy-11-20_v16.pdf
2026-08-17 00:16:56,196 - INFO - Saved voting_minutes_2025-12-04_v22.pdf
2026-08-17 00:16:56,636 - INFO - Saved voting_minutes_2025-12-18_v22.pdf
2026-08-17 00:16:57,040 - INFO - Saved voting_minutes_2024-01-04_v22.pdf
2026-08-17 00:16:57,436 - INFO - Saved voting_minutes_2024-02-01_v22.pdf
2026-08-17 00:16:57,732 - INFO - Saved voting_minutes_2024-02-08_v22.pdf
2026-08-17 00:16:57,899 - INFO - Saved voting_minutes_2024-02-29_v22.pdf
2026-08-17 00:16:58,313 - INFO - Saved voting_minutes_2024-03-07_v22.pdf
2026-08-17 00:16:58,704 - INFO - Saved voting_minutes_2024-03-28_v22.pdf
2026-08-17 00:16:59,012 - INFO - Saved voting_minutes_2024-04-04_v22.pdf
2026-08-17 00:16:59,364 - INFO - Saved voting_minutes_2024-04-25_v22.pdf
2026-08-17 00:16:59,740 - INFO - Saved voting_minutes_2024-05-01_v22.pdf
2026-08-17 00:17:00,103 - INFO - Saved voting_minutes_2024-05-23_v22.pdf
2026-08-17 00:17:00,475 - INFO - Saved voting_minutes_2024-06-06_v22.pdf
2026-08-17 00:17:00,899 - INFO - Saved voting_minutes_2024-06-26_v22.pdf
2026-08-17 00:17:01,256 - INFO - Saved voting_minutes_2024-07-11_v22.pdf
2026-08-17 00:17:01,607 - INFO - Saved voting_minutes_2024-08-01_v22.pdf
2026-08-17 00:17:01,863 - INFO - Saved voting_minutes_2024-08-08_v22.pdf
2026-08-17 00:17:02,028 - INFO - Saved voting_minutes_2024-08-22_v22.pdf
2026-08-17 00:17:02,401 - INFO - Saved voting_minutes_2024-09-12_v22.pdf
2026-08-17 00:17:02,763 - INFO - Saved voting_minutes_2024-09-26_v22.pdf
2026-08-17 00:17:03,128 - INFO - Saved voting_minutes_2024-10-17_v22.pdf
2026-08-17 00:17:03,490 - INFO - Saved voting_minutes_2024-10-31_v22.pdf
2026-08-17 00:17:03,730 - INFO - Saved voting_minutes_2024-11-14_v22.pdf
2026-08-17 00:17:03,900 - INFO - Saved voting_minutes_2024-11-21_v22.pdf
2026-08-17 00:17:04,285 - INFO - Saved voting_minutes_2024-12-12_v22.pdf
2026-08-17 00:17:04,506 - INFO - Saved voting_minutes_2023-01-05_v22.pdf
2026-08-17 00:17:04,943 - INFO - Saved voting_minutes_2023-01-25_v22.pdf
2026-08-17 00:17:05,311 - INFO - Saved voting_minutes_2023-02-02_v22.pdf
2026-08-17 00:17:05,669 - INFO - Saved voting_minutes_2023-02-16_v22.pdf
2026-08-17 00:17:05,945 - INFO - Saved voting_minutes_2023-03-08_v22.pdf
2026-08-17 00:17:06,335 - INFO - Saved voting_minutes_2023-03-30_v22.pdf
2026-08-17 00:17:06,698 - INFO - Saved voting_minutes_2023-04-06_v22.pdf
2026-08-17 00:17:07,140 - INFO - Saved voting_minutes_2023-04-27_v22.pdf
2026-08-17 00:17:07,540 - INFO - Saved voting_minutes_2023-05-04_v22.pdf
2026-08-17 00:17:07,969 - INFO - Saved voting_minutes_2023-05-25_v22.pdf
2026-08-17 00:17:08,337 - INFO - Saved voting_minutes_2023-06-08_v22.pdf
2026-08-17 00:17:08,509 - INFO - Saved voting_minutes_2023-06-29_v22.pdf
2026-08-17 00:17:08,890 - INFO - Saved voting_minutes_2023-07-20_v22.pdf
2026-08-17 00:17:09,347 - INFO - Saved voting_minutes_2023-08-17_v22.pdf
2026-08-17 00:17:09,675 - INFO - Saved voting_minutes_2023-09-14_v22.pdf
2026-08-17 00:17:10,123 - INFO - Saved voting_minutes_2023-09-28_v22.pdf
2026-08-17 00:17:10,519 - INFO - Saved voting_minutes_2023-10-04_v22.pdf
2026-08-17 00:17:10,876 - INFO - Saved voting_minutes_2023-10-26_v22.pdf
2026-08-17 00:17:11,189 - INFO - Saved voting_minutes_2023-11-02_v22.pdf
2026-08-17 00:17:11,561 - INFO - Saved voting_minutes_2023-11-16_v22.pdf
2026-08-17 00:17:11,943 - INFO - Saved voting_minutes_2023-12-14_v22.pdf
2026-08-17 00:17:12,214 - INFO - Saved voting_minutes_2022-01-06_v22.pdf
2026-08-17 00:17:12,577 - INFO - Saved voting_minutes_2022-01-20_v22.pdf
2026-08-17 00:17:12,953 - INFO - Saved voting_minutes_2022-01-27_v22.pdf
2026-08-17 00:17:13,313 - INFO - Saved voting_minutes_2022-02-03_v22.pdf
2026-08-17 00:17:13,544 - INFO - Saved voting_minutes_2022-02-17_v22.pdf
2026-08-17 00:17:13,926 - INFO - Saved voting_minutes_2022-03-03_v22.pdf
2026-08-17 00:17:14,315 - INFO - Saved voting_minutes_2022-03-24_v22.pdf
2026-08-17 00:17:14,702 - INFO - Saved voting_minutes_2022-04-07_v22.pdf
2026-08-17 00:17:15,320 - INFO - Saved voting_minutes_2022-04-28_v22.pdf
2026-08-17 00:17:15,770 - INFO - Saved voting_minutes_2022-05-05_v22.pdf
2026-08-17 00:17:16,154 - INFO - Saved voting_minutes_2022-05-26_v22.pdf
2026-08-17 00:17:16,608 - INFO - Saved voting_minutes_2022-06-08_v22.pdf
2026-08-17 00:17:16,998 - INFO - Saved voting_minutes_2022-06-30_v22.pdf
2026-08-17 00:17:17,506 - INFO - Saved voting_minutes_2022-07-14_v22.pdf
2026-08-17 00:17:17,918 - INFO - Saved voting_minutes_2022-07-28_v22.pdf
2026-08-17 00:17:18,221 - INFO - Saved voting_minutes_2022-08-04_v22.pdf
2026-08-17 00:17:18,599 - INFO - Saved voting_minutes_2022-08-25_v22.pdf
2026-08-17 00:17:18,970 - INFO - Saved voting_minutes_2022-09-15_v22.pdf
2026-08-17 00:17:19,353 - INFO - Saved voting_minutes_2022-09-29_v22.pdf
2026-08-17 00:17:19,740 - INFO - Saved voting_minutes_2022-10-06_v22.pdf
2026-08-17 00:17:20,146 - INFO - Saved voting_minutes_2022-10-26_v22.pdf
2026-08-17 00:17:20,546 - INFO - Saved voting_minutes_2022-11-03_v22.pdf
2026-08-17 00:17:20,948 - INFO - Saved voting_minutes_2022-11-17_v22.pdf
2026-08-17 00:17:21,321 - INFO - Saved voting_minutes_2022-12-15_v22.pdf
2026-08-17 00:17:21,482 - INFO - Saved voting_minutes_2021-01-21_v22.pdf
2026-08-17 00:17:21,733 - INFO - Saved voting_minutes_2021-01-28_v22.pdf
2026-08-17 00:17:21,907 - INFO - Saved voting_minutes_2021-02-04_v22.pdf
2026-08-17 00:17:22,137 - INFO - Saved voting_minutes_2021-02-25_v22.pdf
2026-08-17 00:17:22,309 - INFO - Saved voting_minutes_2021-03-04_v22.pdf
2026-08-17 00:17:22,674 - INFO - Saved voting_minutes_2021-04-01_v22.pdf
2026-08-17 00:17:23,042 - INFO - Saved voting_minutes_yyyy-mm-dd_v22.pdf
2026-08-17 00:17:23,338 - INFO - Saved voting_minutes_2021-04-08_v22.pdf
2026-08-17 00:17:23,508 - INFO - Duplicate content - matches voting_minutes_yyyy-mm-dd_v22.pdf
2026-08-17 00:17:23,801 - INFO - Saved voting_minutes_2021-04-20_v22.pdf
2026-08-17 00:17:24,189 - INFO - Saved voting_minutes_2021-04-29_v22.pdf
2026-08-17 00:17:24,481 - INFO - Saved voting_minutes_2021-05-06_v22.pdf
2026-08-17 00:17:24,865 - INFO - Saved voting_minutes_2021-05-27_v22.pdf
2026-08-17 00:17:25,177 - INFO - Saved voting_minutes_2021-06-03_v22.pdf
2026-08-17 00:17:25,544 - INFO - Saved voting_minutes_2021-06-24_v22.pdf
2026-08-17 00:17:25,901 - INFO - Saved voting_minutes_2021-07-01_v22.pdf
2026-08-17 00:17:26,392 - INFO - Saved voting_minutes_2021-07-29_v22.pdf
2026-08-17 00:17:26,695 - INFO - Saved voting_minutes_2021-08-09_v22.pdf
2026-08-17 00:17:27,283 - INFO - Saved voting_minutes_2021-08-26_v22.pdf
2026-08-17 00:17:27,530 - INFO - Saved voting_minutes_2021-09-02_v22.pdf
2026-08-17 00:17:28,150 - INFO - Saved voting_minutes_2021-09-30_v22.pdf
2026-08-17 00:17:28,514 - INFO - Saved voting_minutes_2021-10-07_v22.pdf
2026-08-17 00:17:28,898 - INFO - Saved voting_minutes_2021-10-28_v22.pdf
2026-08-17 00:17:29,257 - INFO - Saved voting_minutes_2021-11-04_v22.pdf
2026-08-17 00:17:29,568 - INFO - Saved voting_minutes_2021-11-18_v22.pdf
2026-08-17 00:17:29,973 - INFO - Saved voting_minutes_2021-12-02_v22.pdf
2026-08-17 00:17:30,355 - INFO - Saved voting_minutes_2021-12-16_v22.pdf
2026-08-17 00:17:30,758 - INFO - Saved voting_minutes_2020-12-23_v22.pdf
2026-08-17 00:17:31,087 - INFO - Saved voting_minutes_2020-12-03_v22.pdf
2026-08-17 00:17:31,397 - INFO - Saved voting_minutes_2020-11-05_v22.pdf
2026-08-17 00:17:31,767 - INFO - Saved voting_minutes_2020-10-29_v22.pdf
2026-08-17 00:17:32,141 - INFO - Saved voting_minutes_2020-10-08_v22.pdf
2026-08-17 00:17:32,580 - INFO - Saved voting_minutes_2020-10-01_v22.pdf
2026-08-17 00:17:32,951 - INFO - Saved voting_minutes_2020-09-17_v22.pdf
2026-08-17 00:17:33,354 - INFO - Saved voting_minutes_2020-09-10_v22.pdf
2026-08-17 00:17:33,713 - INFO - Duplicate content - matches voting_minutes_2020-09-10_v22.pdf
2026-08-17 00:17:34,082 - INFO - Saved voting_minutes_2020-08-20_v22.pdf
2026-08-17 00:17:34,453 - INFO - Saved voting_minutes_2020-08-13_v22.pdf
2026-08-17 00:17:34,811 - INFO - Saved voting_minutes_2020-07-30_v22.pdf
2026-08-17 00:17:35,172 - INFO - Saved voting_minutes_2020-07-16_v22.pdf
2026-08-17 00:17:35,543 - INFO - Saved voting_minutes_2020-06-04_v22.pdf
2026-08-17 00:17:35,900 - INFO - Saved voting_minutes_2020-05-28_v22.pdf
2026-08-17 00:17:36,154 - INFO - Saved voting_minutes_2020-05-21_v22.pdf
2026-08-17 00:17:36,548 - INFO - Saved voting_minutes_2020-05-14_v22.pdf
2026-08-17 00:17:36,905 - INFO - Saved voting_minutes_2020-05-07_v22.pdf
2026-08-17 00:17:37,308 - INFO - Saved voting_minutes_2020-04-23_v22.pdf
2026-08-17 00:17:37,608 - INFO - Saved voting_minutes_2020-04-30_v22.pdf
2026-08-17 00:17:37,609 - INFO - Download process completed.
2026-08-17 00:17:37,609 - INFO - Application finished successfully.
2026-08-17 00:17:37,609 - INFO - Total runtime: 1 minutes 1.20 seconds
2026-08-24 00:17:21,368 - INFO - Starting Licensing Board Scraper Application
2026-08-24 00:17:21,368 - INFO - Initializing Scraper Service...
2026-08-24 00:17:21,368 - INFO - Fetching https://www.boston.gov/departments/licensing-board/licensing-board-information-and-members...
2026-08-24 00:17:23,656 - INFO - Parsing links...
2026-08-24 00:17:23,738 - INFO - Saving 439 video links to /home/runner/work/boston-liquor-license-tracker/boston-liquor-license-tracker/scraper/scrape/data/hearing_video_links.json...
2026-08-24 00:17:23,740 - INFO - Saved data to /home/runner/work/boston-liquor-license-tracker/boston-liquor-license-tracker/scraper/scrape/data/hearing_video_links.json
2026-08-24 00:17:23,740 - INFO - Extracting dates...
2026-08-24 00:17:23,742 - INFO - Saving 153 minutes links...
2026-08-24 00:17:23,743 - INFO - Saved data to /home/runner/work/boston-liquor-license-tracker/boston-liquor-license-tracker/scraper/scrape/data/voting_minutes_links.json
2026-08-24 00:17:23,743 - INFO - Link stats:
2026-08-24 00:17:23,743 - INFO - total_links: 652
2026-08-24 00:17:23,743 - INFO - client_side_links: 16
2026-08-24 00:17:23,743 - INFO - excluded_links: 44
2026-08-24 00:17:23,743 - INFO - video_links: 439
2026-08-24 00:17:23,744 - INFO - minutes_links: 153
2026-08-24 00:17:23,744 - INFO - Stats logged to /home/runner/work/boston-liquor-license-tracker/boston-liquor-license-tracker/scraper/scrape/data/link_stats_log.csv
2026-08-24 00:17:23,744 - INFO - Scraping completed.
2026-08-24 00:17:23,744 - INFO - Initializing Downloader Service with download_dir: ./data/voting_minutes_pdfs
2026-08-24 00:17:23,744 - INFO - Starting download process...
2026-08-24 00:17:24,231 - INFO - Saved voting_minutes_2026-01-08_v23.pdf
2026-08-24 00:17:24,462 - INFO - Saved voting_minutes_2026-01-29_v23.pdf
2026-08-24 00:17:24,680 - INFO - Saved voting_minutes_2026-02-12_v23.pdf
2026-08-24 00:17:25,107 - INFO - Saved voting_minutes_2026-03-05_v23.pdf
2026-08-24 00:17:25,790 - INFO - Saved voting_minutes_2026-03-26_v21.pdf
2026-08-24 00:17:26,376 - INFO - Saved voting_minutes_2026-04-09_v19.pdf
2026-08-24 00:17:26,593 - INFO - Saved voting_minutes_2026-04-30_v16.pdf
2026-08-24 00:17:27,276 - INFO - Saved voting_minutes_2026-05-07_v15.pdf
2026-08-24 00:17:27,680 - INFO - Saved voting_minutes_2026-05-21_v13.pdf
2026-08-24 00:17:28,114 - INFO - Saved voting_minutes_2026-06-04_v12.pdf
2026-08-24 00:17:28,627 - INFO - Saved voting_minutes_2026-06-25_v9.pdf
2026-08-24 00:17:29,089 - INFO - Saved voting_minutes_2026-07-16_v6.pdf
2026-08-24 00:17:29,691 - INFO - Saved voting_minutes_2026-08-06_v3.pdf
2026-08-24 00:17:30,041 - INFO - Saved voting_minutes_2026-08-18.pdf
2026-08-24 00:17:30,404 - INFO - Saved voting_minutes_2025-01-09_v23.pdf
2026-08-24 00:17:30,818 - INFO - Saved voting_minutes_2025-01-16_v23.pdf
2026-08-24 00:17:31,108 - INFO - Saved voting_minutes_2025-01-23_v23.pdf
2026-08-24 00:17:31,841 - INFO - Saved voting_minutes_2025-02-13_v23.pdf
2026-08-24 00:17:32,395 - INFO - Saved voting_minutes_2025-02-27_v23.pdf
2026-08-24 00:17:32,882 - INFO - Saved voting_minutes_2025-03-06_v23.pdf
2026-08-24 00:17:33,279 - INFO - Saved voting_minutes_2025-03-27_v23.pdf
2026-08-24 00:17:33,702 - INFO - Saved voting_minutes_2025-04-03_v23.pdf
2026-08-24 00:17:34,154 - INFO - Saved voting_minutes_2025-04-17_v23.pdf
2026-08-24 00:17:34,574 - INFO - Saved voting_minutes_2025-05-01_v23.pdf
2026-08-24 00:17:34,997 - INFO - Saved voting_minutes_2025-05-15_v23.pdf
2026-08-24 00:17:35,722 - INFO - Saved voting_minutes_2025-05-29_v23.pdf
2026-08-24 00:17:36,126 - INFO - Saved voting_minutes_2025-06-05_v23.pdf
2026-08-24 00:17:36,649 - INFO - Saved voting_minutes_2025-06-26_v23.pdf
2026-08-24 00:17:37,073 - INFO - Saved voting_minutes_2025-07-17_v23.pdf
2026-08-24 00:17:37,604 - INFO - Saved voting_minutes_2025-07-31_v23.pdf
2026-08-24 00:17:38,059 - INFO - Saved voting_minutes_2025-08-07_v23.pdf
2026-08-24 00:17:38,544 - INFO - Saved voting_minutes_2025-08-28_v23.pdf
2026-08-24 00:17:38,983 - INFO - Saved voting_minutes_2025-09-18_v23.pdf
2026-08-24 00:17:39,404 - INFO - Saved voting_minutes_2025-10-23_v23.pdf
2026-08-24 00:17:40,700 - INFO - Saved voting_minutes_yyyy-11-06_v17.pdf
2026-08-24 00:17:42,251 - INFO - Saved voting_minutes_yyyy-11-20_v17.pdf
2026-08-24 00:17:42,654 - INFO - Saved voting_minutes_2025-12-04_v23.pdf
2026-08-24 00:17:43,065 - INFO - Saved voting_minutes_2025-12-18_v23.pdf
2026-08-24 00:17:43,448 - INFO - Saved voting_minutes_2024-01-04_v23.pdf
2026-08-24 00:17:43,781 - INFO - Saved voting_minutes_2024-02-01_v23.pdf
2026-08-24 00:17:44,184 - INFO - Saved voting_minutes_2024-02-08_v23.pdf
2026-08-24 00:17:44,768 - INFO - Saved voting_minutes_2024-02-29_v23.pdf
2026-08-24 00:17:45,147 - INFO - Saved voting_minutes_2024-03-07_v23.pdf
2026-08-24 00:17:45,544 - INFO - Saved voting_minutes_2024-03-28_v23.pdf
2026-08-24 00:17:45,915 - INFO - Saved voting_minutes_2024-04-04_v23.pdf
2026-08-24 00:17:46,250 - INFO - Saved voting_minutes_2024-04-25_v23.pdf
2026-08-24 00:17:46,591 - INFO - Saved voting_minutes_2024-05-01_v23.pdf
2026-08-24 00:17:46,939 - INFO - Saved voting_minutes_2024-05-23_v23.pdf
2026-08-24 00:17:47,312 - INFO - Saved voting_minutes_2024-06-06_v23.pdf
2026-08-24 00:17:47,586 - INFO - Saved voting_minutes_2024-06-26_v23.pdf
2026-08-24 00:17:47,922 - INFO - Saved voting_minutes_2024-07-11_v23.pdf
2026-08-24 00:17:48,283 - INFO - Saved voting_minutes_2024-08-01_v23.pdf
2026-08-24 00:17:48,746 - INFO - Saved voting_minutes_2024-08-08_v23.pdf
2026-08-24 00:17:49,153 - INFO - Saved voting_minutes_2024-08-22_v23.pdf
2026-08-24 00:17:49,509 - INFO - Saved voting_minutes_2024-09-12_v23.pdf
2026-08-24 00:17:49,901 - INFO - Saved voting_minutes_2024-09-26_v23.pdf
2026-08-24 00:17:50,286 - INFO - Saved voting_minutes_2024-10-17_v23.pdf
2026-08-24 00:17:50,643 - INFO - Saved voting_minutes_2024-10-31_v23.pdf
2026-08-24 00:17:50,985 - INFO - Saved voting_minutes_2024-11-14_v23.pdf
2026-08-24 00:17:51,385 - INFO - Saved voting_minutes_2024-11-21_v23.pdf
2026-08-24 00:17:51,776 - INFO - Saved voting_minutes_2024-12-12_v23.pdf
2026-08-24 00:17:52,145 - INFO - Saved voting_minutes_2023-01-05_v23.pdf
2026-08-24 00:17:52,479 - INFO - Saved voting_minutes_2023-01-25_v23.pdf
2026-08-24 00:17:52,817 - INFO - Saved voting_minutes_2023-02-02_v23.pdf
2026-08-24 00:17:53,247 - INFO - Saved voting_minutes_2023-02-16_v23.pdf
2026-08-24 00:17:53,608 - INFO - Saved voting_minutes_2023-03-08_v23.pdf
2026-08-24 00:17:53,949 - INFO - Saved voting_minutes_2023-03-30_v23.pdf
2026-08-24 00:17:54,302 - INFO - Saved voting_minutes_2023-04-06_v23.pdf
2026-08-24 00:17:54,733 - INFO - Saved voting_minutes_2023-04-27_v23.pdf
2026-08-24 00:17:55,109 - INFO - Saved voting_minutes_2023-05-04_v23.pdf
2026-08-24 00:17:55,478 - INFO - Saved voting_minutes_2023-05-25_v23.pdf
2026-08-24 00:17:55,895 - INFO - Saved voting_minutes_2023-06-08_v23.pdf
2026-08-24 00:17:56,268 - INFO - Saved voting_minutes_2023-06-29_v23.pdf
2026-08-24 00:17:56,633 - INFO - Saved voting_minutes_2023-07-20_v23.pdf
2026-08-24 00:17:56,846 - INFO - Saved voting_minutes_2023-08-17_v23.pdf
2026-08-24 00:17:57,203 - INFO - Saved voting_minutes_2023-09-14_v23.pdf
2026-08-24 00:17:57,561 - INFO - Saved voting_minutes_2023-09-28_v23.pdf
2026-08-24 00:17:57,920 - INFO - Saved voting_minutes_2023-10-04_v23.pdf
2026-08-24 00:17:58,200 - INFO - Saved voting_minutes_2023-10-26_v23.pdf
2026-08-24 00:17:58,523 - INFO - Saved voting_minutes_2023-11-02_v23.pdf
2026-08-24 00:17:58,867 - INFO - Saved voting_minutes_2023-11-16_v23.pdf
2026-08-24 00:17:59,215 - INFO - Saved voting_minutes_2023-12-14_v23.pdf
2026-08-24 00:17:59,567 - INFO - Saved voting_minutes_2022-01-06_v23.pdf
2026-08-24 00:17:59,781 - INFO - Saved voting_minutes_2022-01-20_v23.pdf
2026-08-24 00:18:00,105 - INFO - Saved voting_minutes_2022-01-27_v23.pdf
2026-08-24 00:18:00,436 - INFO - Saved voting_minutes_2022-02-03_v23.pdf
2026-08-24 00:18:00,790 - INFO - Saved voting_minutes_2022-02-17_v23.pdf
2026-08-24 00:18:01,131 - INFO - Saved voting_minutes_2022-03-03_v23.pdf
2026-08-24 00:18:01,604 - INFO - Saved voting_minutes_2022-03-24_v23.pdf
2026-08-24 00:18:01,954 - INFO - Saved voting_minutes_2022-04-07_v23.pdf
2026-08-24 00:18:02,301 - INFO - Saved voting_minutes_2022-04-28_v23.pdf
2026-08-24 00:18:02,484 - INFO - Saved voting_minutes_2022-05-05_v23.pdf
2026-08-24 00:18:02,875 - INFO - Saved voting_minutes_2022-05-26_v23.pdf
2026-08-24 00:18:03,259 - INFO - Saved voting_minutes_2022-06-08_v23.pdf
2026-08-24 00:18:03,598 - INFO - Saved voting_minutes_2022-06-30_v23.pdf
2026-08-24 00:18:03,929 - INFO - Saved voting_minutes_2022-07-14_v23.pdf
2026-08-24 00:18:04,312 - INFO - Saved voting_minutes_2022-07-28_v23.pdf
2026-08-24 00:18:04,599 - INFO - Saved voting_minutes_2022-08-04_v23.pdf
2026-08-24 00:18:04,961 - INFO - Saved voting_minutes_2022-08-25_v23.pdf
2026-08-24 00:18:05,191 - INFO - Saved voting_minutes_2022-09-15_v23.pdf
2026-08-24 00:18:05,572 - INFO - Saved voting_minutes_2022-09-29_v23.pdf
2026-08-24 00:18:05,946 - INFO - Saved voting_minutes_2022-10-06_v23.pdf
2026-08-24 00:18:06,401 - INFO - Saved voting_minutes_2022-10-26_v23.pdf
2026-08-24 00:18:06,760 - INFO - Saved voting_minutes_2022-11-03_v23.pdf
2026-08-24 00:18:07,109 - INFO - Saved voting_minutes_2022-11-17_v23.pdf
2026-08-24 00:18:07,499 - INFO - Saved voting_minutes_2022-12-15_v23.pdf
2026-08-24 00:18:07,712 - INFO - Saved voting_minutes_2021-01-21_v23.pdf
2026-08-24 00:18:08,085 - INFO - Saved voting_minutes_2021-01-28_v23.pdf
2026-08-24 00:18:08,432 - INFO - Saved voting_minutes_2021-02-04_v23.pdf
2026-08-24 00:18:08,769 - INFO - Saved voting_minutes_2021-02-25_v23.pdf
2026-08-24 00:18:09,108 - INFO - Saved voting_minutes_2021-03-04_v23.pdf
2026-08-24 00:18:09,480 - INFO - Saved voting_minutes_2021-04-01_v23.pdf
2026-08-24 00:18:09,723 - INFO - Saved voting_minutes_yyyy-mm-dd_v23.pdf
2026-08-24 00:18:10,053 - INFO - Saved voting_minutes_2021-04-08_v23.pdf
2026-08-24 00:18:10,222 - INFO - Duplicate content - matches voting_minutes_yyyy-mm-dd_v23.pdf
2026-08-24 00:18:10,724 - INFO - Saved voting_minutes_2021-04-20_v23.pdf
2026-08-24 00:18:11,077 - INFO - Saved voting_minutes_2021-04-29_v23.pdf
2026-08-24 00:18:11,430 - INFO - Saved voting_minutes_2021-05-06_v23.pdf
2026-08-24 00:18:11,871 - INFO - Saved voting_minutes_2021-05-27_v23.pdf
2026-08-24 00:18:12,177 - INFO - Saved voting_minutes_2021-06-03_v23.pdf
2026-08-24 00:18:12,639 - INFO - Saved voting_minutes_2021-06-24_v23.pdf
2026-08-24 00:18:12,979 - INFO - Saved voting_minutes_2021-07-01_v23.pdf
2026-08-24 00:18:13,623 - INFO - Saved voting_minutes_2021-07-29_v23.pdf
2026-08-24 00:18:13,976 - INFO - Saved voting_minutes_2021-08-09_v23.pdf
2026-08-24 00:18:14,788 - INFO - Saved voting_minutes_2021-08-26_v23.pdf
2026-08-24 00:18:15,204 - INFO - Saved voting_minutes_2021-09-02_v23.pdf
2026-08-24 00:18:15,599 - INFO - Saved voting_minutes_2021-09-30_v23.pdf
2026-08-24 00:18:15,951 - INFO - Saved voting_minutes_2021-10-07_v23.pdf
2026-08-24 00:18:16,324 - INFO - Saved voting_minutes_2021-10-28_v23.pdf
2026-08-24 00:18:16,704 - INFO - Saved voting_minutes_2021-11-04_v23.pdf
2026-08-24 00:18:17,038 - INFO - Saved voting_minutes_2021-11-18_v23.pdf
2026-08-24 00:18:17,225 - INFO - Saved voting_minutes_2021-12-02_v23.pdf
2026-08-24 00:18:17,588 - INFO - Saved voting_minutes_2021-12-16_v23.pdf
2026-08-24 00:18:17,791 - INFO - Saved voting_minutes_2020-12-23_v23.pdf
2026-08-24 00:18:18,120 - INFO - Saved voting_minutes_2020-12-03_v23.pdf
2026-08-24 00:18:18,501 - INFO - Saved voting_minutes_2020-11-05_v23.pdf
2026-08-24 00:18:18,829 - INFO - Saved voting_minutes_2020-10-29_v23.pdf
2026-08-24 00:18:19,160 - INFO - Saved voting_minutes_2020-10-08_v23.pdf
2026-08-24 00:18:19,609 - INFO - Saved voting_minutes_2020-10-01_v23.pdf
2026-08-24 00:18:19,967 - INFO - Saved voting_minutes_2020-09-17_v23.pdf
2026-08-24 00:18:20,305 - INFO - Saved voting_minutes_2020-09-10_v23.pdf
2026-08-24 00:18:20,692 - INFO - Duplicate content - matches voting_minutes_2020-09-10_v23.pdf
2026-08-24 00:18:21,052 - INFO - Saved voting_minutes_2020-08-20_v23.pdf
2026-08-24 00:18:21,393 - INFO - Saved voting_minutes_2020-08-13_v23.pdf
2026-08-24 00:18:21,732 - INFO - Saved voting_minutes_2020-07-30_v23.pdf
2026-08-24 00:18:22,085 - INFO - Saved voting_minutes_2020-07-16_v23.pdf
2026-08-24 00:18:22,422 - INFO - Saved voting_minutes_2020-06-04_v23.pdf
2026-08-24 00:18:22,787 - INFO - Saved voting_minutes_2020-05-28_v23.pdf
2026-08-24 00:18:23,136 - INFO - Saved voting_minutes_2020-05-21_v23.pdf
2026-08-24 00:18:23,481 - INFO - Saved voting_minutes_2020-05-14_v23.pdf
2026-08-24 00:18:23,821 - INFO - Saved voting_minutes_2020-05-07_v23.pdf
2026-08-24 00:18:24,156 - INFO - Saved voting_minutes_2020-04-23_v23.pdf
2026-08-24 00:18:24,506 - INFO - Saved voting_minutes_2020-04-30_v23.pdf
2026-08-24 00:18:24,507 - INFO - Download process completed.
2026-08-24 00:18:24,507 - INFO - Application finished successfully.
2026-08-24 00:18:24,507 - INFO - Total runtime: 1 minutes 3.14 seconds
2026-08-31 00:42:42,249 - INFO - Starting Licensing Board Scraper Application
2026-08-31 00:42:42,249 - INFO - Initializing Scraper Service...
2026-08-31 00:42:42,249 - INFO - Fetching https://www.boston.gov/departments/licensing-board/licensing-board-information-and-members...
2026-08-31 00:42:44,000 - INFO - Parsing links...
2026-08-31 00:42:44,053 - INFO - Saving 442 video links to /home/runner/work/boston-liquor-license-tracker/boston-liquor-license-tracker/scraper/scrape/data/hearing_video_links.json...
2026-08-31 00:42:44,055 - INFO - Saved data to /home/runner/work/boston-liquor-license-tracker/boston-liquor-license-tracker/scraper/scrape/data/hearing_video_links.json
2026-08-31 00:42:44,055 - INFO - Extracting dates...
2026-08-31 00:42:44,056 - INFO - Saving 154 minutes links...
2026-08-31 00:42:44,057 - INFO - Saved data to /home/runner/work/boston-liquor-license-tracker/boston-liquor-license-tracker/scraper/scrape/data/voting_minutes_links.json
2026-08-31 00:42:44,057 - INFO - Link stats:
2026-08-31 00:42:44,057 - INFO - total_links: 656
2026-08-31 00:42:44,057 - INFO - client_side_links: 16
2026-08-31 00:42:44,057 - INFO - excluded_links: 44
2026-08-31 00:42:44,057 - INFO - video_links: 442
2026-08-31 00:42:44,057 - INFO - minutes_links: 154
2026-08-31 00:42:44,057 - INFO - Stats logged to /home/runner/work/boston-liquor-license-tracker/boston-liquor-license-tracker/scraper/scrape/data/link_stats_log.csv
2026-08-31 00:42:44,057 - INFO - Scraping completed.
2026-08-31 00:42:44,057 - INFO - Initializing Downloader Service with download_dir: ./data/voting_minutes_pdfs
2026-08-31 00:42:44,057 - INFO - Starting download process...
2026-08-31 00:42:44,331 - INFO - Saved voting_minutes_2026-01-08_v24.pdf
2026-08-31 00:42:44,573 - INFO - Saved voting_minutes_2026-01-29_v24.pdf
2026-08-31 00:42:44,779 - INFO - Saved voting_minutes_2026-02-12_v24.pdf
2026-08-31 00:42:45,024 - INFO - Saved voting_minutes_2026-03-05_v24.pdf
2026-08-31 00:42:45,258 - INFO - Saved voting_minutes_2026-03-26_v22.pdf
2026-08-31 00:42:45,448 - INFO - Saved voting_minutes_2026-04-09_v20.pdf
2026-08-31 00:42:45,617 - INFO - Saved voting_minutes_2026-04-30_v17.pdf
2026-08-31 00:42:45,853 - INFO - Saved voting_minutes_2026-05-07_v16.pdf
2026-08-31 00:42:46,158 - INFO - Saved voting_minutes_2026-05-21_v14.pdf
2026-08-31 00:42:46,441 - INFO - Saved voting_minutes_2026-06-04_v13.pdf
2026-08-31 00:42:46,638 - INFO - Saved voting_minutes_2026-06-25_v10.pdf
2026-08-31 00:42:46,859 - INFO - Saved voting_minutes_2026-07-16_v7.pdf
2026-08-31 00:42:47,024 - INFO - Saved voting_minutes_2026-08-06_v4.pdf
2026-08-31 00:42:47,185 - INFO - Saved voting_minutes_2026-08-18_v2.pdf
2026-08-31 00:42:47,361 - INFO - Saved voting_minutes_2026-08-27.pdf
2026-08-31 00:42:47,519 - INFO - Saved voting_minutes_2025-01-09_v24.pdf
2026-08-31 00:42:47,734 - INFO - Saved voting_minutes_2025-01-16_v24.pdf
2026-08-31 00:42:47,995 - INFO - Saved voting_minutes_2025-01-23_v24.pdf
2026-08-31 00:42:48,387 - INFO - Saved voting_minutes_2025-02-13_v24.pdf
2026-08-31 00:42:48,612 - INFO - Saved voting_minutes_2025-02-27_v24.pdf
2026-08-31 00:42:48,756 - INFO - Saved voting_minutes_2025-03-06_v24.pdf
2026-08-31 00:42:49,032 - INFO - Saved voting_minutes_2025-03-27_v24.pdf
2026-08-31 00:42:49,273 - INFO - Saved voting_minutes_2025-04-03_v24.pdf
2026-08-31 00:42:49,490 - INFO - Saved voting_minutes_2025-04-17_v24.pdf
2026-08-31 00:42:49,674 - INFO - Saved voting_minutes_2025-05-01_v24.pdf
2026-08-31 00:42:49,903 - INFO - Saved voting_minutes_2025-05-15_v24.pdf
2026-08-31 00:42:50,101 - INFO - Saved voting_minutes_2025-05-29_v24.pdf
2026-08-31 00:42:50,301 - INFO - Saved voting_minutes_2025-06-05_v24.pdf
2026-08-31 00:42:50,476 - INFO - Saved voting_minutes_2025-06-26_v24.pdf
2026-08-31 00:42:50,688 - INFO - Saved voting_minutes_2025-07-17_v24.pdf
2026-08-31 00:42:50,858 - INFO - Saved voting_minutes_2025-07-31_v24.pdf
2026-08-31 00:42:51,064 - INFO - Saved voting_minutes_2025-08-07_v24.pdf
2026-08-31 00:42:51,271 - INFO - Saved voting_minutes_2025-08-28_v24.pdf
2026-08-31 00:42:51,514 - INFO - Saved voting_minutes_2025-09-18_v24.pdf
2026-08-31 00:42:51,764 - INFO - Saved voting_minutes_2025-10-23_v24.pdf
2026-08-31 00:42:53,353 - INFO - Saved voting_minutes_yyyy-11-06_v18.pdf
2026-08-31 00:42:55,014 - INFO - Saved voting_minutes_yyyy-11-20_v18.pdf
2026-08-31 00:42:55,206 - INFO - Saved voting_minutes_2025-12-04_v24.pdf
2026-08-31 00:42:55,404 - INFO - Saved voting_minutes_2025-12-18_v24.pdf
2026-08-31 00:42:55,595 - INFO - Saved voting_minutes_2024-01-04_v24.pdf
2026-08-31 00:42:55,757 - INFO - Saved voting_minutes_2024-02-01_v24.pdf
2026-08-31 00:42:55,946 - INFO - Saved voting_minutes_2024-02-08_v24.pdf
2026-08-31 00:42:56,122 - INFO - Saved voting_minutes_2024-02-29_v24.pdf
2026-08-31 00:42:56,321 - INFO - Saved voting_minutes_2024-03-07_v24.pdf
2026-08-31 00:42:56,497 - INFO - Saved voting_minutes_2024-03-28_v24.pdf
2026-08-31 00:42:56,683 - INFO - Saved voting_minutes_2024-04-04_v24.pdf
2026-08-31 00:42:56,971 - INFO - Saved voting_minutes_2024-04-25_v24.pdf
2026-08-31 00:42:57,162 - INFO - Saved voting_minutes_2024-05-01_v24.pdf
2026-08-31 00:42:57,317 - INFO - Saved voting_minutes_2024-05-23_v24.pdf
2026-08-31 00:42:57,483 - INFO - Saved voting_minutes_2024-06-06_v24.pdf
2026-08-31 00:42:57,859 - INFO - Saved voting_minutes_2024-06-26_v24.pdf
2026-08-31 00:42:58,022 - INFO - Saved voting_minutes_2024-07-11_v24.pdf
2026-08-31 00:42:58,452 - INFO - Saved voting_minutes_2024-08-01_v24.pdf
2026-08-31 00:42:58,627 - INFO - Saved voting_minutes_2024-08-08_v24.pdf
2026-08-31 00:42:58,786 - INFO - Saved voting_minutes_2024-08-22_v24.pdf
2026-08-31 00:42:58,984 - INFO - Saved voting_minutes_2024-09-12_v24.pdf
2026-08-31 00:42:59,153 - INFO - Saved voting_minutes_2024-09-26_v24.pdf
2026-08-31 00:42:59,383 - INFO - Saved voting_minutes_2024-10-17_v24.pdf
2026-08-31 00:42:59,568 - INFO - Saved voting_minutes_2024-10-31_v24.pdf
2026-08-31 00:42:59,735 - INFO - Saved voting_minutes_2024-11-14_v24.pdf
2026-08-31 00:42:59,912 - INFO - Saved voting_minutes_2024-11-21_v24.pdf
2026-08-31 00:43:00,131 - INFO - Saved voting_minutes_2024-12-12_v24.pdf
2026-08-31 00:43:00,320 - INFO - Saved voting_minutes_2023-01-05_v24.pdf
2026-08-31 00:43:00,499 - INFO - Saved voting_minutes_2023-01-25_v24.pdf
2026-08-31 00:43:00,658 - INFO - Saved voting_minutes_2023-02-02_v24.pdf
2026-08-31 00:43:00,832 - INFO - Saved voting_minutes_2023-02-16_v24.pdf
2026-08-31 00:43:00,977 - INFO - Saved voting_minutes_2023-03-08_v24.pdf
2026-08-31 00:43:01,136 - INFO - Saved voting_minutes_2023-03-30_v24.pdf
2026-08-31 00:43:01,319 - INFO - Saved voting_minutes_2023-04-06_v24.pdf
2026-08-31 00:43:01,500 - INFO - Saved voting_minutes_2023-04-27_v24.pdf
2026-08-31 00:43:01,645 - INFO - Saved voting_minutes_2023-05-04_v24.pdf
2026-08-31 00:43:01,830 - INFO - Saved voting_minutes_2023-05-25_v24.pdf
2026-08-31 00:43:02,032 - INFO - Saved voting_minutes_2023-06-08_v24.pdf
2026-08-31 00:43:02,198 - INFO - Saved voting_minutes_2023-06-29_v24.pdf
2026-08-31 00:43:02,380 - INFO - Saved voting_minutes_2023-07-20_v24.pdf
2026-08-31 00:43:02,571 - INFO - Saved voting_minutes_2023-08-17_v24.pdf
2026-08-31 00:43:02,773 - INFO - Saved voting_minutes_2023-09-14_v24.pdf
2026-08-31 00:43:02,968 - INFO - Saved voting_minutes_2023-09-28_v24.pdf
2026-08-31 00:43:03,160 - INFO - Saved voting_minutes_2023-10-04_v24.pdf
2026-08-31 00:43:03,320 - INFO - Saved voting_minutes_2023-10-26_v24.pdf
2026-08-31 00:43:03,466 - INFO - Saved voting_minutes_2023-11-02_v24.pdf
2026-08-31 00:43:03,671 - INFO - Saved voting_minutes_2023-11-16_v24.pdf
2026-08-31 00:43:03,861 - INFO - Saved voting_minutes_2023-12-14_v24.pdf
2026-08-31 00:43:04,029 - INFO - Saved voting_minutes_2022-01-06_v24.pdf
2026-08-31 00:43:04,228 - INFO - Saved voting_minutes_2022-01-20_v24.pdf
2026-08-31 00:43:04,403 - INFO - Saved voting_minutes_2022-01-27_v24.pdf
2026-08-31 00:43:04,595 - INFO - Saved voting_minutes_2022-02-03_v24.pdf
2026-08-31 00:43:04,753 - INFO - Saved voting_minutes_2022-02-17_v24.pdf
2026-08-31 00:43:04,936 - INFO - Saved voting_minutes_2022-03-03_v24.pdf
2026-08-31 00:43:05,102 - INFO - Saved voting_minutes_2022-03-24_v24.pdf
2026-08-31 00:43:05,308 - INFO - Saved voting_minutes_2022-04-07_v24.pdf
2026-08-31 00:43:05,480 - INFO - Saved voting_minutes_2022-04-28_v24.pdf
2026-08-31 00:43:05,632 - INFO - Saved voting_minutes_2022-05-05_v24.pdf
2026-08-31 00:43:05,799 - INFO - Saved voting_minutes_2022-05-26_v24.pdf
2026-08-31 00:43:05,964 - INFO - Saved voting_minutes_2022-06-08_v24.pdf
2026-08-31 00:43:06,144 - INFO - Saved voting_minutes_2022-06-30_v24.pdf
2026-08-31 00:43:06,314 - INFO - Saved voting_minutes_2022-07-14_v24.pdf
2026-08-31 00:43:06,492 - INFO - Saved voting_minutes_2022-07-28_v24.pdf
2026-08-31 00:43:06,654 - INFO - Saved voting_minutes_2022-08-04_v24.pdf
2026-08-31 00:43:06,866 - INFO - Saved voting_minutes_2022-08-25_v24.pdf
2026-08-31 00:43:07,050 - INFO - Saved voting_minutes_2022-09-15_v24.pdf
2026-08-31 00:43:07,223 - INFO - Saved voting_minutes_2022-09-29_v24.pdf
2026-08-31 00:43:07,429 - INFO - Saved voting_minutes_2022-10-06_v24.pdf
2026-08-31 00:43:07,596 - INFO - Saved voting_minutes_2022-10-26_v24.pdf
2026-08-31 00:43:07,781 - INFO - Saved voting_minutes_2022-11-03_v24.pdf
2026-08-31 00:43:07,974 - INFO - Saved voting_minutes_2022-11-17_v24.pdf
2026-08-31 00:43:08,174 - INFO - Saved voting_minutes_2022-12-15_v24.pdf
2026-08-31 00:43:08,337 - INFO - Saved voting_minutes_2021-01-21_v24.pdf
2026-08-31 00:43:08,530 - INFO - Saved voting_minutes_2021-01-28_v24.pdf
2026-08-31 00:43:08,713 - INFO - Saved voting_minutes_2021-02-04_v24.pdf
2026-08-31 00:43:08,883 - INFO - Saved voting_minutes_2021-02-25_v24.pdf
2026-08-31 00:43:09,147 - INFO - Saved voting_minutes_2021-03-04_v24.pdf
2026-08-31 00:43:09,378 - INFO - Saved voting_minutes_2021-04-01_v24.pdf
2026-08-31 00:43:09,565 - INFO - Saved voting_minutes_yyyy-mm-dd_v24.pdf
2026-08-31 00:43:09,710 - INFO - Saved voting_minutes_2021-04-08_v24.pdf
2026-08-31 00:43:09,874 - INFO - Duplicate content - matches voting_minutes_yyyy-mm-dd_v24.pdf
2026-08-31 00:43:10,026 - INFO - Saved voting_minutes_2021-04-20_v24.pdf
2026-08-31 00:43:10,240 - INFO - Saved voting_minutes_2021-04-29_v24.pdf
2026-08-31 00:43:10,437 - INFO - Saved voting_minutes_2021-05-06_v24.pdf
2026-08-31 00:43:10,635 - INFO - Saved voting_minutes_2021-05-27_v24.pdf
2026-08-31 00:43:10,792 - INFO - Saved voting_minutes_2021-06-03_v24.pdf
2026-08-31 00:43:10,977 - INFO - Saved voting_minutes_2021-06-24_v24.pdf
2026-08-31 00:43:11,163 - INFO - Saved voting_minutes_2021-07-01_v24.pdf
2026-08-31 00:43:11,368 - INFO - Saved voting_minutes_2021-07-29_v24.pdf
2026-08-31 00:43:11,535 - INFO - Saved voting_minutes_2021-08-09_v24.pdf
2026-08-31 00:43:11,737 - INFO - Saved voting_minutes_2021-08-26_v24.pdf
2026-08-31 00:43:11,899 - INFO - Saved voting_minutes_2021-09-02_v24.pdf
2026-08-31 00:43:12,115 - INFO - Saved voting_minutes_2021-09-30_v24.pdf
2026-08-31 00:43:12,284 - INFO - Saved voting_minutes_2021-10-07_v24.pdf
2026-08-31 00:43:12,474 - INFO - Saved voting_minutes_2021-10-28_v24.pdf
2026-08-31 00:43:12,657 - INFO - Saved voting_minutes_2021-11-04_v24.pdf
2026-08-31 00:43:12,815 - INFO - Saved voting_minutes_2021-11-18_v24.pdf
2026-08-31 00:43:12,982 - INFO - Saved voting_minutes_2021-12-02_v24.pdf
2026-08-31 00:43:13,167 - INFO - Saved voting_minutes_2021-12-16_v24.pdf
2026-08-31 00:43:13,327 - INFO - Saved voting_minutes_2020-12-23_v24.pdf
2026-08-31 00:43:13,519 - INFO - Saved voting_minutes_2020-12-03_v24.pdf
2026-08-31 00:43:13,695 - INFO - Saved voting_minutes_2020-11-05_v24.pdf
2026-08-31 00:43:13,861 - INFO - Saved voting_minutes_2020-10-29_v24.pdf
2026-08-31 00:43:14,015 - INFO - Saved voting_minutes_2020-10-08_v24.pdf
2026-08-31 00:43:14,211 - INFO - Saved voting_minutes_2020-10-01_v24.pdf
2026-08-31 00:43:14,405 - INFO - Saved voting_minutes_2020-09-17_v24.pdf
2026-08-31 00:43:14,552 - INFO - Saved voting_minutes_2020-09-10_v24.pdf
2026-08-31 00:43:14,740 - INFO - Duplicate content - matches voting_minutes_2020-09-10_v24.pdf
2026-08-31 00:43:14,922 - INFO - Saved voting_minutes_2020-08-20_v24.pdf
2026-08-31 00:43:15,094 - INFO - Saved voting_minutes_2020-08-13_v24.pdf
2026-08-31 00:43:15,252 - INFO - Saved voting_minutes_2020-07-30_v24.pdf
2026-08-31 00:43:15,386 - INFO - Saved voting_minutes_2020-07-16_v24.pdf
2026-08-31 00:43:15,554 - INFO - Saved voting_minutes_2020-06-04_v24.pdf
2026-08-31 00:43:15,845 - INFO - Saved voting_minutes_2020-05-28_v24.pdf
2026-08-31 00:43:16,036 - INFO - Saved voting_minutes_2020-05-21_v24.pdf
2026-08-31 00:43:16,178 - INFO - Saved voting_minutes_2020-05-14_v24.pdf
2026-08-31 00:43:16,365 - INFO - Saved voting_minutes_2020-05-07_v24.pdf
2026-08-31 00:43:16,539 - INFO - Saved voting_minutes_2020-04-23_v24.pdf
2026-08-31 00:43:16,711 - INFO - Saved voting_minutes_2020-04-30_v24.pdf
2026-08-31 00:43:16,712 - INFO - Download process completed.
2026-08-31 00:43:16,712 - INFO - Application finished successfully.
2026-08-31 00:43:16,712 - INFO - Total runtime: 0 minutes 34.46 seconds
2026-09-07 00:42:02,657 - INFO - Starting Licensing Board Scraper Application
2026-09-07 00:42:02,657 - INFO - Initializing Scraper Service...
2026-09-07 00:42:02,657 - INFO - Fetching https://www.boston.gov/departments/licensing-board/licensing-board-information-and-members...
2026-09-07 00:42:04,696 - INFO - Parsing links...
2026-09-07 00:42:04,754 - INFO - Saving 445 video links to /home/runner/work/boston-liquor-license-tracker/boston-liquor-license-tracker/scraper/scrape/data/hearing_video_links.json...
2026-09-07 00:42:04,755 - INFO - Saved data to /home/runner/work/boston-liquor-license-tracker/boston-liquor-license-tracker/scraper/scrape/data/hearing_video_links.json
2026-09-07 00:42:04,756 - INFO - Extracting dates...
2026-09-07 00:42:04,758 - INFO - Saving 155 minutes links...
2026-09-07 00:42:04,758 - INFO - Saved data to /home/runner/work/boston-liquor-license-tracker/boston-liquor-license-tracker/scraper/scrape/data/voting_minutes_links.json
2026-09-07 00:42:04,758 - INFO - Link stats:
2026-09-07 00:42:04,758 - INFO - total_links: 660
2026-09-07 00:42:04,759 - INFO - client_side_links: 16
2026-09-07 00:42:04,759 - INFO - excluded_links: 44
2026-09-07 00:42:04,759 - INFO - video_links: 445
2026-09-07 00:42:04,759 - INFO - minutes_links: 155
2026-09-07 00:42:04,759 - INFO - Stats logged to /home/runner/work/boston-liquor-license-tracker/boston-liquor-license-tracker/scraper/scrape/data/link_stats_log.csv
2026-09-07 00:42:04,759 - INFO - Scraping completed.
2026-09-07 00:42:04,759 - INFO - Initializing Downloader Service with download_dir: ./data/voting_minutes_pdfs
2026-09-07 00:42:04,759 - INFO - Starting download process...
2026-09-07 00:42:05,152 - INFO - No change - voting_minutes_2026-01-08.pdf is up to date
2026-09-07 00:42:05,507 - INFO - No change - voting_minutes_2026-01-29.pdf is up to date
2026-09-07 00:42:05,867 - INFO - No change - voting_minutes_2026-02-12.pdf is up to date
2026-09-07 00:42:06,088 - INFO - No change - voting_minutes_2026-03-05.pdf is up to date
2026-09-07 00:42:06,528 - INFO - No change - voting_minutes_2026-03-26.pdf is up to date
2026-09-07 00:42:06,832 - INFO - No change - voting_minutes_2026-04-09.pdf is up to date
2026-09-07 00:42:07,045 - INFO - No change - voting_minutes_2026-04-30.pdf is up to date
2026-09-07 00:42:07,359 - INFO - No change - voting_minutes_2026-05-07.pdf is up to date
2026-09-07 00:42:07,673 - INFO - No change - voting_minutes_2026-05-21.pdf is up to date
2026-09-07 00:42:07,991 - INFO - No change - voting_minutes_2026-06-04.pdf is up to date
2026-09-07 00:42:08,237 - INFO - No change - voting_minutes_2026-06-25.pdf is up to date
2026-09-07 00:42:08,617 - INFO - No change - voting_minutes_2026-07-16.pdf is up to date
2026-09-07 00:42:08,835 - INFO - No change - voting_minutes_2026-08-06.pdf is up to date
2026-09-07 00:42:09,281 - INFO - No change - voting_minutes_2026-08-18.pdf is up to date
2026-09-07 00:42:09,537 - INFO - No change - voting_minutes_2026-08-27.pdf is up to date
2026-09-07 00:42:09,804 - INFO - Saved voting_minutes_2026-09-03.pdf
2026-09-07 00:42:10,103 - INFO - No change - voting_minutes_2025-01-09.pdf is up to date
2026-09-07 00:42:10,449 - INFO - No change - voting_minutes_2025-01-16.pdf is up to date
2026-09-07 00:42:11,046 - INFO - No change - voting_minutes_2025-01-23.pdf is up to date
2026-09-07 00:42:11,438 - INFO - No change - voting_minutes_2025-02-13.pdf is up to date
2026-09-07 00:42:11,689 - INFO - No change - voting_minutes_2025-02-27.pdf is up to date
2026-09-07 00:42:12,035 - INFO - No change - voting_minutes_2025-03-06.pdf is up to date
2026-09-07 00:42:12,547 - INFO - No change - voting_minutes_2025-03-27.pdf is up to date
2026-09-07 00:42:12,715 - INFO - No change - voting_minutes_2025-04-03.pdf is up to date
2026-09-07 00:42:13,217 - INFO - No change - voting_minutes_2025-04-17.pdf is up to date
2026-09-07 00:42:13,497 - INFO - No change - voting_minutes_2025-05-01.pdf is up to date
2026-09-07 00:42:13,934 - INFO - No change - voting_minutes_2025-05-15.pdf is up to date
2026-09-07 00:42:14,304 - INFO - No change - voting_minutes_2025-05-29.pdf is up to date
2026-09-07 00:42:14,481 - INFO - No change - voting_minutes_2025-06-05.pdf is up to date
2026-09-07 00:42:14,687 - INFO - No change - voting_minutes_2025-06-26.pdf is up to date
2026-09-07 00:42:15,044 - INFO - No change - voting_minutes_2025-07-17.pdf is up to date
2026-09-07 00:42:15,257 - INFO - No change - voting_minutes_2025-07-31.pdf is up to date
2026-09-07 00:42:15,644 - INFO - No change - voting_minutes_2025-08-07.pdf is up to date
2026-09-07 00:42:15,891 - INFO - No change - voting_minutes_2025-08-28.pdf is up to date
2026-09-07 00:42:16,198 - INFO - No change - voting_minutes_2025-09-18.pdf is up to date
2026-09-07 00:42:16,505 - INFO - No change - voting_minutes_2025-10-23.pdf is up to date
2026-09-07 00:42:17,851 - INFO - No change - voting_minutes_yyyy-11-06.pdf is up to date
2026-09-07 00:42:19,308 - INFO - No change - voting_minutes_yyyy-11-20.pdf is up to date
2026-09-07 00:42:19,661 - INFO - No change - voting_minutes_2025-12-04.pdf is up to date
2026-09-07 00:42:20,136 - INFO - No change - voting_minutes_2025-12-18.pdf is up to date
2026-09-07 00:42:20,444 - INFO - No change - voting_minutes_2024-01-04.pdf is up to date
2026-09-07 00:42:20,658 - INFO - No change - voting_minutes_2024-02-01.pdf is up to date
2026-09-07 00:42:20,981 - INFO - No change - voting_minutes_2024-02-08.pdf is up to date
2026-09-07 00:42:21,181 - INFO - No change - voting_minutes_2024-02-29.pdf is up to date
2026-09-07 00:42:21,419 - INFO - No change - voting_minutes_2024-03-07.pdf is up to date
2026-09-07 00:42:21,791 - INFO - No change - voting_minutes_2024-03-28.pdf is up to date
2026-09-07 00:42:22,106 - INFO - No change - voting_minutes_2024-04-04.pdf is up to date
2026-09-07 00:42:22,266 - INFO - No change - voting_minutes_2024-04-25.pdf is up to date
2026-09-07 00:42:22,449 - INFO - No change - voting_minutes_2024-05-01.pdf is up to date
2026-09-07 00:42:22,800 - INFO - No change - voting_minutes_2024-05-23.pdf is up to date
2026-09-07 00:42:23,105 - INFO - No change - voting_minutes_2024-06-06.pdf is up to date
2026-09-07 00:42:23,571 - INFO - No change - voting_minutes_2024-06-26.pdf is up to date
2026-09-07 00:42:23,820 - INFO - No change - voting_minutes_2024-07-11.pdf is up to date
2026-09-07 00:42:24,151 - INFO - No change - voting_minutes_2024-08-01.pdf is up to date
2026-09-07 00:42:24,300 - INFO - No change - voting_minutes_2024-08-08.pdf is up to date
2026-09-07 00:42:24,473 - INFO - No change - voting_minutes_2024-08-22.pdf is up to date
2026-09-07 00:42:24,797 - INFO - No change - voting_minutes_2024-09-12.pdf is up to date
2026-09-07 00:42:25,092 - INFO - No change - voting_minutes_2024-09-26.pdf is up to date
2026-09-07 00:42:25,333 - INFO - No change - voting_minutes_2024-10-17.pdf is up to date
2026-09-07 00:42:25,640 - INFO - No change - voting_minutes_2024-10-31.pdf is up to date
2026-09-07 00:42:26,069 - INFO - No change - voting_minutes_2024-11-14.pdf is up to date
2026-09-07 00:42:26,374 - INFO - No change - voting_minutes_2024-11-21.pdf is up to date
2026-09-07 00:42:26,671 - INFO - No change - voting_minutes_2024-12-12.pdf is up to date
2026-09-07 00:42:26,971 - INFO - No change - voting_minutes_2023-01-05.pdf is up to date
2026-09-07 00:42:27,275 - INFO - No change - voting_minutes_2023-01-25.pdf is up to date
2026-09-07 00:42:27,565 - INFO - No change - voting_minutes_2023-02-02.pdf is up to date
2026-09-07 00:42:27,719 - INFO - No change - voting_minutes_2023-02-16.pdf is up to date
2026-09-07 00:42:28,062 - INFO - No change - voting_minutes_2023-03-08.pdf is up to date
2026-09-07 00:42:28,378 - INFO - No change - voting_minutes_2023-03-30.pdf is up to date
2026-09-07 00:42:28,679 - INFO - No change - voting_minutes_2023-04-06.pdf is up to date
2026-09-07 00:42:29,009 - INFO - No change - voting_minutes_2023-04-27.pdf is up to date
2026-09-07 00:42:29,441 - INFO - No change - voting_minutes_2023-05-04.pdf is up to date
2026-09-07 00:42:29,760 - INFO - No change - voting_minutes_2023-05-25.pdf is up to date
2026-09-07 00:42:30,036 - INFO - No change - voting_minutes_2023-06-08.pdf is up to date
2026-09-07 00:42:30,452 - INFO - No change - voting_minutes_2023-06-29.pdf is up to date
2026-09-07 00:42:30,761 - INFO - No change - voting_minutes_2023-07-20.pdf is up to date
2026-09-07 00:42:31,104 - INFO - No change - voting_minutes_2023-08-17.pdf is up to date
2026-09-07 00:42:31,282 - INFO - No change - voting_minutes_2023-09-14.pdf is up to date
2026-09-07 00:42:31,582 - INFO - No change - voting_minutes_2023-09-28.pdf is up to date
2026-09-07 00:42:31,883 - INFO - No change - voting_minutes_2023-10-04.pdf is up to date
2026-09-07 00:42:32,153 - INFO - No change - voting_minutes_2023-10-26.pdf is up to date
2026-09-07 00:42:32,416 - INFO - No change - voting_minutes_2023-11-02.pdf is up to date
2026-09-07 00:42:32,724 - INFO - No change - voting_minutes_2023-11-16.pdf is up to date
2026-09-07 00:42:33,031 - INFO - No change - voting_minutes_2023-12-14.pdf is up to date
2026-09-07 00:42:33,391 - INFO - No change - voting_minutes_2022-01-06.pdf is up to date
2026-09-07 00:42:33,837 - INFO - No change - voting_minutes_2022-01-20.pdf is up to date
2026-09-07 00:42:34,070 - INFO - No change - voting_minutes_2022-01-27.pdf is up to date
2026-09-07 00:42:34,401 - INFO - No change - voting_minutes_2022-02-03.pdf is up to date
2026-09-07 00:42:34,812 - INFO - No change - voting_minutes_2022-02-17.pdf is up to date
2026-09-07 00:42:35,115 - INFO - No change - voting_minutes_2022-03-03.pdf is up to date
2026-09-07 00:42:35,426 - INFO - No change - voting_minutes_2022-03-24.pdf is up to date
2026-09-07 00:42:35,635 - INFO - No change - voting_minutes_2022-04-07.pdf is up to date
2026-09-07 00:42:35,859 - INFO - No change - voting_minutes_2022-04-28.pdf is up to date
2026-09-07 00:42:36,157 - INFO - No change - voting_minutes_2022-05-05.pdf is up to date
2026-09-07 00:42:36,494 - INFO - No change - voting_minutes_2022-05-26.pdf is up to date
2026-09-07 00:42:36,796 - INFO - No change - voting_minutes_2022-06-08.pdf is up to date
2026-09-07 00:42:37,000 - INFO - No change - voting_minutes_2022-06-30.pdf is up to date
2026-09-07 00:42:37,311 - INFO - No change - voting_minutes_2022-07-14.pdf is up to date
2026-09-07 00:42:37,614 - INFO - No change - voting_minutes_2022-07-28.pdf is up to date
2026-09-07 00:42:37,826 - INFO - No change - voting_minutes_2022-08-04.pdf is up to date
2026-09-07 00:42:38,126 - INFO - No change - voting_minutes_2022-08-25.pdf is up to date
2026-09-07 00:42:38,307 - INFO - No change - voting_minutes_2022-09-15.pdf is up to date
2026-09-07 00:42:38,777 - INFO - No change - voting_minutes_2022-09-29.pdf is up to date
2026-09-07 00:42:38,981 - INFO - No change - voting_minutes_2022-10-06.pdf is up to date
2026-09-07 00:42:39,338 - INFO - No change - voting_minutes_2022-10-26.pdf is up to date
2026-09-07 00:42:39,693 - INFO - No change - voting_minutes_2022-11-03.pdf is up to date
2026-09-07 00:42:39,887 - INFO - No change - voting_minutes_2022-11-17.pdf is up to date
2026-09-07 00:42:40,191 - INFO - No change - voting_minutes_2022-12-15.pdf is up to date
2026-09-07 00:42:40,510 - INFO - No change - voting_minutes_2021-01-21.pdf is up to date
2026-09-07 00:42:40,803 - INFO - No change - voting_minutes_2021-01-28.pdf is up to date
2026-09-07 00:42:41,100 - INFO - No change - voting_minutes_2021-02-04.pdf is up to date
2026-09-07 00:42:41,402 - INFO - No change - voting_minutes_2021-02-25.pdf is up to date
2026-09-07 00:42:41,708 - INFO - No change - voting_minutes_2021-03-04.pdf is up to date
2026-09-07 00:42:42,079 - INFO - No change - voting_minutes_2021-04-01.pdf is up to date
2026-09-07 00:42:42,391 - INFO - No change - voting_minutes_yyyy-mm-dd.pdf is up to date
2026-09-07 00:42:42,704 - INFO - No change - voting_minutes_2021-04-08.pdf is up to date
2026-09-07 00:42:43,008 - INFO - No change - voting_minutes_yyyy-mm-dd.pdf is up to date
2026-09-07 00:42:43,182 - INFO - No change - voting_minutes_2021-04-20.pdf is up to date
2026-09-07 00:42:43,436 - INFO - No change - voting_minutes_2021-04-29.pdf is up to date
2026-09-07 00:42:43,929 - INFO - No change - voting_minutes_2021-05-06.pdf is up to date
2026-09-07 00:42:44,135 - INFO - No change - voting_minutes_2021-05-27.pdf is up to date
2026-09-07 00:42:44,294 - INFO - No change - voting_minutes_2021-06-03.pdf is up to date
2026-09-07 00:42:44,468 - INFO - No change - voting_minutes_2021-06-24.pdf is up to date
2026-09-07 00:42:44,763 - INFO - No change - voting_minutes_2021-07-01.pdf is up to date
2026-09-07 00:42:45,128 - INFO - No change - voting_minutes_2021-07-29.pdf is up to date
2026-09-07 00:42:45,426 - INFO - No change - voting_minutes_2021-08-09.pdf is up to date
2026-09-07 00:42:45,900 - INFO - No change - voting_minutes_2021-08-26.pdf is up to date
2026-09-07 00:42:46,251 - INFO - No change - voting_minutes_2021-09-02.pdf is up to date
2026-09-07 00:42:46,413 - INFO - No change - voting_minutes_2021-09-30.pdf is up to date
2026-09-07 00:42:46,571 - INFO - No change - voting_minutes_2021-10-07.pdf is up to date
2026-09-07 00:42:46,858 - INFO - No change - voting_minutes_2021-10-28.pdf is up to date
2026-09-07 00:42:47,155 - INFO - No change - voting_minutes_2021-11-04.pdf is up to date
2026-09-07 00:42:47,427 - INFO - No change - voting_minutes_2021-11-18.pdf is up to date
2026-09-07 00:42:47,729 - INFO - No change - voting_minutes_2021-12-02.pdf is up to date
2026-09-07 00:42:47,980 - INFO - No change - voting_minutes_2021-12-16.pdf is up to date
2026-09-07 00:42:48,290 - INFO - No change - voting_minutes_2020-12-23.pdf is up to date
2026-09-07 00:42:48,602 - INFO - No change - voting_minutes_2020-12-03.pdf is up to date
2026-09-07 00:42:48,854 - INFO - No change - voting_minutes_2020-11-05.pdf is up to date
2026-09-07 00:42:49,151 - INFO - No change - voting_minutes_2020-10-29.pdf is up to date
2026-09-07 00:42:49,380 - INFO - No change - voting_minutes_2020-10-08.pdf is up to date
2026-09-07 00:42:49,743 - INFO - No change - voting_minutes_2020-10-01.pdf is up to date
2026-09-07 00:42:49,987 - INFO - No change - voting_minutes_2020-09-17.pdf is up to date
2026-09-07 00:42:50,308 - INFO - No change - voting_minutes_2020-09-10.pdf is up to date
2026-09-07 00:42:50,628 - INFO - No change - voting_minutes_2020-09-10.pdf is up to date
2026-09-07 00:42:50,933 - INFO - No change - voting_minutes_2020-08-20.pdf is up to date
2026-09-07 00:42:51,205 - INFO - No change - voting_minutes_2020-08-13.pdf is up to date
2026-09-07 00:42:51,680 - INFO - No change - voting_minutes_2020-07-30.pdf is up to date
2026-09-07 00:42:52,042 - INFO - No change - voting_minutes_2020-07-16.pdf is up to date
2026-09-07 00:42:52,372 - INFO - No change - voting_minutes_2020-06-04.pdf is up to date
2026-09-07 00:42:52,684 - INFO - No change - voting_minutes_2020-05-28.pdf is up to date
2026-09-07 00:42:52,861 - INFO - No change - voting_minutes_2020-05-21.pdf is up to date
2026-09-07 00:42:53,177 - INFO - No change - voting_minutes_2020-05-14.pdf is up to date
2026-09-07 00:42:53,579 - INFO - No change - voting_minutes_2020-05-07.pdf is up to date
2026-09-07 00:42:53,958 - INFO - No change - voting_minutes_2020-04-23.pdf is up to date
2026-09-07 00:42:54,256 - INFO - No change - voting_minutes_2020-04-30.pdf is up to date
2026-09-07 00:42:54,257 - INFO - Download process completed.
2026-09-07 00:42:54,257 - INFO - Application finished successfully.
2026-09-07 00:42:54,257 - INFO - Total runtime: 0 minutes 51.60 seconds
2026-09-14 00:42:16,198 - INFO - Starting Licensing Board Scraper Application
2026-09-14 00:42:16,198 - INFO - Initializing Scraper Service...
2026-09-14 00:42:16,198 - INFO - Fetching https://www.boston.gov/departments/licensing-board/licensing-board-information-and-members...
2026-09-14 00:42:17,972 - INFO - Parsing links...
2026-09-14 00:42:18,068 - INFO - Saving 445 video links to /home/runner/work/boston-liquor-license-tracker/boston-liquor-license-tracker/scraper/scrape/data/hearing_video_links.json...
2026-09-14 00:42:18,080 - INFO - Saved data to /home/runner/work/boston-liquor-license-tracker/boston-liquor-license-tracker/scraper/scrape/data/hearing_video_links.json
2026-09-14 00:42:18,080 - INFO - Extracting dates...
2026-09-14 00:42:18,083 - INFO - Saving 155 minutes links...
2026-09-14 00:42:18,085 - INFO - Saved data to /home/runner/work/boston-liquor-license-tracker/boston-liquor-license-tracker/scraper/scrape/data/voting_minutes_links.json
2026-09-14 00:42:18,085 - INFO - Link stats:
2026-09-14 00:42:18,085 - INFO - total_links: 660
2026-09-14 00:42:18,085 - INFO - client_side_links: 16
2026-09-14 00:42:18,085 - INFO - excluded_links: 44
2026-09-14 00:42:18,085 - INFO - video_links: 445
2026-09-14 00:42:18,085 - INFO - minutes_links: 155
2026-09-14 00:42:18,085 - INFO - Stats logged to /home/runner/work/boston-liquor-license-tracker/boston-liquor-license-tracker/scraper/scrape/data/link_stats_log.csv
2026-09-14 00:42:18,085 - INFO - Scraping completed.
2026-09-14 00:42:18,086 - INFO - Initializing Downloader Service with download_dir: ./data/voting_minutes_pdfs
2026-09-14 00:42:18,086 - INFO - Starting download process...
2026-09-14 00:42:18,425 - INFO - No change - voting_minutes_2026-01-08.pdf is up to date
2026-09-14 00:42:18,959 - INFO - No change - voting_minutes_2026-01-29.pdf is up to date
2026-09-14 00:42:19,291 - INFO - No change - voting_minutes_2026-02-12.pdf is up to date
2026-09-14 00:42:19,772 - INFO - No change - voting_minutes_2026-03-05.pdf is up to date
2026-09-14 00:42:20,170 - INFO - No change - voting_minutes_2026-03-26.pdf is up to date
2026-09-14 00:42:20,416 - INFO - No change - voting_minutes_2026-04-09.pdf is up to date
2026-09-14 00:42:20,781 - INFO - No change - voting_minutes_2026-04-30.pdf is up to date
2026-09-14 00:42:20,970 - INFO - No change - voting_minutes_2026-05-07.pdf is up to date
2026-09-14 00:42:21,171 - INFO - No change - voting_minutes_2026-05-21.pdf is up to date
2026-09-14 00:42:21,409 - INFO - No change - voting_minutes_2026-06-04.pdf is up to date
2026-09-14 00:42:21,649 - INFO - No change - voting_minutes_2026-06-25.pdf is up to date
2026-09-14 00:42:21,891 - INFO - No change - voting_minutes_2026-07-16.pdf is up to date
2026-09-14 00:42:22,134 - INFO - No change - voting_minutes_2026-08-06.pdf is up to date
2026-09-14 00:42:22,322 - INFO - No change - voting_minutes_2026-08-18.pdf is up to date
2026-09-14 00:42:22,568 - INFO - No change - voting_minutes_2026-08-27.pdf is up to date
2026-09-14 00:42:22,865 - INFO - No change - voting_minutes_2026-09-03.pdf is up to date
2026-09-14 00:42:23,125 - INFO - No change - voting_minutes_2025-01-09.pdf is up to date
2026-09-14 00:42:23,378 - INFO - No change - voting_minutes_2025-01-16.pdf is up to date
2026-09-14 00:42:23,578 - INFO - No change - voting_minutes_2025-01-23.pdf is up to date
2026-09-14 00:42:23,767 - INFO - No change - voting_minutes_2025-02-13.pdf is up to date
2026-09-14 00:42:24,008 - INFO - No change - voting_minutes_2025-02-27.pdf is up to date
2026-09-14 00:42:24,363 - INFO - No change - voting_minutes_2025-03-06.pdf is up to date
2026-09-14 00:42:24,596 - INFO - No change - voting_minutes_2025-03-27.pdf is up to date
2026-09-14 00:42:24,802 - INFO - No change - voting_minutes_2025-04-03.pdf is up to date
2026-09-14 00:42:25,045 - INFO - No change - voting_minutes_2025-04-17.pdf is up to date
2026-09-14 00:42:25,529 - INFO - No change - voting_minutes_2025-05-01.pdf is up to date
2026-09-14 00:42:25,768 - INFO - No change - voting_minutes_2025-05-15.pdf is up to date
2026-09-14 00:42:25,975 - INFO - No change - voting_minutes_2025-05-29.pdf is up to date
2026-09-14 00:42:26,252 - INFO - No change - voting_minutes_2025-06-05.pdf is up to date
2026-09-14 00:42:26,656 - INFO - No change - voting_minutes_2025-06-26.pdf is up to date
2026-09-14 00:42:26,892 - INFO - No change - voting_minutes_2025-07-17.pdf is up to date
2026-09-14 00:42:27,383 - INFO - No change - voting_minutes_2025-07-31.pdf is up to date
2026-09-14 00:42:27,641 - INFO - No change - voting_minutes_2025-08-07.pdf is up to date
2026-09-14 00:42:27,967 - INFO - No change - voting_minutes_2025-08-28.pdf is up to date
2026-09-14 00:42:28,207 - INFO - No change - voting_minutes_2025-09-18.pdf is up to date
2026-09-14 00:42:28,455 - INFO - No change - voting_minutes_2025-10-23.pdf is up to date
2026-09-14 00:42:30,124 - INFO - No change - voting_minutes_yyyy-11-06.pdf is up to date
2026-09-14 00:42:31,863 - INFO - No change - voting_minutes_yyyy-11-20.pdf is up to date
2026-09-14 00:42:32,164 - INFO - No change - voting_minutes_2025-12-04.pdf is up to date
2026-09-14 00:42:32,444 - INFO - No change - voting_minutes_2025-12-18.pdf is up to date
2026-09-14 00:42:32,654 - INFO - No change - voting_minutes_2024-01-04.pdf is up to date
2026-09-14 00:42:32,881 - INFO - No change - voting_minutes_2024-02-01.pdf is up to date
2026-09-14 00:42:33,099 - INFO - No change - voting_minutes_2024-02-08.pdf is up to date
2026-09-14 00:42:33,296 - INFO - No change - voting_minutes_2024-02-29.pdf is up to date
2026-09-14 00:42:33,511 - INFO - No change - voting_minutes_2024-03-07.pdf is up to date
2026-09-14 00:42:33,795 - INFO - No change - voting_minutes_2024-03-28.pdf is up to date
2026-09-14 00:42:33,998 - INFO - No change - voting_minutes_2024-04-04.pdf is up to date
2026-09-14 00:42:34,187 - INFO - No change - voting_minutes_2024-04-25.pdf is up to date
2026-09-14 00:42:34,380 - INFO - No change - voting_minutes_2024-05-01.pdf is up to date
2026-09-14 00:42:34,561 - INFO - No change - voting_minutes_2024-05-23.pdf is up to date
2026-09-14 00:42:34,734 - INFO - No change - voting_minutes_2024-06-06.pdf is up to date
2026-09-14 00:42:35,121 - INFO - No change - voting_minutes_2024-06-26.pdf is up to date
2026-09-14 00:42:35,349 - INFO - No change - voting_minutes_2024-07-11.pdf is up to date
2026-09-14 00:42:35,547 - INFO - No change - voting_minutes_2024-08-01.pdf is up to date
2026-09-14 00:42:35,775 - INFO - No change - voting_minutes_2024-08-08.pdf is up to date
2026-09-14 00:42:35,975 - INFO - No change - voting_minutes_2024-08-22.pdf is up to date
2026-09-14 00:42:36,215 - INFO - No change - voting_minutes_2024-09-12.pdf is up to date
2026-09-14 00:42:36,431 - INFO - No change - voting_minutes_2024-09-26.pdf is up to date
2026-09-14 00:42:36,613 - INFO - No change - voting_minutes_2024-10-17.pdf is up to date
2026-09-14 00:42:36,836 - INFO - No change - voting_minutes_2024-10-31.pdf is up to date
2026-09-14 00:42:37,049 - INFO - No change - voting_minutes_2024-11-14.pdf is up to date
2026-09-14 00:42:37,260 - INFO - No change - voting_minutes_2024-11-21.pdf is up to date
2026-09-14 00:42:37,456 - INFO - No change - voting_minutes_2024-12-12.pdf is up to date
2026-09-14 00:42:37,641 - INFO - No change - voting_minutes_2023-01-05.pdf is up to date
2026-09-14 00:42:37,835 - INFO - No change - voting_minutes_2023-01-25.pdf is up to date
2026-09-14 00:42:38,049 - INFO - No change - voting_minutes_2023-02-02.pdf is up to date
2026-09-14 00:42:38,223 - INFO - No change - voting_minutes_2023-02-16.pdf is up to date
2026-09-14 00:42:38,443 - INFO - No change - voting_minutes_2023-03-08.pdf is up to date
2026-09-14 00:42:38,667 - INFO - No change - voting_minutes_2023-03-30.pdf is up to date
2026-09-14 00:42:38,877 - INFO - No change - voting_minutes_2023-04-06.pdf is up to date
2026-09-14 00:42:39,084 - INFO - No change - voting_minutes_2023-04-27.pdf is up to date
2026-09-14 00:42:39,298 - INFO - No change - voting_minutes_2023-05-04.pdf is up to date
2026-09-14 00:42:39,497 - INFO - No change - voting_minutes_2023-05-25.pdf is up to date
2026-09-14 00:42:39,732 - INFO - No change - voting_minutes_2023-06-08.pdf is up to date
2026-09-14 00:42:40,013 - INFO - No change - voting_minutes_2023-06-29.pdf is up to date
2026-09-14 00:42:40,350 - INFO - No change - voting_minutes_2023-07-20.pdf is up to date
2026-09-14 00:42:40,567 - INFO - No change - voting_minutes_2023-08-17.pdf is up to date
2026-09-14 00:42:40,745 - INFO - No change - voting_minutes_2023-09-14.pdf is up to date
2026-09-14 00:42:40,950 - INFO - No change - voting_minutes_2023-09-28.pdf is up to date
2026-09-14 00:42:41,137 - INFO - No change - voting_minutes_2023-10-04.pdf is up to date
2026-09-14 00:42:41,336 - INFO - No change - voting_minutes_2023-10-26.pdf is up to date
2026-09-14 00:42:41,536 - INFO - No change - voting_minutes_2023-11-02.pdf is up to date
2026-09-14 00:42:41,797 - INFO - No change - voting_minutes_2023-11-16.pdf is up to date
2026-09-14 00:42:42,035 - INFO - No change - voting_minutes_2023-12-14.pdf is up to date
2026-09-14 00:42:42,247 - INFO - No change - voting_minutes_2022-01-06.pdf is up to date
2026-09-14 00:42:42,460 - INFO - No change - voting_minutes_2022-01-20.pdf is up to date
2026-09-14 00:42:42,728 - INFO - No change - voting_minutes_2022-01-27.pdf is up to date
2026-09-14 00:42:42,918 - INFO - No change - voting_minutes_2022-02-03.pdf is up to date
2026-09-14 00:42:43,149 - INFO - No change - voting_minutes_2022-02-17.pdf is up to date
2026-09-14 00:42:43,370 - INFO - No change - voting_minutes_2022-03-03.pdf is up to date
2026-09-14 00:42:43,598 - INFO - No change - voting_minutes_2022-03-24.pdf is up to date
2026-09-14 00:42:43,811 - INFO - No change - voting_minutes_2022-04-07.pdf is up to date
2026-09-14 00:42:44,024 - INFO - No change - voting_minutes_2022-04-28.pdf is up to date
2026-09-14 00:42:44,209 - INFO - No change - voting_minutes_2022-05-05.pdf is up to date
2026-09-14 00:42:44,448 - INFO - No change - voting_minutes_2022-05-26.pdf is up to date
2026-09-14 00:42:44,629 - INFO - No change - voting_minutes_2022-06-08.pdf is up to date
2026-09-14 00:42:44,842 - INFO - No change - voting_minutes_2022-06-30.pdf is up to date
2026-09-14 00:42:45,073 - INFO - No change - voting_minutes_2022-07-14.pdf is up to date
2026-09-14 00:42:45,287 - INFO - No change - voting_minutes_2022-07-28.pdf is up to date
2026-09-14 00:42:45,472 - INFO - No change - voting_minutes_2022-08-04.pdf is up to date
2026-09-14 00:42:45,694 - INFO - No change - voting_minutes_2022-08-25.pdf is up to date
2026-09-14 00:42:45,900 - INFO - No change - voting_minutes_2022-09-15.pdf is up to date
2026-09-14 00:42:46,117 - INFO - No change - voting_minutes_2022-09-29.pdf is up to date
2026-09-14 00:42:46,295 - INFO - No change - voting_minutes_2022-10-06.pdf is up to date
2026-09-14 00:42:46,511 - INFO - No change - voting_minutes_2022-10-26.pdf is up to date
2026-09-14 00:42:46,685 - INFO - No change - voting_minutes_2022-11-03.pdf is up to date
2026-09-14 00:42:46,941 - INFO - No change - voting_minutes_2022-11-17.pdf is up to date
2026-09-14 00:42:47,171 - INFO - No change - voting_minutes_2022-12-15.pdf is up to date
2026-09-14 00:42:47,383 - INFO - No change - voting_minutes_2021-01-21.pdf is up to date
2026-09-14 00:42:47,569 - INFO - No change - voting_minutes_2021-01-28.pdf is up to date
2026-09-14 00:42:47,734 - INFO - No change - voting_minutes_2021-02-04.pdf is up to date
2026-09-14 00:42:47,939 - INFO - No change - voting_minutes_2021-02-25.pdf is up to date
2026-09-14 00:42:48,135 - INFO - No change - voting_minutes_2021-03-04.pdf is up to date
2026-09-14 00:42:48,328 - INFO - No change - voting_minutes_2021-04-01.pdf is up to date
2026-09-14 00:42:48,506 - INFO - No change - voting_minutes_yyyy-mm-dd.pdf is up to date
2026-09-14 00:42:48,683 - INFO - No change - voting_minutes_2021-04-08.pdf is up to date
2026-09-14 00:42:48,861 - INFO - No change - voting_minutes_yyyy-mm-dd.pdf is up to date
2026-09-14 00:42:49,070 - INFO - No change - voting_minutes_2021-04-20.pdf is up to date
2026-09-14 00:42:49,247 - INFO - No change - voting_minutes_2021-04-29.pdf is up to date
2026-09-14 00:42:49,439 - INFO - No change - voting_minutes_2021-05-06.pdf is up to date
2026-09-14 00:42:49,610 - INFO - No change - voting_minutes_2021-05-27.pdf is up to date
2026-09-14 00:42:49,856 - INFO - No change - voting_minutes_2021-06-03.pdf is up to date
2026-09-14 00:42:50,089 - INFO - No change - voting_minutes_2021-06-24.pdf is up to date
2026-09-14 00:42:50,318 - INFO - No change - voting_minutes_2021-07-01.pdf is up to date
2026-09-14 00:42:50,572 - INFO - No change - voting_minutes_2021-07-29.pdf is up to date
2026-09-14 00:42:50,798 - INFO - No change - voting_minutes_2021-08-09.pdf is up to date
2026-09-14 00:42:51,111 - INFO - No change - voting_minutes_2021-08-26.pdf is up to date
2026-09-14 00:42:51,358 - INFO - No change - voting_minutes_2021-09-02.pdf is up to date
2026-09-14 00:42:51,577 - INFO - No change - voting_minutes_2021-09-30.pdf is up to date
2026-09-14 00:42:51,750 - INFO - No change - voting_minutes_2021-10-07.pdf is up to date
2026-09-14 00:42:51,956 - INFO - No change - voting_minutes_2021-10-28.pdf is up to date
2026-09-14 00:42:52,134 - INFO - No change - voting_minutes_2021-11-04.pdf is up to date
2026-09-14 00:42:52,365 - INFO - No change - voting_minutes_2021-11-18.pdf is up to date
2026-09-14 00:42:52,581 - INFO - No change - voting_minutes_2021-12-02.pdf is up to date
2026-09-14 00:42:52,814 - INFO - No change - voting_minutes_2021-12-16.pdf is up to date
2026-09-14 00:42:52,992 - INFO - No change - voting_minutes_2020-12-23.pdf is up to date
2026-09-14 00:42:53,229 - INFO - No change - voting_minutes_2020-12-03.pdf is up to date
2026-09-14 00:42:53,455 - INFO - No change - voting_minutes_2020-11-05.pdf is up to date
2026-09-14 00:42:53,673 - INFO - No change - voting_minutes_2020-10-29.pdf is up to date
2026-09-14 00:42:53,833 - INFO - No change - voting_minutes_2020-10-08.pdf is up to date
2026-09-14 00:42:54,082 - INFO - No change - voting_minutes_2020-10-01.pdf is up to date
2026-09-14 00:42:54,266 - INFO - No change - voting_minutes_2020-09-17.pdf is up to date
2026-09-14 00:42:54,443 - INFO - No change - voting_minutes_2020-09-10.pdf is up to date
2026-09-14 00:42:54,621 - INFO - No change - voting_minutes_2020-09-10.pdf is up to date
2026-09-14 00:42:54,789 - INFO - No change - voting_minutes_2020-08-20.pdf is up to date
2026-09-14 00:42:55,000 - INFO - No change - voting_minutes_2020-08-13.pdf is up to date
2026-09-14 00:42:55,178 - INFO - No change - voting_minutes_2020-07-30.pdf is up to date
2026-09-14 00:42:55,429 - INFO - No change - voting_minutes_2020-07-16.pdf is up to date
2026-09-14 00:42:55,637 - INFO - No change - voting_minutes_2020-06-04.pdf is up to date
2026-09-14 00:42:55,823 - INFO - No change - voting_minutes_2020-05-28.pdf is up to date
2026-09-14 00:42:55,993 - INFO - No change - voting_minutes_2020-05-21.pdf is up to date
2026-09-14 00:42:56,177 - INFO - No change - voting_minutes_2020-05-14.pdf is up to date
2026-09-14 00:42:56,405 - INFO - No change - voting_minutes_2020-05-07.pdf is up to date
2026-09-14 00:42:56,610 - INFO - No change - voting_minutes_2020-04-23.pdf is up to date
2026-09-14 00:42:56,820 - INFO - No change - voting_minutes_2020-04-30.pdf is up to date
2026-09-14 00:42:56,821 - INFO - Download process completed.
2026-09-14 00:42:56,821 - INFO - Application finished successfully.
2026-09-14 00:42:56,821 - INFO - Total runtime: 0 minutes 40.62 seconds
2026-09-21 00:41:40,757 - INFO - Starting Licensing Board Scraper Application
2026-09-21 00:41:40,757 - INFO - Initializing Scraper Service...
2026-09-21 00:41:40,758 - INFO - Fetching https://www.boston.gov/departments/licensing-board/licensing-board-information-and-members...
2026-09-21 00:41:42,849 - INFO - Parsing links...
2026-09-21 00:41:42,900 - INFO - Saving 445 video links to /home/runner/work/boston-liquor-license-tracker/boston-liquor-license-tracker/scraper/scrape/data/hearing_video_links.json...
2026-09-21 00:41:42,901 - INFO - Saved data to /home/runner/work/boston-liquor-license-tracker/boston-liquor-license-tracker/scraper/scrape/data/hearing_video_links.json
2026-09-21 00:41:42,901 - INFO - Extracting dates...
2026-09-21 00:41:42,903 - INFO - Saving 155 minutes links...
2026-09-21 00:41:42,903 - INFO - Saved data to /home/runner/work/boston-liquor-license-tracker/boston-liquor-license-tracker/scraper/scrape/data/voting_minutes_links.json
2026-09-21 00:41:42,903 - INFO - Link stats:
2026-09-21 00:41:42,903 - INFO - total_links: 660
2026-09-21 00:41:42,903 - INFO - client_side_links: 16
2026-09-21 00:41:42,903 - INFO - excluded_links: 44
2026-09-21 00:41:42,904 - INFO - video_links: 445
2026-09-21 00:41:42,904 - INFO - minutes_links: 155
2026-09-21 00:41:42,904 - INFO - Stats logged to /home/runner/work/boston-liquor-license-tracker/boston-liquor-license-tracker/scraper/scrape/data/link_stats_log.csv
2026-09-21 00:41:42,904 - INFO - Scraping completed.
2026-09-21 00:41:42,904 - INFO - Initializing Downloader Service with download_dir: ./data/voting_minutes_pdfs
2026-09-21 00:41:42,904 - INFO - Starting download process...
2026-09-21 00:41:43,513 - INFO - No change - voting_minutes_2026-01-08.pdf is up to date
2026-09-21 00:41:44,391 - INFO - No change - voting_minutes_2026-01-29.pdf is up to date
2026-09-21 00:41:44,939 - INFO - No change - voting_minutes_2026-02-12.pdf is up to date
2026-09-21 00:41:45,447 - INFO - No change - voting_minutes_2026-03-05.pdf is up to date
2026-09-21 00:41:46,196 - INFO - No change - voting_minutes_2026-03-26.pdf is up to date
2026-09-21 00:41:46,768 - INFO - No change - voting_minutes_2026-04-09.pdf is up to date
2026-09-21 00:41:47,188 - INFO - No change - voting_minutes_2026-04-30.pdf is up to date
2026-09-21 00:41:47,700 - INFO - No change - voting_minutes_2026-05-07.pdf is up to date
2026-09-21 00:41:48,173 - INFO - No change - voting_minutes_2026-05-21.pdf is up to date
2026-09-21 00:41:48,729 - INFO - No change - voting_minutes_2026-06-04.pdf is up to date
2026-09-21 00:41:49,359 - INFO - No change - voting_minutes_2026-06-25.pdf is up to date
2026-09-21 00:41:49,862 - INFO - No change - voting_minutes_2026-07-16.pdf is up to date
2026-09-21 00:41:50,616 - INFO - No change - voting_minutes_2026-08-06.pdf is up to date
2026-09-21 00:41:51,083 - INFO - No change - voting_minutes_2026-08-18.pdf is up to date
2026-09-21 00:41:51,707 - INFO - No change - voting_minutes_2026-08-27.pdf is up to date
2026-09-21 00:41:52,094 - INFO - No change - voting_minutes_2026-09-03.pdf is up to date
2026-09-21 00:41:52,466 - INFO - No change - voting_minutes_2025-01-09.pdf is up to date
2026-09-21 00:41:53,085 - INFO - No change - voting_minutes_2025-01-16.pdf is up to date
2026-09-21 00:41:53,470 - INFO - No change - voting_minutes_2025-01-23.pdf is up to date
2026-09-21 00:41:53,761 - INFO - No change - voting_minutes_2025-02-13.pdf is up to date
2026-09-21 00:41:54,306 - INFO - No change - voting_minutes_2025-02-27.pdf is up to date
2026-09-21 00:41:54,771 - INFO - No change - voting_minutes_2025-03-06.pdf is up to date
2026-09-21 00:41:55,081 - INFO - No change - voting_minutes_2025-03-27.pdf is up to date
2026-09-21 00:41:55,516 - INFO - No change - voting_minutes_2025-04-03.pdf is up to date
2026-09-21 00:41:55,805 - INFO - No change - voting_minutes_2025-04-17.pdf is up to date
2026-09-21 00:41:56,233 - INFO - No change - voting_minutes_2025-05-01.pdf is up to date
2026-09-21 00:41:56,692 - INFO - No change - voting_minutes_2025-05-15.pdf is up to date
2026-09-21 00:41:57,134 - INFO - No change - voting_minutes_2025-05-29.pdf is up to date
2026-09-21 00:41:57,399 - INFO - No change - voting_minutes_2025-06-05.pdf is up to date
2026-09-21 00:41:57,885 - INFO - No change - voting_minutes_2025-06-26.pdf is up to date
2026-09-21 00:41:58,205 - INFO - No change - voting_minutes_2025-07-17.pdf is up to date
2026-09-21 00:41:58,651 - INFO - No change - voting_minutes_2025-07-31.pdf is up to date
2026-09-21 00:41:59,179 - INFO - No change - voting_minutes_2025-08-07.pdf is up to date
2026-09-21 00:41:59,761 - INFO - No change - voting_minutes_2025-08-28.pdf is up to date
2026-09-21 00:42:00,008 - INFO - No change - voting_minutes_2025-09-18.pdf is up to date
2026-09-21 00:42:00,648 - INFO - No change - voting_minutes_2025-10-23.pdf is up to date
2026-09-21 00:42:02,366 - INFO - No change - voting_minutes_yyyy-11-06.pdf is up to date
2026-09-21 00:42:03,911 - INFO - No change - voting_minutes_yyyy-11-20.pdf is up to date
2026-09-21 00:42:04,398 - INFO - No change - voting_minutes_2025-12-04.pdf is up to date
2026-09-21 00:42:04,856 - INFO - No change - voting_minutes_2025-12-18.pdf is up to date
2026-09-21 00:42:05,335 - INFO - No change - voting_minutes_2024-01-04.pdf is up to date
2026-09-21 00:42:05,767 - INFO - No change - voting_minutes_2024-02-01.pdf is up to date
2026-09-21 00:42:06,173 - INFO - No change - voting_minutes_2024-02-08.pdf is up to date
2026-09-21 00:42:06,430 - INFO - No change - voting_minutes_2024-02-29.pdf is up to date
2026-09-21 00:42:06,897 - INFO - No change - voting_minutes_2024-03-07.pdf is up to date
2026-09-21 00:42:07,268 - INFO - No change - voting_minutes_2024-03-28.pdf is up to date
2026-09-21 00:42:07,669 - INFO - No change - voting_minutes_2024-04-04.pdf is up to date
2026-09-21 00:42:08,098 - INFO - No change - voting_minutes_2024-04-25.pdf is up to date
2026-09-21 00:42:08,510 - INFO - No change - voting_minutes_2024-05-01.pdf is up to date
2026-09-21 00:42:08,867 - INFO - No change - voting_minutes_2024-05-23.pdf is up to date
2026-09-21 00:42:09,290 - INFO - No change - voting_minutes_2024-06-06.pdf is up to date
2026-09-21 00:42:09,680 - INFO - No change - voting_minutes_2024-06-26.pdf is up to date
2026-09-21 00:42:10,048 - INFO - No change - voting_minutes_2024-07-11.pdf is up to date
2026-09-21 00:42:10,430 - INFO - No change - voting_minutes_2024-08-01.pdf is up to date
2026-09-21 00:42:10,991 - INFO - No change - voting_minutes_2024-08-08.pdf is up to date
2026-09-21 00:42:11,482 - INFO - No change - voting_minutes_2024-08-22.pdf is up to date
2026-09-21 00:42:11,879 - INFO - No change - voting_minutes_2024-09-12.pdf is up to date
2026-09-21 00:42:12,263 - INFO - No change - voting_minutes_2024-09-26.pdf is up to date
2026-09-21 00:42:12,662 - INFO - No change - voting_minutes_2024-10-17.pdf is up to date
2026-09-21 00:42:13,106 - INFO - No change - voting_minutes_2024-10-31.pdf is up to date
2026-09-21 00:42:13,433 - INFO - No change - voting_minutes_2024-11-14.pdf is up to date
2026-09-21 00:42:13,928 - INFO - No change - voting_minutes_2024-11-21.pdf is up to date
2026-09-21 00:42:14,286 - INFO - No change - voting_minutes_2024-12-12.pdf is up to date
2026-09-21 00:42:14,645 - INFO - No change - voting_minutes_2023-01-05.pdf is up to date
2026-09-21 00:42:15,083 - INFO - No change - voting_minutes_2023-01-25.pdf is up to date
2026-09-21 00:42:15,468 - INFO - No change - voting_minutes_2023-02-02.pdf is up to date
2026-09-21 00:42:15,882 - INFO - No change - voting_minutes_2023-02-16.pdf is up to date
2026-09-21 00:42:16,257 - INFO - No change - voting_minutes_2023-03-08.pdf is up to date
2026-09-21 00:42:16,681 - INFO - No change - voting_minutes_2023-03-30.pdf is up to date
2026-09-21 00:42:17,144 - INFO - No change - voting_minutes_2023-04-06.pdf is up to date
2026-09-21 00:42:17,513 - INFO - No change - voting_minutes_2023-04-27.pdf is up to date
2026-09-21 00:42:17,883 - INFO - No change - voting_minutes_2023-05-04.pdf is up to date
2026-09-21 00:42:18,263 - INFO - No change - voting_minutes_2023-05-25.pdf is up to date
2026-09-21 00:42:18,661 - INFO - No change - voting_minutes_2023-06-08.pdf is up to date
2026-09-21 00:42:19,187 - INFO - No change - voting_minutes_2023-06-29.pdf is up to date
2026-09-21 00:42:19,572 - INFO - No change - voting_minutes_2023-07-20.pdf is up to date
2026-09-21 00:42:19,811 - INFO - No change - voting_minutes_2023-08-17.pdf is up to date
2026-09-21 00:42:20,375 - INFO - No change - voting_minutes_2023-09-14.pdf is up to date
2026-09-21 00:42:20,836 - INFO - No change - voting_minutes_2023-09-28.pdf is up to date
2026-09-21 00:42:21,245 - INFO - No change - voting_minutes_2023-10-04.pdf is up to date
2026-09-21 00:42:21,679 - INFO - No change - voting_minutes_2023-10-26.pdf is up to date
2026-09-21 00:42:21,947 - INFO - No change - voting_minutes_2023-11-02.pdf is up to date
2026-09-21 00:42:22,317 - INFO - No change - voting_minutes_2023-11-16.pdf is up to date
2026-09-21 00:42:22,683 - INFO - No change - voting_minutes_2023-12-14.pdf is up to date
2026-09-21 00:42:22,961 - INFO - No change - voting_minutes_2022-01-06.pdf is up to date
2026-09-21 00:42:23,319 - INFO - No change - voting_minutes_2022-01-20.pdf is up to date
2026-09-21 00:42:23,724 - INFO - No change - voting_minutes_2022-01-27.pdf is up to date
2026-09-21 00:42:24,078 - INFO - No change - voting_minutes_2022-02-03.pdf is up to date
2026-09-21 00:42:24,550 - INFO - No change - voting_minutes_2022-02-17.pdf is up to date
2026-09-21 00:42:24,992 - INFO - No change - voting_minutes_2022-03-03.pdf is up to date
2026-09-21 00:42:25,417 - INFO - No change - voting_minutes_2022-03-24.pdf is up to date
2026-09-21 00:42:25,837 - INFO - No change - voting_minutes_2022-04-07.pdf is up to date
2026-09-21 00:42:26,122 - INFO - No change - voting_minutes_2022-04-28.pdf is up to date
2026-09-21 00:42:26,482 - INFO - No change - voting_minutes_2022-05-05.pdf is up to date
2026-09-21 00:42:27,087 - INFO - No change - voting_minutes_2022-05-26.pdf is up to date
2026-09-21 00:42:27,474 - INFO - No change - voting_minutes_2022-06-08.pdf is up to date
2026-09-21 00:42:27,833 - INFO - No change - voting_minutes_2022-06-30.pdf is up to date
2026-09-21 00:42:28,155 - INFO - No change - voting_minutes_2022-07-14.pdf is up to date
2026-09-21 00:42:28,658 - INFO - No change - voting_minutes_2022-07-28.pdf is up to date
2026-09-21 00:42:28,975 - INFO - No change - voting_minutes_2022-08-04.pdf is up to date
2026-09-21 00:42:29,398 - INFO - No change - voting_minutes_2022-08-25.pdf is up to date
2026-09-21 00:42:29,788 - INFO - No change - voting_minutes_2022-09-15.pdf is up to date
2026-09-21 00:42:30,233 - INFO - No change - voting_minutes_2022-09-29.pdf is up to date
2026-09-21 00:42:30,735 - INFO - No change - voting_minutes_2022-10-06.pdf is up to date
2026-09-21 00:42:31,168 - INFO - No change - voting_minutes_2022-10-26.pdf is up to date
2026-09-21 00:42:31,587 - INFO - No change - voting_minutes_2022-11-03.pdf is up to date
2026-09-21 00:42:31,964 - INFO - No change - voting_minutes_2022-11-17.pdf is up to date
2026-09-21 00:42:32,392 - INFO - No change - voting_minutes_2022-12-15.pdf is up to date
2026-09-21 00:42:32,997 - INFO - No change - voting_minutes_2021-01-21.pdf is up to date
2026-09-21 00:42:33,495 - INFO - No change - voting_minutes_2021-01-28.pdf is up to date
2026-09-21 00:42:33,897 - INFO - No change - voting_minutes_2021-02-04.pdf is up to date
2026-09-21 00:42:34,259 - INFO - No change - voting_minutes_2021-02-25.pdf is up to date
2026-09-21 00:42:34,631 - INFO - No change - voting_minutes_2021-03-04.pdf is up to date
2026-09-21 00:42:35,010 - INFO - No change - voting_minutes_2021-04-01.pdf is up to date
2026-09-21 00:42:35,399 - INFO - No change - voting_minutes_yyyy-mm-dd.pdf is up to date
2026-09-21 00:42:35,751 - INFO - No change - voting_minutes_2021-04-08.pdf is up to date
2026-09-21 00:42:36,142 - INFO - No change - voting_minutes_yyyy-mm-dd.pdf is up to date
2026-09-21 00:42:36,471 - INFO - No change - voting_minutes_2021-04-20.pdf is up to date
2026-09-21 00:42:36,845 - INFO - No change - voting_minutes_2021-04-29.pdf is up to date
2026-09-21 00:42:37,197 - INFO - No change - voting_minutes_2021-05-06.pdf is up to date
2026-09-21 00:42:37,741 - INFO - No change - voting_minutes_2021-05-27.pdf is up to date
2026-09-21 00:42:38,079 - INFO - No change - voting_minutes_2021-06-03.pdf is up to date
2026-09-21 00:42:38,436 - INFO - No change - voting_minutes_2021-06-24.pdf is up to date
2026-09-21 00:42:38,804 - INFO - No change - voting_minutes_2021-07-01.pdf is up to date
2026-09-21 00:42:39,040 - INFO - No change - voting_minutes_2021-07-29.pdf is up to date
2026-09-21 00:42:39,388 - INFO - No change - voting_minutes_2021-08-09.pdf is up to date
2026-09-21 00:42:39,922 - INFO - No change - voting_minutes_2021-08-26.pdf is up to date
2026-09-21 00:42:40,438 - INFO - No change - voting_minutes_2021-09-02.pdf is up to date
2026-09-21 00:42:40,963 - INFO - No change - voting_minutes_2021-09-30.pdf is up to date
2026-09-21 00:42:41,444 - INFO - No change - voting_minutes_2021-10-07.pdf is up to date
2026-09-21 00:42:41,835 - INFO - No change - voting_minutes_2021-10-28.pdf is up to date
2026-09-21 00:42:42,098 - INFO - No change - voting_minutes_2021-11-04.pdf is up to date
2026-09-21 00:42:42,472 - INFO - No change - voting_minutes_2021-11-18.pdf is up to date
2026-09-21 00:42:42,868 - INFO - No change - voting_minutes_2021-12-02.pdf is up to date
2026-09-21 00:42:43,157 - INFO - No change - voting_minutes_2021-12-16.pdf is up to date
2026-09-21 00:42:43,731 - INFO - No change - voting_minutes_2020-12-23.pdf is up to date
2026-09-21 00:42:44,123 - INFO - No change - voting_minutes_2020-12-03.pdf is up to date
2026-09-21 00:42:44,455 - INFO - No change - voting_minutes_2020-11-05.pdf is up to date
2026-09-21 00:42:44,797 - INFO - No change - voting_minutes_2020-10-29.pdf is up to date
2026-09-21 00:42:45,177 - INFO - No change - voting_minutes_2020-10-08.pdf is up to date
2026-09-21 00:42:45,608 - INFO - No change - voting_minutes_2020-10-01.pdf is up to date
2026-09-21 00:42:45,973 - INFO - No change - voting_minutes_2020-09-17.pdf is up to date
2026-09-21 00:42:46,332 - INFO - No change - voting_minutes_2020-09-10.pdf is up to date
2026-09-21 00:42:46,685 - INFO - No change - voting_minutes_2020-09-10.pdf is up to date
2026-09-21 00:42:46,966 - INFO - No change - voting_minutes_2020-08-20.pdf is up to date
2026-09-21 00:42:47,316 - INFO - No change - voting_minutes_2020-08-13.pdf is up to date
2026-09-21 00:42:47,711 - INFO - No change - voting_minutes_2020-07-30.pdf is up to date
2026-09-21 00:42:48,105 - INFO - No change - voting_minutes_2020-07-16.pdf is up to date
2026-09-21 00:42:48,480 - INFO - No change - voting_minutes_2020-06-04.pdf is up to date
2026-09-21 00:42:48,783 - INFO - No change - voting_minutes_2020-05-28.pdf is up to date
2026-09-21 00:42:49,163 - INFO - No change - voting_minutes_2020-05-21.pdf is up to date
2026-09-21 00:42:49,549 - INFO - No change - voting_minutes_2020-05-14.pdf is up to date
2026-09-21 00:42:49,950 - INFO - No change - voting_minutes_2020-05-07.pdf is up to date
2026-09-21 00:42:50,361 - INFO - No change - voting_minutes_2020-04-23.pdf is up to date
2026-09-21 00:42:50,751 - INFO - No change - voting_minutes_2020-04-30.pdf is up to date
2026-09-21 00:42:50,752 - INFO - Download process completed.
2026-09-21 00:42:50,752 - INFO - Application finished successfully.
2026-09-21 00:42:50,752 - INFO - Total runtime: 1 minutes 9.99 seconds
2026-10-05 02:51:19,695 - INFO - Starting Licensing Board Scraper Application
2026-10-05 02:51:19,695 - INFO - Initializing Scraper Service...
2026-10-05 02:51:19,695 - INFO - Fetching https://www.boston.gov/departments/licensing-board/licensing-board-information-and-members...
2026-10-05 02:51:21,324 - INFO - Parsing links...
2026-10-05 02:51:21,376 - INFO - Saving 447 video links to /home/runner/work/boston-liquor-license-tracker/boston-liquor-license-tracker/scraper/scrape/data/hearing_video_links.json...
2026-10-05 02:51:21,377 - INFO - Saved data to /home/runner/work/boston-liquor-license-tracker/boston-liquor-license-tracker/scraper/scrape/data/hearing_video_links.json
2026-10-05 02:51:21,377 - INFO - Extracting dates...
2026-10-05 02:51:21,379 - INFO - Saving 156 minutes links...
2026-10-05 02:51:21,379 - INFO - Saved data to /home/runner/work/boston-liquor-license-tracker/boston-liquor-license-tracker/scraper/scrape/data/voting_minutes_links.json
2026-10-05 02:51:21,379 - INFO - Link stats:
2026-10-05 02:51:21,380 - INFO - total_links: 663
2026-10-05 02:51:21,380 - INFO - client_side_links: 16
2026-10-05 02:51:21,380 - INFO - excluded_links: 44
2026-10-05 02:51:21,380 - INFO - video_links: 447
2026-10-05 02:51:21,380 - INFO - minutes_links: 156
2026-10-05 02:51:21,380 - INFO - Stats logged to /home/runner/work/boston-liquor-license-tracker/boston-liquor-license-tracker/scraper/scrape/data/link_stats_log.csv
2026-10-05 02:51:21,380 - INFO - Scraping completed.
2026-10-05 02:51:21,380 - INFO - Initializing Downloader Service with download_dir: ./data/voting_minutes_pdfs
2026-10-05 02:51:21,380 - INFO - Starting download process...
2026-10-05 02:51:21,641 - INFO - No change - voting_minutes_2026-01-08.pdf is up to date
2026-10-05 02:51:21,870 - INFO - No change - voting_minutes_2026-01-29.pdf is up to date
2026-10-05 02:51:22,368 - INFO - No change - voting_minutes_2026-02-12.pdf is up to date
2026-10-05 02:51:22,540 - INFO - No change - voting_minutes_2026-03-05.pdf is up to date
2026-10-05 02:51:22,715 - INFO - No change - voting_minutes_2026-03-26.pdf is up to date
2026-10-05 02:51:22,924 - INFO - No change - voting_minutes_2026-04-09.pdf is up to date
2026-10-05 02:51:23,070 - INFO - No change - voting_minutes_2026-04-30.pdf is up to date
2026-10-05 02:51:23,277 - INFO - No change - voting_minutes_2026-05-07.pdf is up to date
2026-10-05 02:51:23,577 - INFO - No change - voting_minutes_2026-05-21.pdf is up to date
2026-10-05 02:51:23,878 - INFO - No change - voting_minutes_2026-06-04.pdf is up to date
2026-10-05 02:51:24,121 - INFO - No change - voting_minutes_2026-06-25.pdf is up to date
2026-10-05 02:51:24,295 - INFO - No change - voting_minutes_2026-07-16.pdf is up to date
2026-10-05 02:51:24,576 - INFO - No change - voting_minutes_2026-08-06.pdf is up to date
2026-10-05 02:51:24,697 - INFO - No change - voting_minutes_2026-08-18.pdf is up to date
2026-10-05 02:51:24,872 - INFO - No change - voting_minutes_2026-08-27.pdf is up to date
2026-10-05 02:51:25,058 - INFO - No change - voting_minutes_2026-09-03.pdf is up to date
2026-10-05 02:51:25,267 - INFO - Saved voting_minutes_2026-09-24.pdf
2026-10-05 02:51:25,431 - INFO - No change - voting_minutes_2025-01-09.pdf is up to date
2026-10-05 02:51:25,609 - INFO - No change - voting_minutes_2025-01-16.pdf is up to date
2026-10-05 02:51:25,751 - INFO - No change - voting_minutes_2025-01-23.pdf is up to date
2026-10-05 02:51:26,328 - INFO - No change - voting_minutes_2025-02-13.pdf is up to date
2026-10-05 02:51:26,571 - INFO - No change - voting_minutes_2025-02-27.pdf is up to date
2026-10-05 02:51:26,740 - INFO - No change - voting_minutes_2025-03-06.pdf is up to date
2026-10-05 02:51:26,913 - INFO - No change - voting_minutes_2025-03-27.pdf is up to date
2026-10-05 02:51:27,107 - INFO - No change - voting_minutes_2025-04-03.pdf is up to date
2026-10-05 02:51:27,299 - INFO - No change - voting_minutes_2025-04-17.pdf is up to date
2026-10-05 02:51:27,454 - INFO - No change - voting_minutes_2025-05-01.pdf is up to date
2026-10-05 02:51:27,669 - INFO - No change - voting_minutes_2025-05-15.pdf is up to date
2026-10-05 02:51:27,878 - INFO - No change - voting_minutes_2025-05-29.pdf is up to date
2026-10-05 02:51:28,125 - INFO - No change - voting_minutes_2025-06-05.pdf is up to date
2026-10-05 02:51:28,299 - INFO - No change - voting_minutes_2025-06-26.pdf is up to date
2026-10-05 02:51:28,553 - INFO - No change - voting_minutes_2025-07-17.pdf is up to date
2026-10-05 02:51:28,727 - INFO - No change - voting_minutes_2025-07-31.pdf is up to date
2026-10-05 02:51:28,945 - INFO - No change - voting_minutes_2025-08-07.pdf is up to date
2026-10-05 02:51:29,173 - INFO - No change - voting_minutes_2025-08-28.pdf is up to date
2026-10-05 02:51:29,338 - INFO - No change - voting_minutes_2025-09-18.pdf is up to date
2026-10-05 02:51:29,538 - INFO - No change - voting_minutes_2025-10-23.pdf is up to date
2026-10-05 02:51:30,715 - INFO - No change - voting_minutes_yyyy-11-06.pdf is up to date
2026-10-05 02:51:31,880 - INFO - No change - voting_minutes_yyyy-11-20.pdf is up to date
2026-10-05 02:51:32,097 - INFO - No change - voting_minutes_2025-12-04.pdf is up to date
2026-10-05 02:51:32,294 - INFO - No change - voting_minutes_2025-12-18.pdf is up to date
2026-10-05 02:51:32,472 - INFO - No change - voting_minutes_2024-01-04.pdf is up to date
2026-10-05 02:51:32,661 - INFO - No change - voting_minutes_2024-02-01.pdf is up to date
2026-10-05 02:51:32,845 - INFO - No change - voting_minutes_2024-02-08.pdf is up to date
2026-10-05 02:51:33,021 - INFO - No change - voting_minutes_2024-02-29.pdf is up to date
2026-10-05 02:51:33,171 - INFO - No change - voting_minutes_2024-03-07.pdf is up to date
2026-10-05 02:51:33,355 - INFO - No change - voting_minutes_2024-03-28.pdf is up to date
2026-10-05 02:51:33,529 - INFO - No change - voting_minutes_2024-04-04.pdf is up to date
2026-10-05 02:51:33,679 - INFO - No change - voting_minutes_2024-04-25.pdf is up to date
2026-10-05 02:51:33,818 - INFO - No change - voting_minutes_2024-05-01.pdf is up to date
2026-10-05 02:51:33,963 - INFO - No change - voting_minutes_2024-05-23.pdf is up to date
2026-10-05 02:51:34,169 - INFO - No change - voting_minutes_2024-06-06.pdf is up to date
2026-10-05 02:51:34,313 - INFO - No change - voting_minutes_2024-06-26.pdf is up to date
2026-10-05 02:51:34,500 - INFO - No change - voting_minutes_2024-07-11.pdf is up to date
2026-10-05 02:51:34,736 - INFO - No change - voting_minutes_2024-08-01.pdf is up to date
2026-10-05 02:51:34,886 - INFO - No change - voting_minutes_2024-08-08.pdf is up to date
2026-10-05 02:51:35,056 - INFO - No change - voting_minutes_2024-08-22.pdf is up to date
2026-10-05 02:51:35,215 - INFO - No change - voting_minutes_2024-09-12.pdf is up to date
2026-10-05 02:51:35,386 - INFO - No change - voting_minutes_2024-09-26.pdf is up to date
2026-10-05 02:51:35,626 - INFO - No change - voting_minutes_2024-10-17.pdf is up to date
2026-10-05 02:51:35,821 - INFO - No change - voting_minutes_2024-10-31.pdf is up to date
2026-10-05 02:51:36,040 - INFO - No change - voting_minutes_2024-11-14.pdf is up to date
2026-10-05 02:51:36,275 - INFO - No change - voting_minutes_2024-11-21.pdf is up to date
2026-10-05 02:51:36,465 - INFO - No change - voting_minutes_2024-12-12.pdf is up to date
2026-10-05 02:51:36,614 - INFO - No change - voting_minutes_2023-01-05.pdf is up to date
2026-10-05 02:51:36,789 - INFO - No change - voting_minutes_2023-01-25.pdf is up to date
2026-10-05 02:51:36,950 - INFO - No change - voting_minutes_2023-02-02.pdf is up to date
2026-10-05 02:51:37,108 - INFO - No change - voting_minutes_2023-02-16.pdf is up to date
2026-10-05 02:51:37,322 - INFO - No change - voting_minutes_2023-03-08.pdf is up to date
2026-10-05 02:51:37,508 - INFO - No change - voting_minutes_2023-03-30.pdf is up to date
2026-10-05 02:51:37,673 - INFO - No change - voting_minutes_2023-04-06.pdf is up to date
2026-10-05 02:51:37,839 - INFO - No change - voting_minutes_2023-04-27.pdf is up to date
2026-10-05 02:51:38,020 - INFO - No change - voting_minutes_2023-05-04.pdf is up to date
2026-10-05 02:51:38,166 - INFO - No change - voting_minutes_2023-05-25.pdf is up to date
2026-10-05 02:51:38,347 - INFO - No change - voting_minutes_2023-06-08.pdf is up to date
2026-10-05 02:51:38,593 - INFO - No change - voting_minutes_2023-06-29.pdf is up to date
2026-10-05 02:51:38,778 - INFO - No change - voting_minutes_2023-07-20.pdf is up to date
2026-10-05 02:51:38,915 - INFO - No change - voting_minutes_2023-08-17.pdf is up to date
2026-10-05 02:51:39,075 - INFO - No change - voting_minutes_2023-09-14.pdf is up to date
2026-10-05 02:51:39,391 - INFO - No change - voting_minutes_2023-09-28.pdf is up to date
2026-10-05 02:51:39,547 - INFO - No change - voting_minutes_2023-10-04.pdf is up to date
2026-10-05 02:51:39,707 - INFO - No change - voting_minutes_2023-10-26.pdf is up to date
2026-10-05 02:51:39,860 - INFO - No change - voting_minutes_2023-11-02.pdf is up to date
2026-10-05 02:51:40,039 - INFO - No change - voting_minutes_2023-11-16.pdf is up to date
2026-10-05 02:51:40,196 - INFO - No change - voting_minutes_2023-12-14.pdf is up to date
2026-10-05 02:51:40,408 - INFO - No change - voting_minutes_2022-01-06.pdf is up to date
2026-10-05 02:51:40,584 - INFO - No change - voting_minutes_2022-01-20.pdf is up to date
2026-10-05 02:51:40,711 - INFO - No change - voting_minutes_2022-01-27.pdf is up to date
2026-10-05 02:51:40,903 - INFO - No change - voting_minutes_2022-02-03.pdf is up to date
2026-10-05 02:51:41,037 - INFO - No change - voting_minutes_2022-02-17.pdf is up to date
2026-10-05 02:51:41,193 - INFO - No change - voting_minutes_2022-03-03.pdf is up to date
2026-10-05 02:51:41,342 - INFO - No change - voting_minutes_2022-03-24.pdf is up to date
2026-10-05 02:51:41,491 - INFO - No change - voting_minutes_2022-04-07.pdf is up to date
2026-10-05 02:51:41,706 - INFO - No change - voting_minutes_2022-04-28.pdf is up to date
2026-10-05 02:51:41,853 - INFO - No change - voting_minutes_2022-05-05.pdf is up to date
2026-10-05 02:51:42,052 - INFO - No change - voting_minutes_2022-05-26.pdf is up to date
2026-10-05 02:51:42,231 - INFO - No change - voting_minutes_2022-06-08.pdf is up to date
2026-10-05 02:51:42,376 - INFO - No change - voting_minutes_2022-06-30.pdf is up to date
2026-10-05 02:51:42,544 - INFO - No change - voting_minutes_2022-07-14.pdf is up to date
2026-10-05 02:51:42,690 - INFO - No change - voting_minutes_2022-07-28.pdf is up to date
2026-10-05 02:51:42,856 - INFO - No change - voting_minutes_2022-08-04.pdf is up to date
2026-10-05 02:51:43,047 - INFO - No change - voting_minutes_2022-08-25.pdf is up to date
2026-10-05 02:51:43,217 - INFO - No change - voting_minutes_2022-09-15.pdf is up to date
2026-10-05 02:51:43,377 - INFO - No change - voting_minutes_2022-09-29.pdf is up to date
2026-10-05 02:51:43,539 - INFO - No change - voting_minutes_2022-10-06.pdf is up to date
2026-10-05 02:51:43,724 - INFO - No change - voting_minutes_2022-10-26.pdf is up to date
2026-10-05 02:51:43,904 - INFO - No change - voting_minutes_2022-11-03.pdf is up to date
2026-10-05 02:51:44,052 - INFO - No change - voting_minutes_2022-11-17.pdf is up to date
2026-10-05 02:51:44,337 - INFO - No change - voting_minutes_2022-12-15.pdf is up to date
2026-10-05 02:51:44,512 - INFO - No change - voting_minutes_2021-01-21.pdf is up to date
2026-10-05 02:51:44,683 - INFO - No change - voting_minutes_2021-01-28.pdf is up to date
2026-10-05 02:51:44,872 - INFO - No change - voting_minutes_2021-02-04.pdf is up to date
2026-10-05 02:51:45,024 - INFO - No change - voting_minutes_2021-02-25.pdf is up to date
2026-10-05 02:51:45,182 - INFO - No change - voting_minutes_2021-03-04.pdf is up to date
2026-10-05 02:51:45,329 - INFO - No change - voting_minutes_2021-04-01.pdf is up to date
2026-10-05 02:51:45,492 - INFO - No change - voting_minutes_yyyy-mm-dd.pdf is up to date
2026-10-05 02:51:45,664 - INFO - No change - voting_minutes_2021-04-08.pdf is up to date
2026-10-05 02:51:45,856 - INFO - No change - voting_minutes_yyyy-mm-dd.pdf is up to date
2026-10-05 02:51:46,074 - INFO - No change - voting_minutes_2021-04-20.pdf is up to date
2026-10-05 02:51:46,256 - INFO - No change - voting_minutes_2021-04-29.pdf is up to date
2026-10-05 02:51:46,578 - INFO - No change - voting_minutes_2021-05-06.pdf is up to date
2026-10-05 02:51:46,710 - INFO - No change - voting_minutes_2021-05-27.pdf is up to date
2026-10-05 02:51:46,877 - INFO - No change - voting_minutes_2021-06-03.pdf is up to date
2026-10-05 02:51:47,072 - INFO - No change - voting_minutes_2021-06-24.pdf is up to date
2026-10-05 02:51:47,242 - INFO - No change - voting_minutes_2021-07-01.pdf is up to date
2026-10-05 02:51:47,405 - INFO - No change - voting_minutes_2021-07-29.pdf is up to date
2026-10-05 02:51:47,529 - INFO - No change - voting_minutes_2021-08-09.pdf is up to date
2026-10-05 02:51:48,233 - INFO - No change - voting_minutes_2021-08-26.pdf is up to date
2026-10-05 02:51:48,409 - INFO - No change - voting_minutes_2021-09-02.pdf is up to date
2026-10-05 02:51:48,611 - INFO - No change - voting_minutes_2021-09-30.pdf is up to date
2026-10-05 02:51:48,757 - INFO - No change - voting_minutes_2021-10-07.pdf is up to date
2026-10-05 02:51:48,931 - INFO - No change - voting_minutes_2021-10-28.pdf is up to date
2026-10-05 02:51:49,160 - INFO - No change - voting_minutes_2021-11-04.pdf is up to date
2026-10-05 02:51:49,303 - INFO - No change - voting_minutes_2021-11-18.pdf is up to date
2026-10-05 02:51:49,455 - INFO - No change - voting_minutes_2021-12-02.pdf is up to date
2026-10-05 02:51:49,643 - INFO - No change - voting_minutes_2021-12-16.pdf is up to date
2026-10-05 02:51:49,808 - INFO - No change - voting_minutes_2020-12-23.pdf is up to date
2026-10-05 02:51:49,977 - INFO - No change - voting_minutes_2020-12-03.pdf is up to date
2026-10-05 02:51:50,144 - INFO - No change - voting_minutes_2020-11-05.pdf is up to date
2026-10-05 02:51:50,296 - INFO - No change - voting_minutes_2020-10-29.pdf is up to date
2026-10-05 02:51:50,488 - INFO - No change - voting_minutes_2020-10-08.pdf is up to date
2026-10-05 02:51:50,660 - INFO - No change - voting_minutes_2020-10-01.pdf is up to date
2026-10-05 02:51:50,835 - INFO - No change - voting_minutes_2020-09-17.pdf is up to date
2026-10-05 02:51:50,984 - INFO - No change - voting_minutes_2020-09-10.pdf is up to date
2026-10-05 02:51:51,137 - INFO - No change - voting_minutes_2020-09-10.pdf is up to date
2026-10-05 02:51:51,339 - INFO - No change - voting_minutes_2020-08-20.pdf is up to date
2026-10-05 02:51:51,468 - INFO - No change - voting_minutes_2020-08-13.pdf is up to date
2026-10-05 02:51:51,633 - INFO - No change - voting_minutes_2020-07-30.pdf is up to date
2026-10-05 02:51:51,782 - INFO - No change - voting_minutes_2020-07-16.pdf is up to date
2026-10-05 02:51:51,932 - INFO - No change - voting_minutes_2020-06-04.pdf is up to date
2026-10-05 02:51:52,124 - INFO - No change - voting_minutes_2020-05-28.pdf is up to date
2026-10-05 02:51:52,311 - INFO - No change - voting_minutes_2020-05-21.pdf is up to date
2026-10-05 02:51:52,501 - INFO - No change - voting_minutes_2020-05-14.pdf is up to date
2026-10-05 02:51:52,742 - INFO - No change - voting_minutes_2020-05-07.pdf is up to date
2026-10-05 02:51:52,903 - INFO - No change - voting_minutes_2020-04-23.pdf is up to date
2026-10-05 02:51:53,105 - INFO - No change - voting_minutes_2020-04-30.pdf is up to date
2026-10-05 02:51:53,107 - INFO - Download process completed.
2026-10-05 02:51:53,107 - INFO - Application finished successfully.
2026-10-05 02:51:53,107 - INFO - Total runtime: 0 minutes 33.41 seconds
